OTU0	k__Fungi;p__Ascomycota;c__Sordariomycetes;o__Hypocreales;f__Sarocladiaceae;g__Sarocladium;s__kiliense
OTU1	k__Fungi;p__Basidiomycota;c__Malasseziomycetes;o__Malasseziales;f__Malasseziaceae;g__Malassezia;s__restricta
OTU2	k__Fungi;p__Ascomycota;c__Saccharomycetes;o__Saccharomycetales;f__Saccharomycetales_fam_Incertae_sedis;g__Candida;s__albicans
OTU3	k__Fungi;p__Ascomycota;c__Eurotiomycetes;o__Eurotiales;f__Thermoascaceae;g__Paecilomyces;s__dactylethromorphus
OTU4	k__Fungi;p__Basidiomycota;c__Malasseziomycetes;o__Malasseziales;f__Malasseziaceae;g__Malassezia;s__restricta
OTU5	k__Fungi;p__Ascomycota;c__Saccharomycetes;o__Saccharomycetales;f__Saccharomycetales_fam_Incertae_sedis;g__Candida;s__parapsilosis
OTU6	k__Fungi;p__Basidiomycota;c__Malasseziomycetes;o__Malasseziales;f__Malasseziaceae;g__Malassezia;s__restricta
OTU7	k__Fungi;p__Ascomycota;c__Dothideomycetes;o__Cladosporiales;f__Cladosporiaceae;g__Cladosporium;s__sphaerospermum
OTU8	k__Fungi;p__Basidiomycota;c__Malasseziomycetes;o__Malasseziales;f__Malasseziaceae;g__Malassezia;s__arunalokei
OTU9	k__Fungi;p__Ascomycota;c__Dothideomycetes;o__Cladosporiales;f__Cladosporiaceae;g__Cladosporium;s__cladosporioides
OTU10	k__Fungi;p__;c__;o__;f__;g__;s__
OTU11	k__Fungi;p__Basidiomycota;c__Malasseziomycetes;o__Malasseziales;f__Malasseziaceae;g__Malassezia;s__restricta
OTU12	k__Fungi;p__Ascomycota;c__Sordariomycetes;o__Hypocreales;f__Nectriaceae;g__Fusarium;s__incarnatum
OTU13	k__Fungi;p__Ascomycota;c__Dothideomycetes;o__Pleosporales;f__Pleosporaceae;g__Alternaria;s__brassicae
OTU14	k__Fungi;p__Ascomycota;c__Dothideomycetes;o__Cladosporiales;f__Cladosporiaceae;g__Cladosporium;s__herbarum
OTU15	k__Fungi;p__;c__;o__;f__;g__;s__
OTU16	k__Fungi;p__Basidiomycota;c__Malasseziomycetes;o__Malasseziales;f__Malasseziaceae;g__Malassezia;s__arunalokei
OTU17	k__Fungi;p__Ascomycota;c__;o__;f__;g__;s__
OTU18	k__Fungi;p__Ascomycota;c__Lecanoromycetes;o__Pertusariales;f__Pertusariaceae;g__Pertusaria;s__obruta
OTU19	k__Fungi;p__;c__;o__;f__;g__;s__
OTU20	k__Fungi;p__Ascomycota;c__Dothideomycetes;o__Pleosporales;f__Didymellaceae;g__;s__
OTU21	k__Fungi;p__Ascomycota;c__Lecanoromycetes;o__Pertusariales;f__Pertusariaceae;g__Pertusaria;s__obruta
OTU22	k__Fungi;p__Ascomycota;c__Lecanoromycetes;o__Pertusariales;f__Pertusariaceae;g__Pertusaria;s__obruta
OTU23	k__Fungi;p__Ascomycota;c__Eurotiomycetes;o__Eurotiales;f__Aspergillaceae;g__Aspergillus;s__aculeatus
OTU24	k__Fungi;p__Ascomycota;c__Eurotiomycetes;o__Eurotiales;f__Aspergillaceae;g__Aspergillus;s__ruber
OTU25	k__Fungi;p__Ascomycota;c__Saccharomycetes;o__Saccharomycetales;f__Saccharomycetales_fam_Incertae_sedis;g__Candida;s__
OTU26	k__Fungi;p__Ascomycota;c__Sordariomycetes;o__Hypocreales;f__Nectriaceae;g__Fusarium;s__incarnatum
OTU27	k__Fungi;p__Basidiomycota;c__Malasseziomycetes;o__Malasseziales;f__Malasseziaceae;g__Malassezia;s__globosa
OTU28	k__Fungi;p__Ascomycota;c__Lecanoromycetes;o__Pertusariales;f__Pertusariaceae;g__Pertusaria;s__obruta
OTU29	k__Fungi;p__Ascomycota;c__Saccharomycetes;o__Saccharomycetales;f__Saccharomycetales_fam_Incertae_sedis;g__Yarrowia;s__lipolytica
OTU30	k__Fungi;p__Ascomycota;c__Sordariomycetes;o__Amphisphaeriales;f__Apiosporaceae;g__Nigrospora;s__oryzae
OTU31	k__Fungi;p__;c__;o__;f__;g__;s__
OTU32	k__Fungi;p__Basidiomycota;c__Malasseziomycetes;o__Malasseziales;f__Malasseziaceae;g__Malassezia;s__
OTU33	k__Fungi;p__;c__;o__;f__;g__;s__
OTU34	k__Fungi;p__Ascomycota;c__Taphrinomycetes;o__Taphrinales;f__Protomycetaceae;g__Saitoella;s__complicata
OTU35	k__Fungi;p__Ascomycota;c__Dothideomycetes;o__Pleosporales;f__Didymellaceae;g__Epicoccum;s__nigrum
OTU36	k__Fungi;p__Basidiomycota;c__Microbotryomycetes;o__Sporidiobolales;f__Sporidiobolaceae;g__Rhodosporidiobolus;s__platycladi
OTU37	k__Fungi;p__Ascomycota;c__Lecanoromycetes;o__Pertusariales;f__Pertusariaceae;g__Pertusaria;s__obruta
OTU38	k__Fungi;p__Ascomycota;c__Lecanoromycetes;o__Pertusariales;f__Pertusariaceae;g__Pertusaria;s__obruta
OTU39	k__Fungi;p__Ascomycota;c__Eurotiomycetes;o__Eurotiales;f__Aspergillaceae;g__Penicillium;s__adametzioides
OTU40	k__Fungi;p__Basidiomycota;c__Tremellomycetes;o__Tremellales;f__Rhynchogastremaceae;g__Papiliotrema;s__fusca
OTU41	k__Fungi;p__;c__;o__;f__;g__;s__
OTU42	k__Fungi;p__Ascomycota;c__Eurotiomycetes;o__Eurotiales;f__Aspergillaceae;g__Aspergillus;s__infrequens
OTU43	k__Fungi;p__Ascomycota;c__Eurotiomycetes;o__Eurotiales;f__Aspergillaceae;g__Aspergillus;s__ruber
OTU44	k__Fungi;p__Basidiomycota;c__Malasseziomycetes;o__Malasseziales;f__Malasseziaceae;g__Malassezia;s__
OTU45	k__Fungi;p__Ascomycota;c__Sordariomycetes;o__Hypocreales;f__Nectriaceae;g__Fusarium;s__mangiferae
OTU46	k__Fungi;p__Basidiomycota;c__Malasseziomycetes;o__Malasseziales;f__Malasseziaceae;g__Malassezia;s__restricta
OTU47	k__Fungi;p__Ascomycota;c__Eurotiomycetes;o__Eurotiales;f__Aspergillaceae;g__Penicillium;s__
OTU48	k__Fungi;p__Basidiomycota;c__Tremellomycetes;o__Tremellales;f__Cryptococcaceae;g__Cryptococcus;s__pseudolongus
OTU49	k__Fungi;p__Basidiomycota;c__Agaricomycetes;o__Polyporales;f__Ischnodermataceae;g__Ischnoderma;s__
OTU50	k__Fungi;p__Basidiomycota;c__Malasseziomycetes;o__Malasseziales;f__Malasseziaceae;g__Malassezia;s__restricta
OTU51	k__Fungi;p__Basidiomycota;c__Tremellomycetes;o__Tremellales;f__Bulleribasidiaceae;g__Hannaella;s__
OTU52	k__Fungi;p__;c__;o__;f__;g__;s__
OTU53	k__Fungi;p__Ascomycota;c__Saccharomycetes;o__Saccharomycetales;f__Phaffomycetaceae;g__Cyberlindnera;s__jadinii
OTU54	k__Fungi;p__;c__;o__;f__;g__;s__
OTU55	k__Fungi;p__Basidiomycota;c__Malasseziomycetes;o__Malasseziales;f__Malasseziaceae;g__Malassezia;s__globosa
OTU56	k__Fungi;p__Basidiomycota;c__Malasseziomycetes;o__Malasseziales;f__Malasseziaceae;g__Malassezia;s__restricta
OTU57	k__Fungi;p__;c__;o__;f__;g__;s__
OTU58	k__Fungi;p__Ascomycota;c__Eurotiomycetes;o__Eurotiales;f__Aspergillaceae;g__Aspergillus;s__flavus
OTU59	k__Fungi;p__;c__;o__;f__;g__;s__
OTU60	k__Fungi;p__Ascomycota;c__Eurotiomycetes;o__Eurotiales;f__Aspergillaceae;g__Aspergillus;s__glabripes
OTU61	k__Fungi;p__Basidiomycota;c__Malasseziomycetes;o__Malasseziales;f__Malasseziaceae;g__Malassezia;s__arunalokei
OTU62	k__Fungi;p__Ascomycota;c__;o__;f__;g__;s__
OTU63	k__Fungi;p__;c__;o__;f__;g__;s__
OTU64	k__Fungi;p__Ascomycota;c__Lecanoromycetes;o__;f__;g__;s__
OTU65	k__Fungi;p__Basidiomycota;c__Agaricomycetes;o__Amylocorticiales;f__Amylocorticiaceae;g__Plicaturopsis;s__crispa
OTU66	k__Fungi;p__Ascomycota;c__Sordariomycetes;o__Microascales;f__Microascaceae;g__Pithoascus;s__
OTU67	k__Fungi;p__Ascomycota;c__Sordariomycetes;o__Glomerellales;f__Glomerellaceae;g__Colletotrichum;s__aciculare
OTU68	k__Fungi;p__Ascomycota;c__Lecanoromycetes;o__Graphidales;f__Gomphillaceae;g__Gomphillus;s__calycioides
OTU69	k__Fungi;p__Basidiomycota;c__Tremellomycetes;o__Filobasidiales;f__Filobasidiaceae;g__Naganishia;s__diffluens
OTU70	k__Fungi;p__Basidiomycota;c__Malasseziomycetes;o__Malasseziales;f__Malasseziaceae;g__Malassezia;s__sympodialis
OTU71	k__Fungi;p__Basidiomycota;c__Agaricomycetes;o__Trechisporales;f__Hydnodontaceae;g__Sistotremastrum;s__guttuliferum
OTU72	k__Fungi;p__Basidiomycota;c__Agaricomycetes;o__Polyporales;f__Irpicaceae;g__Irpex;s__lacteus
OTU73	k__Fungi;p__;c__;o__;f__;g__;s__
OTU74	k__Fungi;p__Ascomycota;c__Saccharomycetes;o__Saccharomycetales;f__Saccharomycetales_fam_Incertae_sedis;g__Candida;s__albicans
OTU75	k__Fungi;p__Basidiomycota;c__Agaricomycetes;o__Polyporales;f__Meruliaceae;g__Phlebia;s__acerina
OTU76	k__Fungi;p__Ascomycota;c__Sordariomycetes;o__Glomerellales;f__Plectosphaerellaceae;g__Gibellulopsis;s__piscis
OTU77	k__Fungi;p__Basidiomycota;c__Malasseziomycetes;o__Malasseziales;f__Malasseziaceae;g__Malassezia;s__
OTU78	k__Fungi;p__Ascomycota;c__Sordariomycetes;o__Hypocreales;f__Nectriaceae;g__Fusarium;s__mangiferae
OTU79	k__Fungi;p__Ascomycota;c__Lecanoromycetes;o__Pertusariales;f__Pertusariaceae;g__Pertusaria;s__obruta
OTU80	k__Fungi;p__Basidiomycota;c__Malasseziomycetes;o__Malasseziales;f__Malasseziaceae;g__Malassezia;s__globosa
OTU81	k__Fungi;p__Basidiomycota;c__Malasseziomycetes;o__Malasseziales;f__Malasseziaceae;g__Malassezia;s__sympodialis
OTU82	k__Fungi;p__Ascomycota;c__Dothideomycetes;o__Cladosporiales;f__Cladosporiaceae;g__Cladosporium;s__
OTU83	k__Fungi;p__Ascomycota;c__Ascomycota_cls_Incertae_sedis;o__Ascomycota_ord_Incertae_sedis;f__Ascomycota_fam_Incertae_sedis;g__Pseudomicrodochium;s__suttonii
OTU84	k__Fungi;p__Ascomycota;c__;o__;f__;g__;s__
OTU85	k__Fungi;p__Ascomycota;c__Dothideomycetes;o__Cladosporiales;f__Cladosporiaceae;g__Cladosporium;s__sphaerospermum
OTU86	k__Fungi;p__Ascomycota;c__Lecanoromycetes;o__;f__;g__;s__
OTU87	k__Fungi;p__Basidiomycota;c__Agaricomycetes;o__Agaricales;f__Psathyrellaceae;g__Coprinellus;s__micaceus
OTU88	k__Fungi;p__;c__;o__;f__;g__;s__
OTU89	k__Fungi;p__;c__;o__;f__;g__;s__
OTU90	k__Fungi;p__Ascomycota;c__Sordariomycetes;o__Glomerellales;f__Plectosphaerellaceae;g__Gibellulopsis;s__piscis
OTU91	k__Fungi;p__Ascomycota;c__Eurotiomycetes;o__Chaetothyriales;f__Herpotrichiellaceae;g__Exophiala;s__salmonis
OTU92	k__Fungi;p__;c__;o__;f__;g__;s__
OTU93	k__Fungi;p__Basidiomycota;c__Tremellomycetes;o__Tremellales;f__Cryptococcaceae;g__Cryptococcus;s__neoformans
OTU94	k__Fungi;p__Ascomycota;c__Laboulbeniomycetes;o__Pyxidiophorales;f__Pyxidiophoraceae;g__Pyxidiophora;s__arvernensis
OTU95	k__Fungi;p__Ascomycota;c__Eurotiomycetes;o__Eurotiales;f__Thermoascaceae;g__Paecilomyces;s__variotii
OTU96	k__Fungi;p__;c__;o__;f__;g__;s__
OTU97	k__Fungi;p__Ascomycota;c__Dothideomycetes;o__Pleosporales;f__Periconiaceae;g__Periconia;s__
OTU98	k__Fungi;p__Ascomycota;c__Sordariomycetes;o__Hypocreales;f__Sarocladiaceae;g__Sarocladium;s__implicatum
OTU99	k__Fungi;p__;c__;o__;f__;g__;s__
OTU100	k__Fungi;p__Chytridiomycota;c__Chytridiomycota_cls_Incertae_sedis;o__Chytridiomycota_ord_Incertae_sedis;f__Chytridiomycota_fam_Incertae_sedis;g__Chytridiomycota_gen_Incertae_sedis;s__
OTU101	k__Fungi;p__Basidiomycota;c__Exobasidiomycetes;o__Microstromatales;f__Microstromatales_fam_Incertae_sedis;g__Pseudomicrostroma;s__phylloplanum
OTU102	k__Fungi;p__Basidiomycota;c__Malasseziomycetes;o__Malasseziales;f__Malasseziaceae;g__Malassezia;s__restricta
OTU103	k__Fungi;p__Ascomycota;c__Sordariomycetes;o__Hypocreales;f__Bionectriaceae;g__Acremonium;s__alternatum
OTU104	k__Fungi;p__Basidiomycota;c__Agaricomycetes;o__Agaricales;f__Lycoperdaceae;g__Lycoperdon;s__pratense
OTU105	k__Fungi;p__Basidiomycota;c__Agaricomycetes;o__Polyporales;f__Irpicaceae;g__Irpex;s__lacteus
OTU106	k__Fungi;p__Ascomycota;c__Sordariomycetes;o__Glomerellales;f__Glomerellaceae;g__Colletotrichum;s__cliviicola
OTU107	k__Fungi;p__Basidiomycota;c__Malasseziomycetes;o__Malasseziales;f__Malasseziaceae;g__Malassezia;s__globosa
OTU108	k__Fungi;p__Ascomycota;c__Leotiomycetes;o__Helotiales;f__Helotiaceae;g__Helotium;s__uvidulum
OTU109	k__Fungi;p__Ascomycota;c__;o__;f__;g__;s__
OTU110	k__Fungi;p__Basidiomycota;c__Cystobasidiomycetes;o__Cystobasidiomycetes_ord_Incertae_sedis;f__Symmetrosporaceae;g__Symmetrospora;s__foliicola
OTU111	k__Fungi;p__;c__;o__;f__;g__;s__
OTU112	k__Fungi;p__;c__;o__;f__;g__;s__
OTU113	k__Fungi;p__Basidiomycota;c__Malasseziomycetes;o__Malasseziales;f__Malasseziaceae;g__Malassezia;s__arunalokei
OTU114	k__Fungi;p__Basidiomycota;c__Agaricomycetes;o__Cantharellales;f__Hydnaceae;g__Sistotrema;s__sernanderi
OTU115	k__Fungi;p__Basidiomycota;c__Malasseziomycetes;o__Malasseziales;f__Malasseziaceae;g__Malassezia;s__arunalokei
OTU116	k__Fungi;p__Ascomycota;c__Eurotiomycetes;o__Eurotiales;f__Aspergillaceae;g__Penicillium;s__expansum
OTU117	k__Fungi;p__Basidiomycota;c__Agaricomycetes;o__Russulales;f__Peniophoraceae;g__Peniophora;s__cinerea
OTU118	k__Fungi;p__Basidiomycota;c__Malasseziomycetes;o__Malasseziales;f__Malasseziaceae;g__Malassezia;s__
OTU119	k__Fungi;p__Basidiomycota;c__Agaricomycetes;o__Hymenochaetales;f__Schizoporaceae;g__Xylodon;s__raduloides
OTU120	k__Fungi;p__Basidiomycota;c__Agaricomycetes;o__Cantharellales;f__Hydnaceae;g__Sistotrema;s__porulosum
OTU121	k__Fungi;p__Basidiomycota;c__Malasseziomycetes;o__Malasseziales;f__Malasseziaceae;g__Malassezia;s__restricta
OTU122	k__Fungi;p__Ascomycota;c__Sordariomycetes;o__Hypocreales;f__Hypocreaceae;g__Trichoderma;s__atroviride
OTU123	k__Fungi;p__Ascomycota;c__Lecanoromycetes;o__;f__;g__;s__
OTU124	k__Fungi;p__Ascomycota;c__Dothideomycetes;o__Botryosphaeriales;f__Botryosphaeriaceae;g__Lasiodiplodia;s__
OTU125	k__Fungi;p__Basidiomycota;c__Malasseziomycetes;o__Malasseziales;f__Malasseziaceae;g__Malassezia;s__globosa
OTU126	k__Fungi;p__Ascomycota;c__Sordariomycetes;o__Glomerellales;f__Glomerellaceae;g__Colletotrichum;s__siamense
OTU127	k__Fungi;p__;c__;o__;f__;g__;s__
OTU128	k__Fungi;p__Ascomycota;c__Leotiomycetes;o__Helotiales;f__Sclerotiniaceae;g__;s__
OTU129	k__Fungi;p__Ascomycota;c__Eurotiomycetes;o__Eurotiales;f__Aspergillaceae;g__Aspergillus;s__sydowii
OTU130	k__Fungi;p__Basidiomycota;c__Agaricomycetes;o__Hymenochaetales;f__Schizoporaceae;g__Hyphodontia;s__subefibulata
OTU131	k__Fungi;p__;c__;o__;f__;g__;s__
OTU132	k__Fungi;p__;c__;o__;f__;g__;s__
OTU133	k__Fungi;p__;c__;o__;f__;g__;s__
OTU134	k__Fungi;p__Ascomycota;c__Lecanoromycetes;o__;f__;g__;s__
OTU135	k__Fungi;p__Ascomycota;c__;o__;f__;g__;s__
OTU136	k__Fungi;p__Ascomycota;c__Saccharomycetes;o__Saccharomycetales;f__Saccharomycetales_fam_Incertae_sedis;g__Candida;s__orthopsilosis
OTU137	k__Fungi;p__;c__;o__;f__;g__;s__
OTU138	k__Fungi;p__Ascomycota;c__Eurotiomycetes;o__Eurotiales;f__Aspergillaceae;g__Penicillium;s__coffeae
OTU139	k__Fungi;p__Basidiomycota;c__Agaricomycetes;o__Polyporales;f__Phanerochaetaceae;g__Bjerkandera;s__adusta
OTU140	k__Fungi;p__Ascomycota;c__Dothideomycetes;o__Mycosphaerellales;f__Mycosphaerellaceae;g__Cercospora;s__jatrophiphila
OTU141	k__Fungi;p__Basidiomycota;c__Malasseziomycetes;o__Malasseziales;f__Malasseziaceae;g__Malassezia;s__globosa
OTU142	k__Fungi;p__;c__;o__;f__;g__;s__
OTU143	k__Fungi;p__;c__;o__;f__;g__;s__
OTU144	k__Fungi;p__;c__;o__;f__;g__;s__
OTU145	k__Fungi;p__Ascomycota;c__Dothideomycetes;o__Cladosporiales;f__Cladosporiaceae;g__Cladosporium;s__cladosporioides
OTU146	k__Fungi;p__Chytridiomycota;c__;o__;f__;g__;s__
OTU147	k__Fungi;p__Ascomycota;c__;o__;f__;g__;s__
OTU148	k__Fungi;p__;c__;o__;f__;g__;s__
OTU149	k__Fungi;p__;c__;o__;f__;g__;s__
OTU150	k__Fungi;p__;c__;o__;f__;g__;s__
OTU151	k__Fungi;p__Ascomycota;c__Saccharomycetes;o__Saccharomycetales;f__Saccharomycetaceae;g__Kluyveromyces;s__marxianus
OTU152	k__Fungi;p__Ascomycota;c__;o__;f__;g__;s__
OTU153	k__Fungi;p__Ascomycota;c__;o__;f__;g__;s__
OTU154	k__Fungi;p__Basidiomycota;c__Agaricomycetes;o__Agaricales;f__Cyphellaceae;g__;s__
OTU155	k__Fungi;p__Ascomycota;c__Sordariomycetes;o__Hypocreales;f__Nectriaceae;g__Fusarium;s__
OTU156	k__Fungi;p__Ascomycota;c__Eurotiomycetes;o__Eurotiales;f__Thermoascaceae;g__Paecilomyces;s__dactylethromorphus
OTU157	k__Fungi;p__Ascomycota;c__Eurotiomycetes;o__Eurotiales;f__Trichocomaceae;g__Talaromyces;s__rugulosus
OTU158	k__Fungi;p__Ascomycota;c__Sordariomycetes;o__Hypocreales;f__Nectriaceae;g__Fusarium;s__incarnatum
OTU159	k__Fungi;p__Ascomycota;c__Saccharomycetes;o__Saccharomycetales;f__Saccharomycetales_fam_Incertae_sedis;g__Candida;s__
OTU160	k__Fungi;p__Ascomycota;c__Sordariomycetes;o__Hypocreales;f__Nectriaceae;g__Fusarium;s__mangiferae
OTU161	k__Fungi;p__Ascomycota;c__;o__;f__;g__;s__
OTU162	k__Fungi;p__Ascomycota;c__Eurotiomycetes;o__Eurotiales;f__Aspergillaceae;g__Aspergillus;s__unguis
OTU163	k__Fungi;p__Ascomycota;c__Eurotiomycetes;o__Eurotiales;f__Aspergillaceae;g__Aspergillus;s__flavus
OTU164	k__Fungi;p__Ascomycota;c__Eurotiomycetes;o__Eurotiales;f__Aspergillaceae;g__Aspergillus;s__piperis
OTU165	k__Fungi;p__Ascomycota;c__Dothideomycetes;o__Cladosporiales;f__Cladosporiaceae;g__Cladosporium;s__sphaerospermum
OTU166	k__Fungi;p__;c__;o__;f__;g__;s__
OTU167	k__Fungi;p__;c__;o__;f__;g__;s__
OTU168	k__Fungi;p__Basidiomycota;c__Agaricomycetes;o__Agaricales;f__Lyophyllaceae;g__Hypsizygus;s__
OTU169	k__Fungi;p__Ascomycota;c__;o__;f__;g__;s__
OTU170	k__Fungi;p__Ascomycota;c__Dothideomycetes;o__Pleosporales;f__Phaeosphaeriaceae;g__;s__
OTU171	k__Fungi;p__Ascomycota;c__Saccharomycetes;o__Saccharomycetales;f__Saccharomycetaceae;g__Oligophagozyma;s__castellii
OTU172	k__Fungi;p__;c__;o__;f__;g__;s__
OTU173	k__Fungi;p__;c__;o__;f__;g__;s__
OTU174	k__Fungi;p__;c__;o__;f__;g__;s__
OTU175	k__Fungi;p__;c__;o__;f__;g__;s__
OTU176	k__Fungi;p__Ascomycota;c__Eurotiomycetes;o__Eurotiales;f__Aspergillaceae;g__Aspergillus;s__reticulatus
OTU177	k__Fungi;p__Ascomycota;c__Lecanoromycetes;o__;f__;g__;s__
OTU178	k__Fungi;p__Ascomycota;c__Lecanoromycetes;o__;f__;g__;s__
OTU179	k__Fungi;p__Ascomycota;c__;o__;f__;g__;s__
OTU180	k__Fungi;p__Basidiomycota;c__Malasseziomycetes;o__Malasseziales;f__Malasseziaceae;g__Malassezia;s__restricta
OTU181	k__Fungi;p__;c__;o__;f__;g__;s__
OTU182	k__Fungi;p__Basidiomycota;c__Agaricomycetes;o__Agaricales;f__Omphalotaceae;g__Rhodocollybia;s__prolixa
OTU183	k__Fungi;p__Ascomycota;c__;o__;f__;g__;s__
OTU184	k__Fungi;p__Ascomycota;c__Eurotiomycetes;o__Eurotiales;f__Aspergillaceae;g__Aspergillus;s__clavatophorus
OTU185	k__Fungi;p__Ascomycota;c__Sordariomycetes;o__Microascales;f__Microascales_fam_Incertae_sedis;g__Cornuvesica;s__acuminata
OTU186	k__Fungi;p__;c__;o__;f__;g__;s__
OTU187	k__Fungi;p__Ascomycota;c__Leotiomycetes;o__Thelebolales;f__Pseudeurotiaceae;g__Pseudeurotiaceae_gen_Incertae_sedis;s__
OTU188	k__Fungi;p__Basidiomycota;c__Tremellomycetes;o__Filobasidiales;f__Filobasidiaceae;g__Filobasidium;s__chernovii
OTU189	k__Fungi;p__Basidiomycota;c__Malasseziomycetes;o__Malasseziales;f__Malasseziaceae;g__Malassezia;s__
OTU190	k__Fungi;p__;c__;o__;f__;g__;s__
OTU191	k__Fungi;p__;c__;o__;f__;g__;s__
OTU192	k__Fungi;p__;c__;o__;f__;g__;s__
OTU193	k__Fungi;p__Ascomycota;c__Eurotiomycetes;o__Eurotiales;f__Aspergillaceae;g__Aspergillus;s__sydowii
OTU194	k__Fungi;p__Basidiomycota;c__Agaricomycetes;o__Agaricales;f__Schizophyllaceae;g__Schizophyllum;s__commune
OTU195	k__Fungi;p__Ascomycota;c__Lecanoromycetes;o__;f__;g__;s__
OTU196	k__Fungi;p__Ascomycota;c__Dothideomycetes;o__Pleosporales;f__Didymosphaeriaceae;g__Neptunomyces;s__
OTU197	k__Fungi;p__Ascomycota;c__Eurotiomycetes;o__Eurotiales;f__Aspergillaceae;g__Penicillium;s__
OTU198	k__Fungi;p__;c__;o__;f__;g__;s__
OTU199	k__Fungi;p__Ascomycota;c__Eurotiomycetes;o__Arachnomycetales;f__Arachnomycetaceae;g__Arachnomyces;s__
OTU200	k__Fungi;p__Ascomycota;c__Sordariomycetes;o__Hypocreales;f__Hypocreaceae;g__Trichoderma;s__koningii
OTU201	k__Fungi;p__;c__;o__;f__;g__;s__
OTU202	k__Fungi;p__Ascomycota;c__Saccharomycetes;o__Saccharomycetales;f__Saccharomycetales_fam_Incertae_sedis;g__Candida;s__albicans
OTU203	k__Fungi;p__;c__;o__;f__;g__;s__
OTU204	k__Fungi;p__;c__;o__;f__;g__;s__
OTU205	k__Fungi;p__Basidiomycota;c__Malasseziomycetes;o__Malasseziales;f__Malasseziaceae;g__Malassezia;s__restricta
OTU206	k__Fungi;p__;c__;o__;f__;g__;s__
OTU207	k__Fungi;p__;c__;o__;f__;g__;s__
OTU208	k__Fungi;p__;c__;o__;f__;g__;s__
OTU209	k__Fungi;p__Basidiomycota;c__Agaricomycetes;o__Polyporales;f__Meruliaceae;g__Phlebia;s__radiata
OTU210	k__Fungi;p__Ascomycota;c__Dothideomycetes;o__Cladosporiales;f__Cladosporiaceae;g__Cladosporium;s__cladosporioides
OTU211	k__Fungi;p__;c__;o__;f__;g__;s__
OTU212	k__Fungi;p__;c__;o__;f__;g__;s__
OTU213	k__Fungi;p__;c__;o__;f__;g__;s__
OTU214	k__Fungi;p__Ascomycota;c__Eurotiomycetes;o__Eurotiales;f__Aspergillaceae;g__Penicillium;s__sumatraense
OTU215	k__Fungi;p__Ascomycota;c__Eurotiomycetes;o__Eurotiales;f__Aspergillaceae;g__Aspergillus;s__
OTU216	k__Fungi;p__;c__;o__;f__;g__;s__
OTU217	k__Fungi;p__Ascomycota;c__Sordariomycetes;o__Amphisphaeriales;f__Apiosporaceae;g__Nigrospora;s__
OTU218	k__Fungi;p__Ascomycota;c__Lecanoromycetes;o__Caliciales;f__Physciaceae;g__Kurokawia;s__palmulata
OTU219	k__Fungi;p__Chytridiomycota;c__;o__;f__;g__;s__
OTU220	k__Fungi;p__Ascomycota;c__;o__;f__;g__;s__
OTU221	k__Fungi;p__;c__;o__;f__;g__;s__
OTU222	k__Fungi;p__;c__;o__;f__;g__;s__
OTU223	k__Fungi;p__Basidiomycota;c__Agaricomycetes;o__Polyporales;f__Grifolaceae;g__Grifola;s__frondosa
OTU224	k__Fungi;p__Basidiomycota;c__Agaricomycetes;o__Polyporales;f__Polyporaceae;g__Trametes;s__gibbosa
OTU225	k__Fungi;p__;c__;o__;f__;g__;s__
OTU226	k__Fungi;p__Ascomycota;c__Lecanoromycetes;o__Pertusariales;f__Pertusariaceae;g__Pertusaria;s__obruta
OTU227	k__Fungi;p__Basidiomycota;c__Agaricomycetes;o__Hymenochaetales;f__Schizoporaceae;g__Xylodon;s__chinensis
OTU228	k__Fungi;p__Basidiomycota;c__Malasseziomycetes;o__Malasseziales;f__Malasseziaceae;g__Malassezia;s__arunalokei
OTU229	k__Fungi;p__;c__;o__;f__;g__;s__
OTU230	k__Fungi;p__Basidiomycota;c__Microbotryomycetes;o__Sporidiobolales;f__Sporidiobolaceae;g__Rhodosporidiobolus;s__odoratus
OTU231	k__Fungi;p__Ascomycota;c__Sordariomycetes;o__Hypocreales;f__Sarocladiaceae;g__Sarocladium;s__
OTU232	k__Fungi;p__;c__;o__;f__;g__;s__
OTU233	k__Fungi;p__Ascomycota;c__;o__;f__;g__;s__
OTU234	k__Fungi;p__;c__;o__;f__;g__;s__
OTU235	k__Fungi;p__;c__;o__;f__;g__;s__
OTU236	k__Fungi;p__;c__;o__;f__;g__;s__
OTU237	k__Fungi;p__;c__;o__;f__;g__;s__
OTU238	k__Fungi;p__;c__;o__;f__;g__;s__
OTU239	k__Fungi;p__Ascomycota;c__Saccharomycetes;o__Saccharomycetales;f__Saccharomycetales_fam_Incertae_sedis;g__Candida;s__
OTU240	k__Fungi;p__Basidiomycota;c__Malasseziomycetes;o__Malasseziales;f__Malasseziaceae;g__Malassezia;s__
OTU241	k__Fungi;p__;c__;o__;f__;g__;s__
OTU242	k__Fungi;p__;c__;o__;f__;g__;s__
OTU243	k__Fungi;p__Ascomycota;c__Saccharomycetes;o__Saccharomycetales;f__Saccharomycetales_fam_Incertae_sedis;g__Candida;s__sake
OTU244	k__Fungi;p__Basidiomycota;c__Agaricomycetes;o__Russulales;f__Peniophoraceae;g__Peniophora;s__cinerea
OTU245	k__Fungi;p__Ascomycota;c__Lecanoromycetes;o__Pertusariales;f__Pertusariaceae;g__Pertusaria;s__obruta
OTU246	k__Fungi;p__Ascomycota;c__;o__;f__;g__;s__
OTU247	k__Fungi;p__;c__;o__;f__;g__;s__
OTU248	k__Fungi;p__;c__;o__;f__;g__;s__
OTU249	k__Fungi;p__;c__;o__;f__;g__;s__
OTU250	k__Fungi;p__Chytridiomycota;c__Chytridiomycota_cls_Incertae_sedis;o__Chytridiomycota_ord_Incertae_sedis;f__Chytridiomycota_fam_Incertae_sedis;g__Chytridiomycota_gen_Incertae_sedis;s__
OTU251	k__Fungi;p__Basidiomycota;c__Agaricomycetes;o__Auriculariales;f__Auriculariaceae;g__Exidia;s__
OTU252	k__Fungi;p__Ascomycota;c__Lecanoromycetes;o__;f__;g__;s__
OTU253	k__Fungi;p__Basidiomycota;c__Agaricomycetes;o__Polyporales;f__Ganodermataceae;g__Ganoderma;s__applanatum
OTU254	k__Fungi;p__Ascomycota;c__Sordariomycetes;o__Hypocreales;f__Nectriaceae;g__Fusarium;s__incarnatum
OTU255	k__Fungi;p__;c__;o__;f__;g__;s__
OTU256	k__Fungi;p__Ascomycota;c__Sordariomycetes;o__Hypocreales;f__Sarocladiaceae;g__Sarocladium;s__
OTU257	k__Fungi;p__Basidiomycota;c__Tremellomycetes;o__Filobasidiales;f__Piskurozymaceae;g__Piskurozyma;s__capsuligena
OTU258	k__Fungi;p__;c__;o__;f__;g__;s__
OTU259	k__Fungi;p__Ascomycota;c__Sordariomycetes;o__Hypocreales;f__Nectriaceae;g__Fusarium;s__incarnatum
OTU260	k__Fungi;p__Ascomycota;c__;o__;f__;g__;s__
OTU261	k__Fungi;p__Ascomycota;c__Dothideomycetes;o__Mycosphaerellales;f__Teratosphaeriaceae;g__Neocatenulostroma;s__microsporum
OTU262	k__Fungi;p__Ascomycota;c__Saccharomycetes;o__Saccharomycetales;f__Saccharomycetales_fam_Incertae_sedis;g__Candida;s__
OTU263	k__Fungi;p__Ascomycota;c__Lecanoromycetes;o__Pertusariales;f__Pertusariaceae;g__Pertusaria;s__obruta
OTU264	k__Fungi;p__Basidiomycota;c__Agaricomycetes;o__Agaricales;f__Bolbitiaceae;g__Pholiotina;s__
OTU265	k__Fungi;p__;c__;o__;f__;g__;s__
OTU266	k__Fungi;p__Chytridiomycota;c__Chytridiomycota_cls_Incertae_sedis;o__Chytridiomycota_ord_Incertae_sedis;f__Chytridiomycota_fam_Incertae_sedis;g__Chytridiomycota_gen_Incertae_sedis;s__
OTU267	k__Fungi;p__;c__;o__;f__;g__;s__
OTU268	k__Fungi;p__Basidiomycota;c__Malasseziomycetes;o__Malasseziales;f__Malasseziaceae;g__Malassezia;s__
OTU269	k__Fungi;p__Basidiomycota;c__Microbotryomycetes;o__Sporidiobolales;f__Sporidiobolaceae;g__Rhodosporidiobolus;s__colostri
OTU270	k__Fungi;p__Ascomycota;c__Dothideomycetes;o__Cladosporiales;f__Cladosporiaceae;g__Cladosporium;s__sphaerospermum
OTU271	k__Fungi;p__Basidiomycota;c__Tremellomycetes;o__Tremellales;f__Bulleribasidiaceae;g__Vishniacozyma;s__tephrensis
OTU272	k__Fungi;p__Basidiomycota;c__Agaricomycetes;o__Agaricales;f__Typhulaceae;g__Typhula;s__fistulosa
OTU273	k__Fungi;p__Ascomycota;c__Sordariomycetes;o__Hypocreales;f__Sarocladiaceae;g__Sarocladium;s__kiliense
OTU274	k__Fungi;p__Ascomycota;c__Lecanoromycetes;o__;f__;g__;s__
OTU275	k__Fungi;p__Ascomycota;c__Saccharomycetes;o__Saccharomycetales;f__Debaryomycetaceae;g__Debaryomyces;s__hansenii
OTU276	k__Fungi;p__Ascomycota;c__Saccharomycetes;o__Saccharomycetales;f__Saccharomycetales_fam_Incertae_sedis;g__Candida;s__albicans
OTU277	k__Fungi;p__Ascomycota;c__Dothideomycetes;o__Pleosporales;f__Coniothyriaceae;g__;s__
OTU278	k__Fungi;p__Basidiomycota;c__Agaricomycetes;o__Polyporales;f__Phanerochaetaceae;g__Bjerkandera;s__fumosa
OTU279	k__Fungi;p__Ascomycota;c__;o__;f__;g__;s__
OTU280	k__Fungi;p__Ascomycota;c__Sordariomycetes;o__Hypocreales;f__Nectriaceae;g__Fusarium;s__
OTU281	k__Fungi;p__;c__;o__;f__;g__;s__
OTU282	k__Fungi;p__Ascomycota;c__Dothideomycetes;o__Pleosporales;f__Pleosporaceae;g__Stemphylium;s__
OTU283	k__Fungi;p__;c__;o__;f__;g__;s__
OTU284	k__Fungi;p__;c__;o__;f__;g__;s__
OTU285	k__Fungi;p__Chytridiomycota;c__Chytridiomycota_cls_Incertae_sedis;o__Chytridiomycota_ord_Incertae_sedis;f__Chytridiomycota_fam_Incertae_sedis;g__Chytridiomycota_gen_Incertae_sedis;s__
OTU286	k__Fungi;p__Ascomycota;c__Lecanoromycetes;o__;f__;g__;s__
OTU287	k__Fungi;p__;c__;o__;f__;g__;s__
OTU288	k__Fungi;p__;c__;o__;f__;g__;s__
OTU289	k__Fungi;p__Ascomycota;c__Lecanoromycetes;o__;f__;g__;s__
OTU290	k__Fungi;p__;c__;o__;f__;g__;s__
OTU291	k__Fungi;p__;c__;o__;f__;g__;s__
OTU292	k__Fungi;p__Ascomycota;c__Eurotiomycetes;o__Eurotiales;f__Aspergillaceae;g__Penicillium;s__phoeniceum
OTU293	k__Fungi;p__Basidiomycota;c__Tremellomycetes;o__Trichosporonales;f__Trichosporonaceae;g__Cutaneotrichosporon;s__jirovecii
OTU294	k__Fungi;p__;c__;o__;f__;g__;s__
OTU295	k__Fungi;p__Ascomycota;c__;o__;f__;g__;s__
OTU296	k__Fungi;p__Ascomycota;c__Lecanoromycetes;o__;f__;g__;s__
OTU297	k__Fungi;p__Basidiomycota;c__Tremellomycetes;o__Tremellales;f__Cryptococcaceae;g__Cryptococcus;s__neoformans
OTU298	k__Fungi;p__;c__;o__;f__;g__;s__
OTU299	k__Fungi;p__Ascomycota;c__Lecanoromycetes;o__;f__;g__;s__
OTU300	k__Fungi;p__;c__;o__;f__;g__;s__
OTU301	k__Fungi;p__;c__;o__;f__;g__;s__
OTU302	k__Fungi;p__Ascomycota;c__;o__;f__;g__;s__
OTU303	k__Fungi;p__Ascomycota;c__;o__;f__;g__;s__
OTU304	k__Fungi;p__Basidiomycota;c__Tremellomycetes;o__Tremellales;f__Bulleribasidiaceae;g__Hannaella;s__oryzae
OTU305	k__Fungi;p__Ascomycota;c__Eurotiomycetes;o__Eurotiales;f__Aspergillaceae;g__Aspergillus;s__fumigatus
OTU306	k__Fungi;p__;c__;o__;f__;g__;s__
OTU307	k__Fungi;p__Ascomycota;c__;o__;f__;g__;s__
OTU308	k__Fungi;p__Basidiomycota;c__Agaricomycetes;o__Polyporales;f__Polyporaceae;g__Daedaleopsis;s__confragosa
OTU309	k__Fungi;p__;c__;o__;f__;g__;s__
OTU310	k__Fungi;p__Basidiomycota;c__Tremellomycetes;o__Filobasidiales;f__Piskurozymaceae;g__Piskurozyma;s__capsuligena
OTU311	k__Fungi;p__;c__;o__;f__;g__;s__
OTU312	k__Fungi;p__;c__;o__;f__;g__;s__
OTU313	k__Fungi;p__;c__;o__;f__;g__;s__
OTU314	k__Fungi;p__;c__;o__;f__;g__;s__
OTU315	k__Fungi;p__Ascomycota;c__;o__;f__;g__;s__
OTU316	k__Fungi;p__;c__;o__;f__;g__;s__
OTU317	k__Fungi;p__;c__;o__;f__;g__;s__
OTU318	k__Fungi;p__Basidiomycota;c__Malasseziomycetes;o__Malasseziales;f__Malasseziaceae;g__Malassezia;s__arunalokei
OTU319	k__Fungi;p__Chytridiomycota;c__;o__;f__;g__;s__
OTU320	k__Fungi;p__;c__;o__;f__;g__;s__
OTU321	k__Fungi;p__Chytridiomycota;c__Chytridiomycota_cls_Incertae_sedis;o__Chytridiomycota_ord_Incertae_sedis;f__Chytridiomycota_fam_Incertae_sedis;g__Chytridiomycota_gen_Incertae_sedis;s__
OTU322	k__Fungi;p__;c__;o__;f__;g__;s__
OTU323	k__Fungi;p__Ascomycota;c__Lecanoromycetes;o__Pertusariales;f__Pertusariaceae;g__Pertusaria;s__obruta
OTU324	k__Fungi;p__;c__;o__;f__;g__;s__
OTU325	k__Fungi;p__;c__;o__;f__;g__;s__
OTU326	k__Fungi;p__Ascomycota;c__Sordariomycetes;o__Hypocreales;f__Nectriaceae;g__Fusarium;s__incarnatum
OTU327	k__Fungi;p__Ascomycota;c__;o__;f__;g__;s__
OTU328	k__Fungi;p__;c__;o__;f__;g__;s__
OTU329	k__Fungi;p__;c__;o__;f__;g__;s__
OTU330	k__Fungi;p__Ascomycota;c__Dothideomycetes;o__Pleosporales;f__Pleosporaceae;g__Alternaria;s__brassicae
OTU331	k__Fungi;p__;c__;o__;f__;g__;s__
OTU332	k__Fungi;p__Ascomycota;c__Lecanoromycetes;o__Pertusariales;f__Pertusariaceae;g__Pertusaria;s__obruta
OTU333	k__Fungi;p__Ascomycota;c__Saccharomycetes;o__Saccharomycetales;f__Saccharomycetales_fam_Incertae_sedis;g__Candida;s__parapsilosis
OTU334	k__Fungi;p__;c__;o__;f__;g__;s__
OTU335	k__Fungi;p__;c__;o__;f__;g__;s__
OTU336	k__Fungi;p__;c__;o__;f__;g__;s__
OTU337	k__Fungi;p__;c__;o__;f__;g__;s__
OTU338	k__Fungi;p__;c__;o__;f__;g__;s__
OTU339	k__Fungi;p__Fungi_phy_Incertae_sedis;c__Fungi_cls_Incertae_sedis;o__Fungi_ord_Incertae_sedis;f__Fungi_fam_Incertae_sedis;g__Fungi_gen_Incertae_sedis;s__
OTU340	k__Fungi;p__Ascomycota;c__Eurotiomycetes;o__Eurotiales;f__Aspergillaceae;g__Aspergillus;s__sydowii
OTU341	k__Fungi;p__Ascomycota;c__Saccharomycetes;o__Saccharomycetales;f__Saccharomycetales_fam_Incertae_sedis;g__Diutina;s__rugosa
OTU342	k__Fungi;p__;c__;o__;f__;g__;s__
OTU343	k__Fungi;p__;c__;o__;f__;g__;s__
OTU344	k__Fungi;p__Ascomycota;c__Lecanoromycetes;o__Pertusariales;f__Pertusariaceae;g__Pertusaria;s__obruta
OTU345	k__Fungi;p__Ascomycota;c__Eurotiomycetes;o__Eurotiales;f__Aspergillaceae;g__Penicillium;s__
OTU346	k__Fungi;p__Ascomycota;c__Lecanoromycetes;o__Pertusariales;f__Pertusariaceae;g__Pertusaria;s__obruta
OTU347	k__Fungi;p__;c__;o__;f__;g__;s__
OTU348	k__Fungi;p__;c__;o__;f__;g__;s__
OTU349	k__Fungi;p__;c__;o__;f__;g__;s__
OTU350	k__Fungi;p__;c__;o__;f__;g__;s__
OTU351	k__Fungi;p__Ascomycota;c__;o__;f__;g__;s__
OTU352	k__Fungi;p__Ascomycota;c__Lecanoromycetes;o__;f__;g__;s__
OTU353	k__Fungi;p__Ascomycota;c__Eurotiomycetes;o__Eurotiales;f__Aspergillaceae;g__Aspergillus;s__flavus
OTU354	k__Fungi;p__Ascomycota;c__Saccharomycetes;o__Saccharomycetales;f__Metschnikowiaceae;g__Clavispora;s__lusitaniae
OTU355	k__Fungi;p__Ascomycota;c__Dothideomycetes;o__Cladosporiales;f__Cladosporiaceae;g__Cladosporium;s__sphaerospermum
OTU356	k__Fungi;p__Chytridiomycota;c__Chytridiomycota_cls_Incertae_sedis;o__Chytridiomycota_ord_Incertae_sedis;f__Chytridiomycota_fam_Incertae_sedis;g__Chytridiomycota_gen_Incertae_sedis;s__
OTU357	k__Fungi;p__Ascomycota;c__Eurotiomycetes;o__Eurotiales;f__Aspergillaceae;g__Penicillium;s__decumbens
OTU358	k__Fungi;p__Mucoromycota;c__Mucoromycetes;o__Mucorales;f__Mucoraceae;g__Mucor;s__
OTU359	k__Fungi;p__Ascomycota;c__Lecanoromycetes;o__Pertusariales;f__Pertusariaceae;g__Pertusaria;s__obruta
OTU360	k__Fungi;p__Ascomycota;c__Eurotiomycetes;o__Eurotiales;f__Thermoascaceae;g__Paecilomyces;s__dactylethromorphus
OTU361	k__Fungi;p__Ascomycota;c__Lecanoromycetes;o__;f__;g__;s__
OTU362	k__Fungi;p__;c__;o__;f__;g__;s__
OTU363	k__Fungi;p__Ascomycota;c__;o__;f__;g__;s__
OTU364	k__Fungi;p__Ascomycota;c__Lecanoromycetes;o__;f__;g__;s__
OTU365	k__Fungi;p__Basidiomycota;c__Tremellomycetes;o__Tremellales;f__Bulleribasidiaceae;g__Hannaella;s__luteola
OTU366	k__Fungi;p__Ascomycota;c__Eurotiomycetes;o__Eurotiales;f__Trichocomaceae;g__Thermomyces;s__lanuginosus
OTU367	k__Fungi;p__;c__;o__;f__;g__;s__
OTU368	k__Fungi;p__Ascomycota;c__Saccharomycetes;o__Saccharomycetales;f__Saccharomycetales_fam_Incertae_sedis;g__Yarrowia;s__lipolytica
OTU369	k__Fungi;p__Ascomycota;c__Eurotiomycetes;o__Eurotiales;f__Aspergillaceae;g__Penicillium;s__melinii
OTU370	k__Fungi;p__Ascomycota;c__;o__;f__;g__;s__
OTU371	k__Fungi;p__Basidiomycota;c__Agaricomycetes;o__Polyporales;f__Polyporaceae;g__Trametes;s__pubescens
OTU372	k__Fungi;p__Ascomycota;c__Eurotiomycetes;o__Eurotiales;f__Aspergillaceae;g__Aspergillus;s__aculeatus
OTU373	k__Fungi;p__Ascomycota;c__Sordariomycetes;o__Hypocreales;f__Sarocladiaceae;g__Sarocladium;s__strictum
OTU374	k__Fungi;p__Ascomycota;c__Eurotiomycetes;o__Eurotiales;f__Aspergillaceae;g__Penicillium;s__brevicompactum
OTU375	k__Fungi;p__Ascomycota;c__Lecanoromycetes;o__;f__;g__;s__
OTU376	k__Fungi;p__;c__;o__;f__;g__;s__
OTU377	k__Fungi;p__Ascomycota;c__Lecanoromycetes;o__;f__;g__;s__
OTU378	k__Fungi;p__Ascomycota;c__Sordariomycetes;o__Hypocreales;f__Sarocladiaceae;g__Sarocladium;s__kiliense
OTU379	k__Fungi;p__;c__;o__;f__;g__;s__
OTU380	k__Fungi;p__Ascomycota;c__Lecanoromycetes;o__Pertusariales;f__Pertusariaceae;g__Pertusaria;s__obruta
OTU381	k__Fungi;p__;c__;o__;f__;g__;s__
OTU382	k__Fungi;p__Basidiomycota;c__Agaricomycetes;o__Polyporales;f__Irpicaceae;g__Irpex;s__lacteus
OTU383	k__Fungi;p__;c__;o__;f__;g__;s__
OTU384	k__Fungi;p__Ascomycota;c__Sordariomycetes;o__Glomerellales;f__Plectosphaerellaceae;g__Plectosphaerella;s__
OTU385	k__Fungi;p__;c__;o__;f__;g__;s__
OTU386	k__Fungi;p__;c__;o__;f__;g__;s__
OTU387	k__Fungi;p__Ascomycota;c__Lecanoromycetes;o__Pertusariales;f__Pertusariaceae;g__Pertusaria;s__obruta
OTU388	k__Fungi;p__;c__;o__;f__;g__;s__
OTU389	k__Fungi;p__Ascomycota;c__Lecanoromycetes;o__;f__;g__;s__
OTU390	k__Fungi;p__;c__;o__;f__;g__;s__
OTU391	k__Fungi;p__Ascomycota;c__Eurotiomycetes;o__Eurotiales;f__Aspergillaceae;g__Aspergillus;s__pseudogracilis
OTU392	k__Fungi;p__;c__;o__;f__;g__;s__
OTU393	k__Fungi;p__Ascomycota;c__Lecanoromycetes;o__;f__;g__;s__
OTU394	k__Fungi;p__;c__;o__;f__;g__;s__
OTU395	k__Fungi;p__;c__;o__;f__;g__;s__
OTU396	k__Fungi;p__Ascomycota;c__Leotiomycetes;o__Helotiales;f__Erysiphaceae;g__Podosphaera;s__xanthii
OTU397	k__Fungi;p__Ascomycota;c__Lecanoromycetes;o__;f__;g__;s__
OTU398	k__Fungi;p__Ascomycota;c__;o__;f__;g__;s__
OTU399	k__Fungi;p__Ascomycota;c__Sordariomycetes;o__Hypocreales;f__Myrotheciomycetaceae;g__Trichothecium;s__roseum
OTU400	k__Fungi;p__Ascomycota;c__Lecanoromycetes;o__;f__;g__;s__
OTU401	k__Fungi;p__;c__;o__;f__;g__;s__
OTU402	k__Fungi;p__;c__;o__;f__;g__;s__
OTU403	k__Fungi;p__Ascomycota;c__Saccharomycetes;o__Saccharomycetales;f__Saccharomycetales_fam_Incertae_sedis;g__Candida;s__sake
OTU404	k__Fungi;p__Ascomycota;c__Sordariomycetes;o__Microascales;f__Microascaceae;g__Pithoascus;s__
OTU405	k__Fungi;p__Ascomycota;c__Eurotiomycetes;o__Eurotiales;f__Aspergillaceae;g__Aspergillus;s__ruber
OTU406	k__Fungi;p__Basidiomycota;c__Ustilaginomycetes;o__Ustilaginales;f__Ustilaginaceae;g__Ustilago;s__
OTU407	k__Fungi;p__Ascomycota;c__Lecanoromycetes;o__Pertusariales;f__Pertusariaceae;g__Pertusaria;s__obruta
OTU408	k__Fungi;p__Ascomycota;c__Lecanoromycetes;o__Pertusariales;f__Pertusariaceae;g__Pertusaria;s__obruta
OTU409	k__Fungi;p__Basidiomycota;c__Tremellomycetes;o__Cystofilobasidiales;f__Cystofilobasidiaceae;g__Cystofilobasidium;s__infirmominiatum
OTU410	k__Fungi;p__;c__;o__;f__;g__;s__
OTU411	k__Fungi;p__;c__;o__;f__;g__;s__
OTU412	k__Fungi;p__Ascomycota;c__Lecanoromycetes;o__Pertusariales;f__Pertusariaceae;g__Pertusaria;s__obruta
OTU413	k__Fungi;p__Basidiomycota;c__Tremellomycetes;o__Filobasidiales;f__Filobasidiaceae;g__Filobasidium;s__floriforme
OTU414	k__Fungi;p__;c__;o__;f__;g__;s__
OTU415	k__Fungi;p__;c__;o__;f__;g__;s__
OTU416	k__Fungi;p__;c__;o__;f__;g__;s__
OTU417	k__Fungi;p__Ascomycota;c__Eurotiomycetes;o__Eurotiales;f__Aspergillaceae;g__Aspergillus;s__reticulatus
OTU418	k__Fungi;p__Ascomycota;c__Sordariomycetes;o__Microascales;f__Microascales_fam_Incertae_sedis;g__Cornuvesica;s__acuminata
OTU419	k__Fungi;p__Ascomycota;c__;o__;f__;g__;s__
OTU420	k__Fungi;p__;c__;o__;f__;g__;s__
OTU421	k__Fungi;p__;c__;o__;f__;g__;s__
OTU422	k__Fungi;p__;c__;o__;f__;g__;s__
OTU423	k__Fungi;p__Ascomycota;c__Lecanoromycetes;o__;f__;g__;s__
OTU424	k__Fungi;p__Ascomycota;c__Lecanoromycetes;o__;f__;g__;s__
OTU425	k__Fungi;p__;c__;o__;f__;g__;s__
OTU426	k__Fungi;p__;c__;o__;f__;g__;s__
OTU427	k__Fungi;p__Ascomycota;c__Lecanoromycetes;o__;f__;g__;s__
OTU428	k__Fungi;p__Ascomycota;c__Saccharomycetes;o__Saccharomycetales;f__Saccharomycetales_fam_Incertae_sedis;g__Candida;s__
OTU429	k__Fungi;p__Ascomycota;c__Lecanoromycetes;o__Pertusariales;f__Pertusariaceae;g__Pertusaria;s__obruta
OTU430	k__Fungi;p__;c__;o__;f__;g__;s__
OTU431	k__Fungi;p__Ascomycota;c__Dothideomycetes;o__Cladosporiales;f__Cladosporiaceae;g__Verrucocladosporium;s__visseri
OTU432	k__Fungi;p__Chytridiomycota;c__Chytridiomycota_cls_Incertae_sedis;o__Chytridiomycota_ord_Incertae_sedis;f__Chytridiomycota_fam_Incertae_sedis;g__Chytridiomycota_gen_Incertae_sedis;s__
OTU433	k__Fungi;p__;c__;o__;f__;g__;s__
OTU434	k__Fungi;p__;c__;o__;f__;g__;s__
OTU435	k__Fungi;p__Ascomycota;c__Sordariomycetes;o__Xylariales;f__Diatrypaceae;g__Eutypella;s__
OTU436	k__Fungi;p__Ascomycota;c__;o__;f__;g__;s__
OTU437	k__Fungi;p__;c__;o__;f__;g__;s__
OTU438	k__Fungi;p__Basidiomycota;c__Agaricomycetes;o__Hymenochaetales;f__Hymenochaetaceae;g__Hydnoporia;s__corrugata
OTU439	k__Fungi;p__;c__;o__;f__;g__;s__
OTU440	k__Fungi;p__Ascomycota;c__;o__;f__;g__;s__
OTU441	k__Fungi;p__Basidiomycota;c__Tremellomycetes;o__Tremellales;f__Bulleribasidiaceae;g__Hannaella;s__luteola
OTU442	k__Fungi;p__Fungi_phy_Incertae_sedis;c__Fungi_cls_Incertae_sedis;o__Fungi_ord_Incertae_sedis;f__Fungi_fam_Incertae_sedis;g__Fungi_gen_Incertae_sedis;s__
OTU443	k__Fungi;p__Ascomycota;c__Sordariomycetes;o__Hypocreales;f__Sarocladiaceae;g__Sarocladium;s__kiliense
OTU444	k__Fungi;p__Ascomycota;c__Dothideomycetes;o__Pleosporales;f__Didymellaceae;g__;s__
OTU445	k__Fungi;p__;c__;o__;f__;g__;s__
OTU446	k__Fungi;p__;c__;o__;f__;g__;s__
OTU447	k__Fungi;p__Ascomycota;c__Lecanoromycetes;o__Pertusariales;f__Pertusariaceae;g__Pertusaria;s__obruta
OTU448	k__Fungi;p__;c__;o__;f__;g__;s__
OTU449	k__Fungi;p__Ascomycota;c__;o__;f__;g__;s__
OTU450	k__Fungi;p__Ascomycota;c__Lecanoromycetes;o__;f__;g__;s__
OTU451	k__Fungi;p__Basidiomycota;c__Malasseziomycetes;o__Malasseziales;f__Malasseziaceae;g__Malassezia;s__
OTU452	k__Fungi;p__Fungi_phy_Incertae_sedis;c__Fungi_cls_Incertae_sedis;o__Fungi_ord_Incertae_sedis;f__Fungi_fam_Incertae_sedis;g__Fungi_gen_Incertae_sedis;s__
OTU453	k__Fungi;p__;c__;o__;f__;g__;s__
OTU454	k__Fungi;p__Ascomycota;c__;o__;f__;g__;s__
OTU455	k__Fungi;p__;c__;o__;f__;g__;s__
OTU456	k__Fungi;p__;c__;o__;f__;g__;s__
OTU457	k__Fungi;p__Ascomycota;c__;o__;f__;g__;s__
OTU458	k__Fungi;p__Basidiomycota;c__Malasseziomycetes;o__Malasseziales;f__Malasseziaceae;g__Malassezia;s__arunalokei
OTU459	k__Fungi;p__Ascomycota;c__Sordariomycetes;o__Glomerellales;f__Glomerellaceae;g__Colletotrichum;s__graminicola
OTU460	k__Fungi;p__;c__;o__;f__;g__;s__
OTU461	k__Fungi;p__Ascomycota;c__Lecanoromycetes;o__;f__;g__;s__
OTU462	k__Fungi;p__;c__;o__;f__;g__;s__
OTU463	k__Fungi;p__;c__;o__;f__;g__;s__
OTU464	k__Fungi;p__;c__;o__;f__;g__;s__
OTU465	k__Fungi;p__;c__;o__;f__;g__;s__
OTU466	k__Fungi;p__Ascomycota;c__Eurotiomycetes;o__Chaetothyriales;f__Herpotrichiellaceae;g__Exophiala;s__dermatitidis
OTU467	k__Fungi;p__Ascomycota;c__Saccharomycetes;o__Saccharomycetales;f__Pichiaceae;g__Pichia;s__kudriavzevii
OTU468	k__Fungi;p__Ascomycota;c__;o__;f__;g__;s__
OTU469	k__Fungi;p__;c__;o__;f__;g__;s__
OTU470	k__Fungi;p__Ascomycota;c__Lecanoromycetes;o__;f__;g__;s__
OTU471	k__Fungi;p__Ascomycota;c__Leotiomycetes;o__Thelebolales;f__Pseudeurotiaceae;g__Xerogeomyces;s__pulvereus
OTU472	k__Fungi;p__;c__;o__;f__;g__;s__
OTU473	k__Fungi;p__;c__;o__;f__;g__;s__
OTU474	k__Fungi;p__;c__;o__;f__;g__;s__
OTU475	k__Fungi;p__;c__;o__;f__;g__;s__
OTU476	k__Fungi;p__Chytridiomycota;c__;o__;f__;g__;s__
OTU477	k__Fungi;p__Ascomycota;c__Lecanoromycetes;o__;f__;g__;s__
OTU478	k__Fungi;p__Ascomycota;c__Lecanoromycetes;o__Pertusariales;f__Pertusariaceae;g__Pertusaria;s__obruta
OTU479	k__Fungi;p__Ascomycota;c__Sordariomycetes;o__Hypocreales;f__Nectriaceae;g__Fusarium;s__sambucinum
OTU480	k__Fungi;p__Basidiomycota;c__Malasseziomycetes;o__Malasseziales;f__Malasseziaceae;g__Malassezia;s__
OTU481	k__Fungi;p__Ascomycota;c__;o__;f__;g__;s__
OTU482	k__Fungi;p__Fungi_phy_Incertae_sedis;c__Fungi_cls_Incertae_sedis;o__Fungi_ord_Incertae_sedis;f__Fungi_fam_Incertae_sedis;g__Fungi_gen_Incertae_sedis;s__
OTU483	k__Fungi;p__Ascomycota;c__Lecanoromycetes;o__;f__;g__;s__
OTU484	k__Fungi;p__;c__;o__;f__;g__;s__
OTU485	k__Fungi;p__Basidiomycota;c__Tremellomycetes;o__Tremellales;f__Bulleribasidiaceae;g__Vishniacozyma;s__victoriae
OTU486	k__Fungi;p__Ascomycota;c__Lecanoromycetes;o__;f__;g__;s__
OTU487	k__Fungi;p__;c__;o__;f__;g__;s__
OTU488	k__Fungi;p__Ascomycota;c__Lecanoromycetes;o__;f__;g__;s__
OTU489	k__Fungi;p__Ascomycota;c__;o__;f__;g__;s__
OTU490	k__Fungi;p__Ascomycota;c__Dothideomycetes;o__Pleosporales;f__Phaeosphaeriaceae;g__Neosetophoma;s__
OTU491	k__Fungi;p__;c__;o__;f__;g__;s__
OTU492	k__Fungi;p__Basidiomycota;c__Agaricomycetes;o__Atheliales;f__Atheliaceae;g__Athelia;s__arachnoidea
OTU493	k__Fungi;p__Ascomycota;c__Lecanoromycetes;o__;f__;g__;s__
OTU494	k__Fungi;p__;c__;o__;f__;g__;s__
OTU495	k__Fungi;p__;c__;o__;f__;g__;s__
OTU496	k__Fungi;p__Ascomycota;c__;o__;f__;g__;s__
OTU497	k__Fungi;p__;c__;o__;f__;g__;s__
OTU498	k__Fungi;p__Basidiomycota;c__Microbotryomycetes;o__Sporidiobolales;f__Sporidiobolaceae;g__Rhodotorula;s__dairenensis
OTU499	k__Fungi;p__;c__;o__;f__;g__;s__
OTU500	k__Fungi;p__Ascomycota;c__Eurotiomycetes;o__Eurotiales;f__Aspergillaceae;g__Penicillium;s__citrinum
OTU501	k__Fungi;p__Ascomycota;c__Lecanoromycetes;o__Pertusariales;f__Pertusariaceae;g__Pertusaria;s__obruta
OTU502	k__Fungi;p__;c__;o__;f__;g__;s__
OTU503	k__Fungi;p__;c__;o__;f__;g__;s__
OTU504	k__Fungi;p__Ascomycota;c__Saccharomycetes;o__Saccharomycetales;f__Saccharomycetales_fam_Incertae_sedis;g__Candida;s__
OTU505	k__Fungi;p__;c__;o__;f__;g__;s__
OTU506	k__Fungi;p__;c__;o__;f__;g__;s__
OTU507	k__Fungi;p__Chytridiomycota;c__Chytridiomycota_cls_Incertae_sedis;o__Chytridiomycota_ord_Incertae_sedis;f__Chytridiomycota_fam_Incertae_sedis;g__Chytridiomycota_gen_Incertae_sedis;s__
OTU508	k__Fungi;p__;c__;o__;f__;g__;s__
OTU509	k__Fungi;p__Basidiomycota;c__Tremellomycetes;o__Filobasidiales;f__Filobasidiaceae;g__Filobasidium;s__floriforme
OTU510	k__Fungi;p__Basidiomycota;c__Tremellomycetes;o__Tremellales;f__Bulleribasidiaceae;g__Hannaella;s__oryzae
OTU511	k__Fungi;p__Ascomycota;c__Lecanoromycetes;o__;f__;g__;s__
OTU512	k__Fungi;p__Ascomycota;c__Lecanoromycetes;o__Pertusariales;f__Pertusariaceae;g__Pertusaria;s__obruta
OTU513	k__Fungi;p__Basidiomycota;c__Tremellomycetes;o__Tremellales;f__Bulleribasidiaceae;g__Bulleribasidium;s__oberjochense
OTU514	k__Fungi;p__;c__;o__;f__;g__;s__
OTU515	k__Fungi;p__;c__;o__;f__;g__;s__
OTU516	k__Fungi;p__;c__;o__;f__;g__;s__
OTU517	k__Fungi;p__Ascomycota;c__Dothideomycetes;o__Pleosporales;f__Didymosphaeriaceae;g__Pseudopithomyces;s__chartarum
OTU518	k__Fungi;p__Ascomycota;c__Dothideomycetes;o__Dothideales;f__Dothideales_fam_Incertae_sedis;g__Coniozyma;s__leucospermi
OTU519	k__Fungi;p__Ascomycota;c__Lecanoromycetes;o__;f__;g__;s__
OTU520	k__Fungi;p__Ascomycota;c__Saccharomycetes;o__Saccharomycetales;f__Saccharomycetales_fam_Incertae_sedis;g__Yarrowia;s__lipolytica
OTU521	k__Fungi;p__;c__;o__;f__;g__;s__
OTU522	k__Fungi;p__;c__;o__;f__;g__;s__
OTU523	k__Fungi;p__Chytridiomycota;c__;o__;f__;g__;s__
OTU524	k__Fungi;p__Ascomycota;c__Lecanoromycetes;o__Pertusariales;f__Pertusariaceae;g__Pertusaria;s__obruta
OTU525	k__Fungi;p__;c__;o__;f__;g__;s__
OTU526	k__Fungi;p__Basidiomycota;c__Agaricomycetes;o__Polyporales;f__Irpicaceae;g__Irpex;s__latemarginatus
OTU527	k__Fungi;p__Ascomycota;c__Sordariomycetes;o__Sordariales;f__Sordariaceae;g__Neurospora;s__crassa
OTU528	k__Fungi;p__Ascomycota;c__Dothideomycetes;o__Pleosporales;f__Phaeosphaeriaceae;g__Neosetophoma;s__xingrenensis
OTU529	k__Fungi;p__Ascomycota;c__Sordariomycetes;o__Amphisphaeriales;f__Apiosporaceae;g__Nigrospora;s__
OTU530	k__Fungi;p__Ascomycota;c__Sordariomycetes;o__Hypocreales;f__Sarocladiaceae;g__Sarocladium;s__zeae
OTU531	k__Fungi;p__Basidiomycota;c__Agaricomycetes;o__Polyporales;f__Meruliaceae;g__Phlebia;s__tremellosa
OTU532	k__Fungi;p__;c__;o__;f__;g__;s__
OTU533	k__Fungi;p__Basidiomycota;c__Agaricomycetes;o__Agaricales;f__Typhulaceae;g__Typhula;s__fistulosa
OTU534	k__Fungi;p__Mucoromycota;c__Mucoromycetes;o__Mucorales;f__Mucoraceae;g__Mucor;s__racemosus
OTU535	k__Fungi;p__Basidiomycota;c__Agaricomycetes;o__Polyporales;f__Steccherinaceae;g__Steccherinaceae_gen_Incertae_sedis;s__
OTU536	k__Fungi;p__Basidiomycota;c__Malasseziomycetes;o__Malasseziales;f__Malasseziaceae;g__Malassezia;s__restricta
OTU537	k__Fungi;p__Ascomycota;c__Lecanoromycetes;o__Pertusariales;f__Pertusariaceae;g__Pertusaria;s__obruta
OTU538	k__Fungi;p__Chytridiomycota;c__;o__;f__;g__;s__
OTU539	k__Fungi;p__Chytridiomycota;c__;o__;f__;g__;s__
OTU540	k__Fungi;p__Ascomycota;c__;o__;f__;g__;s__
OTU541	k__Fungi;p__;c__;o__;f__;g__;s__
OTU542	k__Fungi;p__Ascomycota;c__Eurotiomycetes;o__Eurotiales;f__Thermoascaceae;g__Paecilomyces;s__dactylethromorphus
OTU543	k__Fungi;p__Ascomycota;c__Eurotiomycetes;o__Eurotiales;f__Aspergillaceae;g__Penicillium;s__phoeniceum
OTU544	k__Fungi;p__Basidiomycota;c__Tremellomycetes;o__Tremellales;f__Bulleribasidiaceae;g__Vishniacozyma;s__victoriae
OTU545	k__Fungi;p__;c__;o__;f__;g__;s__
OTU546	k__Fungi;p__;c__;o__;f__;g__;s__
OTU547	k__Fungi;p__;c__;o__;f__;g__;s__
OTU548	k__Fungi;p__Ascomycota;c__;o__;f__;g__;s__
OTU549	k__Fungi;p__;c__;o__;f__;g__;s__
OTU550	k__Fungi;p__;c__;o__;f__;g__;s__
OTU551	k__Fungi;p__Ascomycota;c__;o__;f__;g__;s__
OTU552	k__Fungi;p__Ascomycota;c__Lecanoromycetes;o__;f__;g__;s__
OTU553	k__Fungi;p__Ascomycota;c__Sordariomycetes;o__Hypocreales;f__Myrotheciomycetaceae;g__Trichothecium;s__roseum
OTU554	k__Fungi;p__Basidiomycota;c__Tremellomycetes;o__Tremellales;f__Cryptococcaceae;g__Cryptococcus;s__neoformans
OTU555	k__Fungi;p__Ascomycota;c__Eurotiomycetes;o__Eurotiales;f__Aspergillaceae;g__Aspergillus;s__
OTU556	k__Fungi;p__Ascomycota;c__Dothideomycetes;o__Pleosporales;f__Lophiostomataceae;g__Biappendiculispora;s__
OTU557	k__Fungi;p__Ascomycota;c__Lecanoromycetes;o__;f__;g__;s__
OTU558	k__Fungi;p__;c__;o__;f__;g__;s__
OTU559	k__Fungi;p__Basidiomycota;c__Agaricomycetes;o__Hymenochaetales;f__Hymenochaetaceae;g__Hydnoporia;s__corrugata
OTU560	k__Fungi;p__Ascomycota;c__Eurotiomycetes;o__Eurotiales;f__Aspergillaceae;g__Aspergillus;s__japonicus
OTU561	k__Fungi;p__;c__;o__;f__;g__;s__
OTU562	k__Fungi;p__Basidiomycota;c__Tremellomycetes;o__Tremellales;f__Bulleribasidiaceae;g__Hannaella;s__sinensis
OTU563	k__Fungi;p__;c__;o__;f__;g__;s__
OTU564	k__Fungi;p__Ascomycota;c__Lecanoromycetes;o__;f__;g__;s__
OTU565	k__Fungi;p__;c__;o__;f__;g__;s__
OTU566	k__Fungi;p__;c__;o__;f__;g__;s__
OTU567	k__Fungi;p__Ascomycota;c__;o__;f__;g__;s__
OTU568	k__Fungi;p__Ascomycota;c__Eurotiomycetes;o__Eurotiales;f__Thermoascaceae;g__Paecilomyces;s__dactylethromorphus
OTU569	k__Fungi;p__;c__;o__;f__;g__;s__
OTU570	k__Fungi;p__;c__;o__;f__;g__;s__
OTU571	k__Fungi;p__;c__;o__;f__;g__;s__
OTU572	k__Fungi;p__Ascomycota;c__Saccharomycetes;o__Saccharomycetales;f__Saccharomycetales_fam_Incertae_sedis;g__Candida;s__
OTU573	k__Fungi;p__Ascomycota;c__;o__;f__;g__;s__
OTU574	k__Fungi;p__Ascomycota;c__;o__;f__;g__;s__
OTU575	k__Fungi;p__Ascomycota;c__Lecanoromycetes;o__Pertusariales;f__Pertusariaceae;g__Pertusaria;s__obruta
OTU576	k__Fungi;p__;c__;o__;f__;g__;s__
OTU577	k__Fungi;p__Ascomycota;c__Sordariomycetes;o__Hypocreales;f__Sarocladiaceae;g__Sarocladium;s__kiliense
OTU578	k__Fungi;p__;c__;o__;f__;g__;s__
OTU579	k__Fungi;p__Basidiomycota;c__Tremellomycetes;o__Tremellales;f__Cryptococcaceae;g__Cryptococcus;s__pseudolongus
OTU580	k__Fungi;p__Ascomycota;c__Lecanoromycetes;o__;f__;g__;s__
OTU581	k__Fungi;p__Basidiomycota;c__Malasseziomycetes;o__Malasseziales;f__Malasseziaceae;g__Malassezia;s__
OTU582	k__Fungi;p__Ascomycota;c__Lecanoromycetes;o__;f__;g__;s__
OTU583	k__Fungi;p__Ascomycota;c__;o__;f__;g__;s__
OTU584	k__Fungi;p__;c__;o__;f__;g__;s__
OTU585	k__Fungi;p__Ascomycota;c__Dothideomycetes;o__Pleosporales;f__Pleosporaceae;g__Alternaria;s__oregonensis
OTU586	k__Fungi;p__;c__;o__;f__;g__;s__
OTU587	k__Fungi;p__Basidiomycota;c__Agaricomycetes;o__Polyporales;f__Irpicaceae;g__;s__
OTU588	k__Fungi;p__Ascomycota;c__;o__;f__;g__;s__
OTU589	k__Fungi;p__Ascomycota;c__;o__;f__;g__;s__
OTU590	k__Fungi;p__;c__;o__;f__;g__;s__
OTU591	k__Fungi;p__;c__;o__;f__;g__;s__
OTU592	k__Fungi;p__;c__;o__;f__;g__;s__
OTU593	k__Fungi;p__;c__;o__;f__;g__;s__
OTU594	k__Fungi;p__Ascomycota;c__Lecanoromycetes;o__;f__;g__;s__
OTU595	k__Fungi;p__;c__;o__;f__;g__;s__
OTU596	k__Fungi;p__;c__;o__;f__;g__;s__
OTU597	k__Fungi;p__;c__;o__;f__;g__;s__
OTU598	k__Fungi;p__Chytridiomycota;c__Chytridiomycota_cls_Incertae_sedis;o__Chytridiomycota_ord_Incertae_sedis;f__Chytridiomycota_fam_Incertae_sedis;g__Chytridiomycota_gen_Incertae_sedis;s__
OTU599	k__Fungi;p__;c__;o__;f__;g__;s__
OTU600	k__Fungi;p__;c__;o__;f__;g__;s__
OTU601	k__Fungi;p__;c__;o__;f__;g__;s__
OTU602	k__Fungi;p__Ascomycota;c__Lecanoromycetes;o__Pertusariales;f__Pertusariaceae;g__Pertusaria;s__obruta
OTU603	k__Fungi;p__Ascomycota;c__Eurotiomycetes;o__Eurotiales;f__Thermoascaceae;g__Paecilomyces;s__dactylethromorphus
OTU604	k__Fungi;p__;c__;o__;f__;g__;s__
OTU605	k__Fungi;p__;c__;o__;f__;g__;s__
OTU606	k__Fungi;p__Basidiomycota;c__Agaricomycetes;o__Russulales;f__Peniophoraceae;g__Peniophoraceae_gen_Incertae_sedis;s__
OTU607	k__Fungi;p__;c__;o__;f__;g__;s__
OTU608	k__Fungi;p__;c__;o__;f__;g__;s__
OTU609	k__Fungi;p__Ascomycota;c__Lecanoromycetes;o__Pertusariales;f__Pertusariaceae;g__Pertusaria;s__obruta
OTU610	k__Fungi;p__Ascomycota;c__Lecanoromycetes;o__;f__;g__;s__
OTU611	k__Fungi;p__;c__;o__;f__;g__;s__
OTU612	k__Fungi;p__;c__;o__;f__;g__;s__
OTU613	k__Fungi;p__Ascomycota;c__Eurotiomycetes;o__Eurotiales;f__Thermoascaceae;g__Paecilomyces;s__
OTU614	k__Fungi;p__;c__;o__;f__;g__;s__
OTU615	k__Fungi;p__;c__;o__;f__;g__;s__
OTU616	k__Fungi;p__;c__;o__;f__;g__;s__
OTU617	k__Fungi;p__Chytridiomycota;c__Chytridiomycota_cls_Incertae_sedis;o__Chytridiomycota_ord_Incertae_sedis;f__Chytridiomycota_fam_Incertae_sedis;g__Chytridiomycota_gen_Incertae_sedis;s__
OTU618	k__Fungi;p__Ascomycota;c__;o__;f__;g__;s__
OTU619	k__Fungi;p__;c__;o__;f__;g__;s__
OTU620	k__Fungi;p__Ascomycota;c__Lecanoromycetes;o__;f__;g__;s__
OTU621	k__Fungi;p__;c__;o__;f__;g__;s__
OTU622	k__Fungi;p__Ascomycota;c__Lecanoromycetes;o__;f__;g__;s__
OTU623	k__Fungi;p__;c__;o__;f__;g__;s__
OTU624	k__Fungi;p__;c__;o__;f__;g__;s__
OTU625	k__Fungi;p__Ascomycota;c__Lecanoromycetes;o__;f__;g__;s__
OTU626	k__Fungi;p__Basidiomycota;c__Agaricomycetes;o__Atheliales;f__Atheliaceae;g__Athelia;s__arachnoidea
OTU627	k__Fungi;p__;c__;o__;f__;g__;s__
OTU628	k__Fungi;p__Ascomycota;c__Saccharomycetes;o__Saccharomycetales;f__Dipodascaceae;g__Dipodascus;s__australiensis
OTU629	k__Fungi;p__Ascomycota;c__Lecanoromycetes;o__;f__;g__;s__
OTU630	k__Fungi;p__;c__;o__;f__;g__;s__
OTU631	k__Fungi;p__;c__;o__;f__;g__;s__
OTU632	k__Fungi;p__Ascomycota;c__Lecanoromycetes;o__;f__;g__;s__
OTU633	k__Fungi;p__;c__;o__;f__;g__;s__
OTU634	k__Fungi;p__Ascomycota;c__Saccharomycetes;o__Saccharomycetales;f__Saccharomycetales_fam_Incertae_sedis;g__Candida;s__
OTU635	k__Fungi;p__Ascomycota;c__Lecanoromycetes;o__;f__;g__;s__
OTU636	k__Fungi;p__;c__;o__;f__;g__;s__
OTU637	k__Fungi;p__Ascomycota;c__Lecanoromycetes;o__;f__;g__;s__
OTU638	k__Fungi;p__Ascomycota;c__Lecanoromycetes;o__Pertusariales;f__Pertusariaceae;g__Pertusaria;s__obruta
OTU639	k__Fungi;p__Basidiomycota;c__Agaricomycetes;o__Polyporales;f__Meruliaceae;g__Scopuloides;s__hydnoides
OTU640	k__Fungi;p__;c__;o__;f__;g__;s__
OTU641	k__Fungi;p__;c__;o__;f__;g__;s__
OTU642	k__Fungi;p__;c__;o__;f__;g__;s__
OTU643	k__Fungi;p__;c__;o__;f__;g__;s__
OTU644	k__Fungi;p__;c__;o__;f__;g__;s__
OTU645	k__Fungi;p__Ascomycota;c__;o__;f__;g__;s__
OTU646	k__Fungi;p__Basidiomycota;c__Tremellomycetes;o__Tremellales;f__Bulleribasidiaceae;g__Hannaella;s__sinensis
OTU647	k__Fungi;p__;c__;o__;f__;g__;s__
OTU648	k__Fungi;p__;c__;o__;f__;g__;s__
OTU649	k__Fungi;p__;c__;o__;f__;g__;s__
OTU650	k__Fungi;p__Ascomycota;c__Eurotiomycetes;o__Eurotiales;f__Thermoascaceae;g__Paecilomyces;s__dactylethromorphus
OTU651	k__Fungi;p__;c__;o__;f__;g__;s__
OTU652	k__Fungi;p__Fungi_phy_Incertae_sedis;c__Fungi_cls_Incertae_sedis;o__Fungi_ord_Incertae_sedis;f__Fungi_fam_Incertae_sedis;g__Fungi_gen_Incertae_sedis;s__
OTU653	k__Fungi;p__Ascomycota;c__Dothideomycetes;o__Pleosporales;f__Pleosporaceae;g__Alternaria;s__eichhorniae
OTU654	k__Fungi;p__Ascomycota;c__Lecanoromycetes;o__;f__;g__;s__
OTU655	k__Fungi;p__Basidiomycota;c__Malasseziomycetes;o__Malasseziales;f__Malasseziaceae;g__Malassezia;s__restricta
OTU656	k__Fungi;p__;c__;o__;f__;g__;s__
OTU657	k__Fungi;p__Ascomycota;c__Lecanoromycetes;o__Pertusariales;f__Pertusariaceae;g__Pertusaria;s__obruta
OTU658	k__Fungi;p__;c__;o__;f__;g__;s__
OTU659	k__Fungi;p__Ascomycota;c__Lecanoromycetes;o__;f__;g__;s__
OTU660	k__Fungi;p__Ascomycota;c__Lecanoromycetes;o__;f__;g__;s__
OTU661	k__Fungi;p__;c__;o__;f__;g__;s__
OTU662	k__Fungi;p__Chytridiomycota;c__;o__;f__;g__;s__
OTU663	k__Fungi;p__Basidiomycota;c__Exobasidiomycetes;o__Entylomatales;f__Entylomataceae;g__Tilletiopsis;s__washingtonensis
OTU664	k__Fungi;p__;c__;o__;f__;g__;s__
OTU665	k__Fungi;p__Ascomycota;c__Lecanoromycetes;o__;f__;g__;s__
OTU666	k__Fungi;p__Ascomycota;c__Lecanoromycetes;o__Pertusariales;f__Pertusariaceae;g__Pertusaria;s__obruta
OTU667	k__Fungi;p__;c__;o__;f__;g__;s__
OTU668	k__Fungi;p__;c__;o__;f__;g__;s__
OTU669	k__Fungi;p__Ascomycota;c__Sordariomycetes;o__Hypocreales;f__Sarocladiaceae;g__Sarocladium;s__kiliense
OTU670	k__Fungi;p__;c__;o__;f__;g__;s__
OTU671	k__Fungi;p__;c__;o__;f__;g__;s__
OTU672	k__Fungi;p__;c__;o__;f__;g__;s__
OTU673	k__Fungi;p__;c__;o__;f__;g__;s__
OTU674	k__Fungi;p__Basidiomycota;c__Agaricomycetes;o__Polyporales;f__Irpicaceae;g__Meruliopsis;s__
OTU675	k__Fungi;p__Ascomycota;c__Dothideomycetes;o__Pleosporales;f__Didymellaceae;g__Didymella;s__
OTU676	k__Fungi;p__;c__;o__;f__;g__;s__
OTU677	k__Fungi;p__;c__;o__;f__;g__;s__
OTU678	k__Fungi;p__;c__;o__;f__;g__;s__
OTU679	k__Fungi;p__;c__;o__;f__;g__;s__
OTU680	k__Fungi;p__Ascomycota;c__;o__;f__;g__;s__
OTU681	k__Fungi;p__Ascomycota;c__Lecanoromycetes;o__;f__;g__;s__
OTU682	k__Fungi;p__;c__;o__;f__;g__;s__
OTU683	k__Fungi;p__Chytridiomycota;c__Chytridiomycota_cls_Incertae_sedis;o__Chytridiomycota_ord_Incertae_sedis;f__Chytridiomycota_fam_Incertae_sedis;g__Chytridiomycota_gen_Incertae_sedis;s__
OTU684	k__Fungi;p__Ascomycota;c__Lecanoromycetes;o__;f__;g__;s__
OTU685	k__Fungi;p__;c__;o__;f__;g__;s__
OTU686	k__Fungi;p__;c__;o__;f__;g__;s__
OTU687	k__Fungi;p__;c__;o__;f__;g__;s__
OTU688	k__Fungi;p__Ascomycota;c__Lecanoromycetes;o__;f__;g__;s__
OTU689	k__Fungi;p__Ascomycota;c__Eurotiomycetes;o__Eurotiales;f__Thermoascaceae;g__Paecilomyces;s__dactylethromorphus
OTU690	k__Fungi;p__Ascomycota;c__;o__;f__;g__;s__
OTU691	k__Fungi;p__Ascomycota;c__Dothideomycetes;o__Pleosporales;f__Periconiaceae;g__Periconia;s__celtidis
OTU692	k__Fungi;p__Ascomycota;c__Lecanoromycetes;o__;f__;g__;s__
OTU693	k__Fungi;p__;c__;o__;f__;g__;s__
OTU694	k__Fungi;p__;c__;o__;f__;g__;s__
OTU695	k__Fungi;p__Ascomycota;c__Eurotiomycetes;o__Eurotiales;f__Thermoascaceae;g__Paecilomyces;s__dactylethromorphus
OTU696	k__Fungi;p__;c__;o__;f__;g__;s__
OTU697	k__Fungi;p__;c__;o__;f__;g__;s__
OTU698	k__Fungi;p__Ascomycota;c__Lecanoromycetes;o__;f__;g__;s__
OTU699	k__Fungi;p__Ascomycota;c__;o__;f__;g__;s__
OTU700	k__Fungi;p__;c__;o__;f__;g__;s__
OTU701	k__Fungi;p__;c__;o__;f__;g__;s__
OTU702	k__Fungi;p__Ascomycota;c__Lecanoromycetes;o__;f__;g__;s__
OTU703	k__Fungi;p__Ascomycota;c__;o__;f__;g__;s__
OTU704	k__Fungi;p__;c__;o__;f__;g__;s__
OTU705	k__Fungi;p__Ascomycota;c__Lecanoromycetes;o__;f__;g__;s__
OTU706	k__Fungi;p__Basidiomycota;c__Agaricomycetes;o__Polyporales;f__Polyporaceae;g__Trametes;s__pubescens
OTU707	k__Fungi;p__;c__;o__;f__;g__;s__
OTU708	k__Fungi;p__;c__;o__;f__;g__;s__
OTU709	k__Fungi;p__Ascomycota;c__;o__;f__;g__;s__
OTU710	k__Fungi;p__Chytridiomycota;c__Chytridiomycota_cls_Incertae_sedis;o__Chytridiomycota_ord_Incertae_sedis;f__Chytridiomycota_fam_Incertae_sedis;g__Chytridiomycota_gen_Incertae_sedis;s__
OTU711	k__Fungi;p__Ascomycota;c__Dothideomycetes;o__Pleosporales;f__Pleosporaceae;g__Stemphylium;s__vesicarium
OTU712	k__Fungi;p__;c__;o__;f__;g__;s__
OTU713	k__Fungi;p__;c__;o__;f__;g__;s__
OTU714	k__Fungi;p__Chytridiomycota;c__Chytridiomycota_cls_Incertae_sedis;o__Chytridiomycota_ord_Incertae_sedis;f__Chytridiomycota_fam_Incertae_sedis;g__Chytridiomycota_gen_Incertae_sedis;s__
OTU715	k__Fungi;p__Ascomycota;c__;o__;f__;g__;s__
OTU716	k__Fungi;p__Ascomycota;c__;o__;f__;g__;s__
OTU717	k__Fungi;p__Ascomycota;c__Sordariomycetes;o__Hypocreales;f__Stachybotryaceae;g__Striaticonidium;s__cinctum
OTU718	k__Fungi;p__;c__;o__;f__;g__;s__
OTU719	k__Fungi;p__;c__;o__;f__;g__;s__
OTU720	k__Fungi;p__;c__;o__;f__;g__;s__
OTU721	k__Fungi;p__;c__;o__;f__;g__;s__
OTU722	k__Fungi;p__Ascomycota;c__;o__;f__;g__;s__
OTU723	k__Fungi;p__;c__;o__;f__;g__;s__
OTU724	k__Fungi;p__Ascomycota;c__Lecanoromycetes;o__;f__;g__;s__
OTU725	k__Fungi;p__;c__;o__;f__;g__;s__
OTU726	k__Fungi;p__Ascomycota;c__Leotiomycetes;o__Helotiales;f__Erysiphaceae;g__Blumeria;s__graminis
OTU727	k__Fungi;p__Basidiomycota;c__Agaricomycetes;o__Agaricales;f__Strophariaceae;g__Hypholoma;s__capnoides
OTU728	k__Fungi;p__;c__;o__;f__;g__;s__
OTU729	k__Fungi;p__Ascomycota;c__;o__;f__;g__;s__
OTU730	k__Fungi;p__Chytridiomycota;c__Chytridiomycota_cls_Incertae_sedis;o__Chytridiomycota_ord_Incertae_sedis;f__Chytridiomycota_fam_Incertae_sedis;g__Chytridiomycota_gen_Incertae_sedis;s__
OTU731	k__Fungi;p__Chytridiomycota;c__;o__;f__;g__;s__
OTU732	k__Fungi;p__;c__;o__;f__;g__;s__
OTU733	k__Fungi;p__Ascomycota;c__;o__;f__;g__;s__
OTU734	k__Fungi;p__;c__;o__;f__;g__;s__
OTU735	k__Fungi;p__;c__;o__;f__;g__;s__
OTU736	k__Fungi;p__;c__;o__;f__;g__;s__
OTU737	k__Fungi;p__Ascomycota;c__Eurotiomycetes;o__Eurotiales;f__Aspergillaceae;g__Aspergillus;s__penicillioides
OTU738	k__Fungi;p__;c__;o__;f__;g__;s__
OTU739	k__Fungi;p__Chytridiomycota;c__;o__;f__;g__;s__
OTU740	k__Fungi;p__Ascomycota;c__Lecanoromycetes;o__;f__;g__;s__
OTU741	k__Fungi;p__Ascomycota;c__Dothideomycetes;o__Pleosporales;f__Didymellaceae;g__Neoascochyta;s__desmazieri
OTU742	k__Fungi;p__Ascomycota;c__Lecanoromycetes;o__;f__;g__;s__
OTU743	k__Fungi;p__;c__;o__;f__;g__;s__
OTU744	k__Fungi;p__Ascomycota;c__;o__;f__;g__;s__
OTU745	k__Fungi;p__;c__;o__;f__;g__;s__
OTU746	k__Fungi;p__Ascomycota;c__;o__;f__;g__;s__
OTU747	k__Fungi;p__;c__;o__;f__;g__;s__
OTU748	k__Fungi;p__Basidiomycota;c__Agaricomycetes;o__Russulales;f__Peniophoraceae;g__Peniophora;s__cinerea
OTU749	k__Fungi;p__;c__;o__;f__;g__;s__
OTU750	k__Fungi;p__;c__;o__;f__;g__;s__
OTU751	k__Fungi;p__;c__;o__;f__;g__;s__
OTU752	k__Fungi;p__;c__;o__;f__;g__;s__
OTU753	k__Fungi;p__Basidiomycota;c__Microbotryomycetes;o__Sporidiobolales;f__Sporidiobolaceae;g__Rhodosporidiobolus;s__colostri
OTU754	k__Fungi;p__;c__;o__;f__;g__;s__
OTU755	k__Fungi;p__;c__;o__;f__;g__;s__
OTU756	k__Fungi;p__Ascomycota;c__Lecanoromycetes;o__Pertusariales;f__Pertusariaceae;g__Pertusaria;s__obruta
OTU757	k__Fungi;p__Ascomycota;c__Lecanoromycetes;o__Pertusariales;f__Pertusariaceae;g__Pertusaria;s__obruta
OTU758	k__Fungi;p__Ascomycota;c__Lecanoromycetes;o__Pertusariales;f__Pertusariaceae;g__Pertusaria;s__obruta
OTU759	k__Fungi;p__Ascomycota;c__Dothideomycetes;o__Pleosporales;f__Didymosphaeriaceae;g__Montagnula;s__
OTU760	k__Fungi;p__;c__;o__;f__;g__;s__
OTU761	k__Fungi;p__Chytridiomycota;c__Chytridiomycota_cls_Incertae_sedis;o__Chytridiomycota_ord_Incertae_sedis;f__Chytridiomycota_fam_Incertae_sedis;g__Chytridiomycota_gen_Incertae_sedis;s__
OTU762	k__Fungi;p__;c__;o__;f__;g__;s__
OTU763	k__Fungi;p__Ascomycota;c__Lecanoromycetes;o__;f__;g__;s__
OTU764	k__Fungi;p__Ascomycota;c__Lecanoromycetes;o__;f__;g__;s__
OTU765	k__Fungi;p__;c__;o__;f__;g__;s__
OTU766	k__Fungi;p__;c__;o__;f__;g__;s__
OTU767	k__Fungi;p__;c__;o__;f__;g__;s__
OTU768	k__Fungi;p__Ascomycota;c__Lecanoromycetes;o__;f__;g__;s__
OTU769	k__Fungi;p__Ascomycota;c__Laboulbeniomycetes;o__Pyxidiophorales;f__Pyxidiophoraceae;g__Pyxidiophora;s__arvernensis
OTU770	k__Fungi;p__Ascomycota;c__;o__;f__;g__;s__
OTU771	k__Fungi;p__;c__;o__;f__;g__;s__
OTU772	k__Fungi;p__Ascomycota;c__Lecanoromycetes;o__;f__;g__;s__
OTU773	k__Fungi;p__Ascomycota;c__Lecanoromycetes;o__;f__;g__;s__
OTU774	k__Fungi;p__Ascomycota;c__Lecanoromycetes;o__;f__;g__;s__
OTU775	k__Fungi;p__;c__;o__;f__;g__;s__
OTU776	k__Fungi;p__;c__;o__;f__;g__;s__
OTU777	k__Fungi;p__;c__;o__;f__;g__;s__
OTU778	k__Fungi;p__;c__;o__;f__;g__;s__
OTU779	k__Fungi;p__Ascomycota;c__Lecanoromycetes;o__;f__;g__;s__
OTU780	k__Fungi;p__Ascomycota;c__Lecanoromycetes;o__;f__;g__;s__
OTU781	k__Fungi;p__Ascomycota;c__Sordariomycetes;o__Microascales;f__Microascaceae;g__;s__
OTU782	k__Fungi;p__Ascomycota;c__Lecanoromycetes;o__;f__;g__;s__
OTU783	k__Fungi;p__;c__;o__;f__;g__;s__
OTU784	k__Fungi;p__;c__;o__;f__;g__;s__
OTU785	k__Fungi;p__;c__;o__;f__;g__;s__
OTU786	k__Fungi;p__;c__;o__;f__;g__;s__
OTU787	k__Fungi;p__;c__;o__;f__;g__;s__
OTU788	k__Fungi;p__;c__;o__;f__;g__;s__
OTU789	k__Fungi;p__Ascomycota;c__Lecanoromycetes;o__;f__;g__;s__
OTU790	k__Fungi;p__;c__;o__;f__;g__;s__
OTU791	k__Fungi;p__;c__;o__;f__;g__;s__
OTU792	k__Fungi;p__;c__;o__;f__;g__;s__
OTU793	k__Fungi;p__Ascomycota;c__Lecanoromycetes;o__;f__;g__;s__
OTU794	k__Fungi;p__Ascomycota;c__Lecanoromycetes;o__Pertusariales;f__Pertusariaceae;g__Pertusaria;s__obruta
OTU795	k__Fungi;p__Ascomycota;c__Sordariomycetes;o__Hypocreales;f__Nectriaceae;g__Fusarium;s__incarnatum
OTU796	k__Fungi;p__Ascomycota;c__Dothideomycetes;o__Cladosporiales;f__Cladosporiaceae;g__Cladosporium;s__sphaerospermum
OTU797	k__Fungi;p__Ascomycota;c__Eurotiomycetes;o__Eurotiales;f__Aspergillaceae;g__Aspergillus;s__sydowii
OTU798	k__Fungi;p__Ascomycota;c__Lecanoromycetes;o__;f__;g__;s__
OTU799	k__Fungi;p__Ascomycota;c__;o__;f__;g__;s__
OTU800	k__Fungi;p__;c__;o__;f__;g__;s__
OTU801	k__Fungi;p__Basidiomycota;c__Tremellomycetes;o__Filobasidiales;f__Filobasidiaceae;g__Filobasidium;s__floriforme
OTU802	k__Fungi;p__;c__;o__;f__;g__;s__
OTU803	k__Fungi;p__Chytridiomycota;c__;o__;f__;g__;s__
OTU804	k__Fungi;p__Ascomycota;c__Lecanoromycetes;o__Pertusariales;f__Pertusariaceae;g__Pertusaria;s__obruta
OTU805	k__Fungi;p__;c__;o__;f__;g__;s__
OTU806	k__Fungi;p__Chytridiomycota;c__Chytridiomycota_cls_Incertae_sedis;o__Chytridiomycota_ord_Incertae_sedis;f__Chytridiomycota_fam_Incertae_sedis;g__Chytridiomycota_gen_Incertae_sedis;s__
OTU807	k__Fungi;p__Ascomycota;c__Lecanoromycetes;o__;f__;g__;s__
OTU808	k__Fungi;p__;c__;o__;f__;g__;s__
OTU809	k__Fungi;p__Ascomycota;c__Sordariomycetes;o__Glomerellales;f__Plectosphaerellaceae;g__Gibellulopsis;s__piscis
OTU810	k__Fungi;p__;c__;o__;f__;g__;s__
OTU811	k__Fungi;p__Ascomycota;c__;o__;f__;g__;s__
OTU812	k__Fungi;p__;c__;o__;f__;g__;s__
OTU813	k__Fungi;p__;c__;o__;f__;g__;s__
OTU814	k__Fungi;p__Ascomycota;c__Lecanoromycetes;o__;f__;g__;s__
OTU815	k__Fungi;p__Chytridiomycota;c__;o__;f__;g__;s__
OTU816	k__Fungi;p__Ascomycota;c__;o__;f__;g__;s__
OTU817	k__Fungi;p__;c__;o__;f__;g__;s__
OTU818	k__Fungi;p__Ascomycota;c__;o__;f__;g__;s__
OTU819	k__Fungi;p__;c__;o__;f__;g__;s__
OTU820	k__Fungi;p__Ascomycota;c__;o__;f__;g__;s__
OTU821	k__Fungi;p__Ascomycota;c__;o__;f__;g__;s__
OTU822	k__Fungi;p__;c__;o__;f__;g__;s__
OTU823	k__Fungi;p__;c__;o__;f__;g__;s__
OTU824	k__Fungi;p__Ascomycota;c__Lecanoromycetes;o__Pertusariales;f__Pertusariaceae;g__Pertusaria;s__obruta
OTU825	k__Fungi;p__Basidiomycota;c__Malasseziomycetes;o__Malasseziales;f__Malasseziaceae;g__Malassezia;s__
OTU826	k__Fungi;p__Ascomycota;c__;o__;f__;g__;s__
OTU827	k__Fungi;p__;c__;o__;f__;g__;s__
OTU828	k__Fungi;p__;c__;o__;f__;g__;s__
OTU829	k__Fungi;p__;c__;o__;f__;g__;s__
OTU830	k__Fungi;p__;c__;o__;f__;g__;s__
OTU831	k__Fungi;p__Ascomycota;c__Sordariomycetes;o__Hypocreales;f__Sarocladiaceae;g__Sarocladium;s__
OTU832	k__Fungi;p__Ascomycota;c__Sordariomycetes;o__Hypocreales;f__Stachybotryaceae;g__Paramyrothecium;s__
OTU833	k__Fungi;p__;c__;o__;f__;g__;s__
OTU834	k__Fungi;p__;c__;o__;f__;g__;s__
OTU835	k__Fungi;p__Ascomycota;c__Lecanoromycetes;o__;f__;g__;s__
OTU836	k__Fungi;p__;c__;o__;f__;g__;s__
OTU837	k__Fungi;p__Ascomycota;c__;o__;f__;g__;s__
OTU838	k__Fungi;p__;c__;o__;f__;g__;s__
OTU839	k__Fungi;p__Ascomycota;c__;o__;f__;g__;s__
OTU840	k__Fungi;p__;c__;o__;f__;g__;s__
OTU841	k__Fungi;p__Ascomycota;c__;o__;f__;g__;s__
OTU842	k__Fungi;p__Basidiomycota;c__Tremellomycetes;o__Tremellales;f__Bulleribasidiaceae;g__Hannaella;s__zeae
OTU843	k__Fungi;p__;c__;o__;f__;g__;s__
OTU844	k__Fungi;p__;c__;o__;f__;g__;s__
OTU845	k__Fungi;p__Ascomycota;c__Lecanoromycetes;o__Caliciales;f__Physciaceae;g__Rinodina;s__
OTU846	k__Fungi;p__Ascomycota;c__Sordariomycetes;o__Glomerellales;f__Plectosphaerellaceae;g__Gibellulopsis;s__piscis
OTU847	k__Fungi;p__;c__;o__;f__;g__;s__
OTU848	k__Fungi;p__;c__;o__;f__;g__;s__
OTU849	k__Fungi;p__Ascomycota;c__Lecanoromycetes;o__Pertusariales;f__Pertusariaceae;g__Pertusaria;s__obruta
OTU850	k__Fungi;p__;c__;o__;f__;g__;s__
OTU851	k__Fungi;p__Chytridiomycota;c__;o__;f__;g__;s__
OTU852	k__Fungi;p__Ascomycota;c__Lecanoromycetes;o__;f__;g__;s__
OTU853	k__Fungi;p__;c__;o__;f__;g__;s__
OTU854	k__Fungi;p__;c__;o__;f__;g__;s__
OTU855	k__Fungi;p__Ascomycota;c__;o__;f__;g__;s__
OTU856	k__Fungi;p__Ascomycota;c__Saccharomycetes;o__Saccharomycetales;f__Saccharomycetaceae;g__Saccharomyces;s__bayanus
OTU857	k__Fungi;p__Basidiomycota;c__Agaricomycetes;o__Russulales;f__Peniophoraceae;g__Baltazaria;s__galactina
OTU858	k__Fungi;p__;c__;o__;f__;g__;s__
OTU859	k__Fungi;p__Ascomycota;c__Sordariomycetes;o__Hypocreales;f__Cordycipitaceae;g__Engyodontium;s__album
OTU860	k__Fungi;p__;c__;o__;f__;g__;s__
OTU861	k__Fungi;p__Basidiomycota;c__Agaricomycetes;o__Agaricales;f__Cortinariaceae;g__Cortinarius;s__flabellus
OTU862	k__Fungi;p__Ascomycota;c__Lecanoromycetes;o__Pertusariales;f__Pertusariaceae;g__Pertusaria;s__obruta
OTU863	k__Fungi;p__;c__;o__;f__;g__;s__
OTU864	k__Fungi;p__;c__;o__;f__;g__;s__
OTU865	k__Fungi;p__Ascomycota;c__Eurotiomycetes;o__Eurotiales;f__Thermoascaceae;g__Paecilomyces;s__dactylethromorphus
OTU866	k__Fungi;p__;c__;o__;f__;g__;s__
OTU867	k__Fungi;p__;c__;o__;f__;g__;s__
OTU868	k__Fungi;p__Ascomycota;c__;o__;f__;g__;s__
OTU869	k__Fungi;p__;c__;o__;f__;g__;s__
OTU870	k__Fungi;p__Ascomycota;c__Eurotiomycetes;o__Eurotiales;f__Thermoascaceae;g__Paecilomyces;s__dactylethromorphus
OTU871	k__Fungi;p__;c__;o__;f__;g__;s__
OTU872	k__Fungi;p__Ascomycota;c__Lecanoromycetes;o__Pertusariales;f__Pertusariaceae;g__Pertusaria;s__obruta
OTU873	k__Fungi;p__;c__;o__;f__;g__;s__
OTU874	k__Fungi;p__Ascomycota;c__Saccharomycetes;o__Saccharomycetales;f__Saccharomycetales_fam_Incertae_sedis;g__Candida;s__
OTU875	k__Fungi;p__;c__;o__;f__;g__;s__
OTU876	k__Fungi;p__Ascomycota;c__Eurotiomycetes;o__Eurotiales;f__Thermoascaceae;g__Paecilomyces;s__dactylethromorphus
OTU877	k__Fungi;p__;c__;o__;f__;g__;s__
OTU878	k__Fungi;p__Basidiomycota;c__Agaricomycetes;o__Agaricales;f__Physalacriaceae;g__Armillaria;s__borealis
OTU879	k__Fungi;p__Ascomycota;c__Eurotiomycetes;o__Eurotiales;f__Aspergillaceae;g__Aspergillus;s__ruber
OTU880	k__Fungi;p__;c__;o__;f__;g__;s__
OTU881	k__Fungi;p__;c__;o__;f__;g__;s__
OTU882	k__Fungi;p__Ascomycota;c__Lecanoromycetes;o__;f__;g__;s__
OTU883	k__Fungi;p__;c__;o__;f__;g__;s__
OTU884	k__Fungi;p__Ascomycota;c__Lecanoromycetes;o__;f__;g__;s__
OTU885	k__Fungi;p__Ascomycota;c__;o__;f__;g__;s__
OTU886	k__Fungi;p__;c__;o__;f__;g__;s__
OTU887	k__Fungi;p__Ascomycota;c__Lecanoromycetes;o__;f__;g__;s__
OTU888	k__Fungi;p__;c__;o__;f__;g__;s__
OTU889	k__Fungi;p__;c__;o__;f__;g__;s__
OTU890	k__Fungi;p__Ascomycota;c__Saccharomycetes;o__Saccharomycetales;f__Saccharomycetales_fam_Incertae_sedis;g__Candida;s__orthopsilosis
OTU891	k__Fungi;p__;c__;o__;f__;g__;s__
OTU892	k__Fungi;p__Basidiomycota;c__Microbotryomycetes;o__Sporidiobolales;f__Sporidiobolaceae;g__Rhodosporidiobolus;s__platycladi
OTU893	k__Fungi;p__Ascomycota;c__;o__;f__;g__;s__
OTU894	k__Fungi;p__;c__;o__;f__;g__;s__
OTU895	k__Fungi;p__;c__;o__;f__;g__;s__
OTU896	k__Fungi;p__Ascomycota;c__Lecanoromycetes;o__;f__;g__;s__
OTU897	k__Fungi;p__Ascomycota;c__Lecanoromycetes;o__;f__;g__;s__
OTU898	k__Fungi;p__Ascomycota;c__Lecanoromycetes;o__;f__;g__;s__
OTU899	k__Fungi;p__Ascomycota;c__Lecanoromycetes;o__;f__;g__;s__
OTU900	k__Fungi;p__Ascomycota;c__Lecanoromycetes;o__;f__;g__;s__
OTU901	k__Fungi;p__;c__;o__;f__;g__;s__
OTU902	k__Fungi;p__;c__;o__;f__;g__;s__
OTU903	k__Fungi;p__Ascomycota;c__Lecanoromycetes;o__;f__;g__;s__
OTU904	k__Fungi;p__;c__;o__;f__;g__;s__
OTU905	k__Fungi;p__;c__;o__;f__;g__;s__
OTU906	k__Fungi;p__;c__;o__;f__;g__;s__
OTU907	k__Fungi;p__Ascomycota;c__Lecanoromycetes;o__;f__;g__;s__
OTU908	k__Fungi;p__Ascomycota;c__;o__;f__;g__;s__
OTU909	k__Fungi;p__;c__;o__;f__;g__;s__
OTU910	k__Fungi;p__;c__;o__;f__;g__;s__
OTU911	k__Fungi;p__Chytridiomycota;c__Chytridiomycota_cls_Incertae_sedis;o__Chytridiomycota_ord_Incertae_sedis;f__Chytridiomycota_fam_Incertae_sedis;g__Chytridiomycota_gen_Incertae_sedis;s__
OTU912	k__Fungi;p__Ascomycota;c__;o__;f__;g__;s__
OTU913	k__Fungi;p__Ascomycota;c__;o__;f__;g__;s__
OTU914	k__Fungi;p__Ascomycota;c__;o__;f__;g__;s__
OTU915	k__Fungi;p__Ascomycota;c__Lecanoromycetes;o__;f__;g__;s__
OTU916	k__Fungi;p__;c__;o__;f__;g__;s__
OTU917	k__Fungi;p__;c__;o__;f__;g__;s__
OTU918	k__Fungi;p__;c__;o__;f__;g__;s__
OTU919	k__Fungi;p__;c__;o__;f__;g__;s__
OTU920	k__Fungi;p__Ascomycota;c__Lecanoromycetes;o__;f__;g__;s__
OTU921	k__Fungi;p__;c__;o__;f__;g__;s__
OTU922	k__Fungi;p__;c__;o__;f__;g__;s__
OTU923	k__Fungi;p__;c__;o__;f__;g__;s__
OTU924	k__Fungi;p__;c__;o__;f__;g__;s__
OTU925	k__Fungi;p__Ascomycota;c__;o__;f__;g__;s__
OTU926	k__Fungi;p__Ascomycota;c__Eurotiomycetes;o__Eurotiales;f__Thermoascaceae;g__Paecilomyces;s__dactylethromorphus
OTU927	k__Fungi;p__Ascomycota;c__Lecanoromycetes;o__;f__;g__;s__
OTU928	k__Fungi;p__;c__;o__;f__;g__;s__
OTU929	k__Fungi;p__Ascomycota;c__Lecanoromycetes;o__;f__;g__;s__
OTU930	k__Fungi;p__Chytridiomycota;c__Chytridiomycota_cls_Incertae_sedis;o__Chytridiomycota_ord_Incertae_sedis;f__Chytridiomycota_fam_Incertae_sedis;g__Chytridiomycota_gen_Incertae_sedis;s__
OTU931	k__Fungi;p__Ascomycota;c__Lecanoromycetes;o__;f__;g__;s__
OTU932	k__Fungi;p__Ascomycota;c__Saccharomycetes;o__Saccharomycetales;f__Saccharomycetales_fam_Incertae_sedis;g__Yarrowia;s__lipolytica
OTU933	k__Fungi;p__Ascomycota;c__Sordariomycetes;o__Hypocreales;f__Sarocladiaceae;g__Sarocladium;s__kiliense
OTU934	k__Fungi;p__Ascomycota;c__;o__;f__;g__;s__
OTU935	k__Fungi;p__;c__;o__;f__;g__;s__
OTU936	k__Fungi;p__Chytridiomycota;c__;o__;f__;g__;s__
OTU937	k__Fungi;p__;c__;o__;f__;g__;s__
OTU938	k__Fungi;p__Ascomycota;c__Saccharomycetes;o__Saccharomycetales;f__Saccharomycetales_fam_Incertae_sedis;g__Candida;s__
OTU939	k__Fungi;p__;c__;o__;f__;g__;s__
OTU940	k__Fungi;p__;c__;o__;f__;g__;s__
OTU941	k__Fungi;p__Ascomycota;c__;o__;f__;g__;s__
OTU942	k__Fungi;p__Ascomycota;c__Eurotiomycetes;o__Eurotiales;f__Aspergillaceae;g__Aspergillus;s__aculeatus
OTU943	k__Fungi;p__Ascomycota;c__Lecanoromycetes;o__Pertusariales;f__Pertusariaceae;g__Pertusaria;s__obruta
OTU944	k__Fungi;p__Ascomycota;c__Lecanoromycetes;o__Pertusariales;f__Pertusariaceae;g__Pertusaria;s__obruta
OTU945	k__Fungi;p__;c__;o__;f__;g__;s__
OTU946	k__Fungi;p__Ascomycota;c__Dothideomycetes;o__Cladosporiales;f__Cladosporiaceae;g__Cladosporium;s__sphaerospermum
OTU947	k__Fungi;p__Ascomycota;c__Lecanoromycetes;o__;f__;g__;s__
OTU948	k__Fungi;p__;c__;o__;f__;g__;s__
OTU949	k__Fungi;p__Ascomycota;c__;o__;f__;g__;s__
OTU950	k__Fungi;p__;c__;o__;f__;g__;s__
OTU951	k__Fungi;p__Ascomycota;c__Lecanoromycetes;o__;f__;g__;s__
OTU952	k__Fungi;p__;c__;o__;f__;g__;s__
OTU953	k__Fungi;p__Chytridiomycota;c__Chytridiomycota_cls_Incertae_sedis;o__Chytridiomycota_ord_Incertae_sedis;f__Chytridiomycota_fam_Incertae_sedis;g__Chytridiomycota_gen_Incertae_sedis;s__
OTU954	k__Fungi;p__;c__;o__;f__;g__;s__
OTU955	k__Fungi;p__Ascomycota;c__Lecanoromycetes;o__;f__;g__;s__
OTU956	k__Fungi;p__Chytridiomycota;c__Chytridiomycota_cls_Incertae_sedis;o__Chytridiomycota_ord_Incertae_sedis;f__Chytridiomycota_fam_Incertae_sedis;g__Chytridiomycota_gen_Incertae_sedis;s__
OTU957	k__Fungi;p__;c__;o__;f__;g__;s__
OTU958	k__Fungi;p__;c__;o__;f__;g__;s__
OTU959	k__Fungi;p__Ascomycota;c__Eurotiomycetes;o__Eurotiales;f__Aspergillaceae;g__Aspergillus;s__aculeatus
OTU960	k__Fungi;p__Ascomycota;c__;o__;f__;g__;s__
OTU961	k__Fungi;p__Basidiomycota;c__Malasseziomycetes;o__Malasseziales;f__Malasseziaceae;g__Malassezia;s__arunalokei
OTU962	k__Fungi;p__Ascomycota;c__Lecanoromycetes;o__Pertusariales;f__Pertusariaceae;g__Pertusaria;s__obruta
OTU963	k__Fungi;p__Ascomycota;c__Lecanoromycetes;o__;f__;g__;s__
OTU964	k__Fungi;p__;c__;o__;f__;g__;s__
OTU965	k__Fungi;p__;c__;o__;f__;g__;s__
OTU966	k__Fungi;p__;c__;o__;f__;g__;s__
OTU967	k__Fungi;p__;c__;o__;f__;g__;s__
OTU968	k__Fungi;p__;c__;o__;f__;g__;s__
OTU969	k__Fungi;p__Chytridiomycota;c__;o__;f__;g__;s__
OTU970	k__Fungi;p__Ascomycota;c__;o__;f__;g__;s__
OTU971	k__Fungi;p__Ascomycota;c__;o__;f__;g__;s__
OTU972	k__Fungi;p__Ascomycota;c__;o__;f__;g__;s__
OTU973	k__Fungi;p__Ascomycota;c__Lecanoromycetes;o__;f__;g__;s__
OTU974	k__Fungi;p__Ascomycota;c__Eurotiomycetes;o__Eurotiales;f__Aspergillaceae;g__Aspergillus;s__ruber
OTU975	k__Fungi;p__Ascomycota;c__Lecanoromycetes;o__Pertusariales;f__Pertusariaceae;g__Pertusaria;s__obruta
OTU976	k__Fungi;p__;c__;o__;f__;g__;s__
OTU977	k__Fungi;p__Ascomycota;c__Eurotiomycetes;o__Eurotiales;f__Aspergillaceae;g__Penicillium;s__
OTU978	k__Fungi;p__Ascomycota;c__Lecanoromycetes;o__Pertusariales;f__Pertusariaceae;g__Pertusaria;s__obruta
OTU979	k__Fungi;p__;c__;o__;f__;g__;s__
OTU980	k__Fungi;p__;c__;o__;f__;g__;s__
OTU981	k__Fungi;p__;c__;o__;f__;g__;s__
OTU982	k__Fungi;p__Ascomycota;c__Dothideomycetes;o__Cladosporiales;f__Cladosporiaceae;g__Davidiella;s__
OTU983	k__Fungi;p__Chytridiomycota;c__;o__;f__;g__;s__
OTU984	k__Fungi;p__;c__;o__;f__;g__;s__
OTU985	k__Fungi;p__Ascomycota;c__Saccharomycetes;o__Saccharomycetales;f__Saccharomycetales_fam_Incertae_sedis;g__Candida;s__
OTU986	k__Fungi;p__;c__;o__;f__;g__;s__
OTU987	k__Fungi;p__Ascomycota;c__Dothideomycetes;o__Pleosporales;f__Pyrenochaetopsidaceae;g__Pyrenochaetopsis;s__leptospora
OTU988	k__Fungi;p__;c__;o__;f__;g__;s__
OTU989	k__Fungi;p__;c__;o__;f__;g__;s__
OTU990	k__Fungi;p__;c__;o__;f__;g__;s__
OTU991	k__Fungi;p__Ascomycota;c__Eurotiomycetes;o__Eurotiales;f__Aspergillaceae;g__Penicillium;s__expansum
OTU992	k__Fungi;p__;c__;o__;f__;g__;s__
OTU993	k__Fungi;p__;c__;o__;f__;g__;s__
OTU994	k__Fungi;p__;c__;o__;f__;g__;s__
OTU995	k__Fungi;p__Ascomycota;c__Sordariomycetes;o__Hypocreales;f__Sarocladiaceae;g__Sarocladium;s__kiliense
OTU996	k__Fungi;p__;c__;o__;f__;g__;s__
OTU997	k__Fungi;p__;c__;o__;f__;g__;s__
OTU998	k__Fungi;p__Ascomycota;c__Eurotiomycetes;o__Eurotiales;f__Aspergillaceae;g__Penicillium;s__
OTU999	k__Fungi;p__Ascomycota;c__;o__;f__;g__;s__
OTU1000	k__Fungi;p__Basidiomycota;c__Pucciniomycetes;o__Pucciniales;f__Pucciniaceae;g__Puccinia;s__digitaticoronata
OTU1001	k__Fungi;p__Ascomycota;c__;o__;f__;g__;s__
OTU1002	k__Fungi;p__;c__;o__;f__;g__;s__
OTU1003	k__Fungi;p__Basidiomycota;c__Malasseziomycetes;o__Malasseziales;f__Malasseziaceae;g__Malassezia;s__japonica
OTU1004	k__Fungi;p__;c__;o__;f__;g__;s__
OTU1005	k__Fungi;p__Ascomycota;c__Dothideomycetes;o__Pleosporales;f__Didymosphaeriaceae;g__Pseudopithomyces;s__
OTU1006	k__Fungi;p__;c__;o__;f__;g__;s__
OTU1007	k__Fungi;p__;c__;o__;f__;g__;s__
OTU1008	k__Fungi;p__Ascomycota;c__Lecanoromycetes;o__Pertusariales;f__Pertusariaceae;g__Pertusaria;s__obruta
OTU1009	k__Fungi;p__;c__;o__;f__;g__;s__
OTU1010	k__Fungi;p__Chytridiomycota;c__;o__;f__;g__;s__
OTU1011	k__Fungi;p__Ascomycota;c__Eurotiomycetes;o__Eurotiales;f__Aspergillaceae;g__Aspergillus;s__aculeatus
OTU1012	k__Fungi;p__Ascomycota;c__Lecanoromycetes;o__Pertusariales;f__Pertusariaceae;g__Pertusaria;s__obruta
OTU1013	k__Fungi;p__Ascomycota;c__;o__;f__;g__;s__
OTU1014	k__Fungi;p__Ascomycota;c__;o__;f__;g__;s__
OTU1015	k__Fungi;p__;c__;o__;f__;g__;s__
OTU1016	k__Fungi;p__Ascomycota;c__Lecanoromycetes;o__;f__;g__;s__
OTU1017	k__Fungi;p__Ascomycota;c__;o__;f__;g__;s__
OTU1018	k__Fungi;p__;c__;o__;f__;g__;s__
OTU1019	k__Fungi;p__Ascomycota;c__Lecanoromycetes;o__;f__;g__;s__
OTU1020	k__Fungi;p__Ascomycota;c__;o__;f__;g__;s__
OTU1021	k__Fungi;p__;c__;o__;f__;g__;s__
OTU1022	k__Fungi;p__Basidiomycota;c__Malasseziomycetes;o__Malasseziales;f__Malasseziaceae;g__Malassezia;s__restricta
OTU1023	k__Fungi;p__Ascomycota;c__Sordariomycetes;o__Glomerellales;f__Plectosphaerellaceae;g__Plectosphaerella;s__
OTU1024	k__Fungi;p__Ascomycota;c__Lecanoromycetes;o__;f__;g__;s__
OTU1025	k__Fungi;p__;c__;o__;f__;g__;s__
OTU1026	k__Fungi;p__Ascomycota;c__;o__;f__;g__;s__
OTU1027	k__Fungi;p__Ascomycota;c__;o__;f__;g__;s__
OTU1028	k__Fungi;p__Chytridiomycota;c__Chytridiomycota_cls_Incertae_sedis;o__Chytridiomycota_ord_Incertae_sedis;f__Chytridiomycota_fam_Incertae_sedis;g__Chytridiomycota_gen_Incertae_sedis;s__
OTU1029	k__Fungi;p__Ascomycota;c__Lecanoromycetes;o__;f__;g__;s__
OTU1030	k__Fungi;p__;c__;o__;f__;g__;s__
OTU1031	k__Fungi;p__Ascomycota;c__;o__;f__;g__;s__
OTU1032	k__Fungi;p__Chytridiomycota;c__Chytridiomycota_cls_Incertae_sedis;o__Chytridiomycota_ord_Incertae_sedis;f__Chytridiomycota_fam_Incertae_sedis;g__Chytridiomycota_gen_Incertae_sedis;s__
OTU1033	k__Fungi;p__;c__;o__;f__;g__;s__
OTU1034	k__Fungi;p__Ascomycota;c__Sordariomycetes;o__Hypocreales;f__Bionectriaceae;g__Acremonium;s__alternatum
OTU1035	k__Fungi;p__Ascomycota;c__Lecanoromycetes;o__;f__;g__;s__
OTU1036	k__Fungi;p__;c__;o__;f__;g__;s__
OTU1037	k__Fungi;p__Ascomycota;c__Lecanoromycetes;o__;f__;g__;s__
OTU1038	k__Fungi;p__Ascomycota;c__Lecanoromycetes;o__;f__;g__;s__
OTU1039	k__Fungi;p__;c__;o__;f__;g__;s__
OTU1040	k__Fungi;p__;c__;o__;f__;g__;s__
OTU1041	k__Fungi;p__Ascomycota;c__;o__;f__;g__;s__
OTU1042	k__Fungi;p__;c__;o__;f__;g__;s__
OTU1043	k__Fungi;p__Ascomycota;c__Saccharomycetes;o__Saccharomycetales;f__Saccharomycetales_fam_Incertae_sedis;g__Candida;s__sake
OTU1044	k__Fungi;p__Ascomycota;c__;o__;f__;g__;s__
OTU1045	k__Fungi;p__;c__;o__;f__;g__;s__
OTU1046	k__Fungi;p__;c__;o__;f__;g__;s__
OTU1047	k__Fungi;p__;c__;o__;f__;g__;s__
OTU1048	k__Fungi;p__Ascomycota;c__;o__;f__;g__;s__
OTU1049	k__Fungi;p__;c__;o__;f__;g__;s__
OTU1050	k__Fungi;p__Ascomycota;c__Lecanoromycetes;o__;f__;g__;s__
OTU1051	k__Fungi;p__;c__;o__;f__;g__;s__
OTU1052	k__Fungi;p__Ascomycota;c__;o__;f__;g__;s__
OTU1053	k__Fungi;p__Ascomycota;c__;o__;f__;g__;s__
OTU1054	k__Fungi;p__Ascomycota;c__Lecanoromycetes;o__;f__;g__;s__
OTU1055	k__Fungi;p__;c__;o__;f__;g__;s__
OTU1056	k__Fungi;p__Ascomycota;c__Lecanoromycetes;o__;f__;g__;s__
OTU1057	k__Fungi;p__Ascomycota;c__Lecanoromycetes;o__;f__;g__;s__
OTU1058	k__Fungi;p__Ascomycota;c__Lecanoromycetes;o__;f__;g__;s__
OTU1059	k__Fungi;p__Ascomycota;c__Lecanoromycetes;o__;f__;g__;s__
OTU1060	k__Fungi;p__;c__;o__;f__;g__;s__
OTU1061	k__Fungi;p__Ascomycota;c__Saccharomycetes;o__Saccharomycetales;f__Saccharomycetales_fam_Incertae_sedis;g__Candida;s__
OTU1062	k__Fungi;p__Ascomycota;c__Lecanoromycetes;o__;f__;g__;s__
OTU1063	k__Fungi;p__Ascomycota;c__;o__;f__;g__;s__
OTU1064	k__Fungi;p__Chytridiomycota;c__;o__;f__;g__;s__
OTU1065	k__Fungi;p__;c__;o__;f__;g__;s__
OTU1066	k__Fungi;p__Ascomycota;c__Lecanoromycetes;o__Pertusariales;f__Pertusariaceae;g__Pertusaria;s__obruta
OTU1067	k__Fungi;p__Ascomycota;c__;o__;f__;g__;s__
OTU1068	k__Fungi;p__;c__;o__;f__;g__;s__
OTU1069	k__Fungi;p__Ascomycota;c__;o__;f__;g__;s__
OTU1070	k__Fungi;p__Ascomycota;c__;o__;f__;g__;s__
OTU1071	k__Fungi;p__Ascomycota;c__Lecanoromycetes;o__;f__;g__;s__
OTU1072	k__Fungi;p__Ascomycota;c__;o__;f__;g__;s__
OTU1073	k__Fungi;p__Ascomycota;c__Sordariomycetes;o__Hypocreales;f__Sarocladiaceae;g__Sarocladium;s__kiliense
OTU1074	k__Fungi;p__Ascomycota;c__Lecanoromycetes;o__Pertusariales;f__Pertusariaceae;g__Pertusaria;s__obruta
OTU1075	k__Fungi;p__;c__;o__;f__;g__;s__
OTU1076	k__Fungi;p__Ascomycota;c__Lecanoromycetes;o__;f__;g__;s__
OTU1077	k__Fungi;p__;c__;o__;f__;g__;s__
OTU1078	k__Fungi;p__;c__;o__;f__;g__;s__
OTU1079	k__Fungi;p__Basidiomycota;c__Agaricomycetes;o__Hymenochaetales;f__Hirschioporaceae;g__Pallidohirschioporus;s__subchartaceus
OTU1080	k__Fungi;p__Basidiomycota;c__Malasseziomycetes;o__Malasseziales;f__Malasseziaceae;g__Malassezia;s__globosa
OTU1081	k__Fungi;p__;c__;o__;f__;g__;s__
OTU1082	k__Fungi;p__Ascomycota;c__Lecanoromycetes;o__Pertusariales;f__Pertusariaceae;g__Pertusaria;s__obruta
OTU1083	k__Fungi;p__;c__;o__;f__;g__;s__
OTU1084	k__Fungi;p__Ascomycota;c__;o__;f__;g__;s__
OTU1085	k__Fungi;p__;c__;o__;f__;g__;s__
OTU1086	k__Fungi;p__Ascomycota;c__Lecanoromycetes;o__;f__;g__;s__
OTU1087	k__Fungi;p__Ascomycota;c__Taphrinomycetes;o__Taphrinales;f__Taphrinaceae;g__Taphrina;s__
OTU1088	k__Fungi;p__;c__;o__;f__;g__;s__
OTU1089	k__Fungi;p__;c__;o__;f__;g__;s__
OTU1090	k__Fungi;p__;c__;o__;f__;g__;s__
OTU1091	k__Fungi;p__;c__;o__;f__;g__;s__
OTU1092	k__Fungi;p__;c__;o__;f__;g__;s__
OTU1093	k__Fungi;p__;c__;o__;f__;g__;s__
OTU1094	k__Fungi;p__;c__;o__;f__;g__;s__
OTU1095	k__Fungi;p__Ascomycota;c__Lecanoromycetes;o__Pertusariales;f__Pertusariaceae;g__Pertusaria;s__obruta
OTU1096	k__Fungi;p__;c__;o__;f__;g__;s__
OTU1097	k__Fungi;p__;c__;o__;f__;g__;s__
OTU1098	k__Fungi;p__;c__;o__;f__;g__;s__
OTU1099	k__Fungi;p__;c__;o__;f__;g__;s__
OTU1100	k__Fungi;p__Chytridiomycota;c__;o__;f__;g__;s__
OTU1101	k__Fungi;p__Ascomycota;c__Lecanoromycetes;o__;f__;g__;s__
OTU1102	k__Fungi;p__Ascomycota;c__Lecanoromycetes;o__;f__;g__;s__
OTU1103	k__Fungi;p__;c__;o__;f__;g__;s__
OTU1104	k__Fungi;p__;c__;o__;f__;g__;s__
OTU1105	k__Fungi;p__Ascomycota;c__Sordariomycetes;o__Hypocreales;f__Nectriaceae;g__Fusarium;s__incarnatum
OTU1106	k__Fungi;p__Ascomycota;c__Eurotiomycetes;o__Eurotiales;f__Aspergillaceae;g__Aspergillus;s__
OTU1107	k__Fungi;p__;c__;o__;f__;g__;s__
OTU1108	k__Fungi;p__;c__;o__;f__;g__;s__
OTU1109	k__Fungi;p__Ascomycota;c__;o__;f__;g__;s__
OTU1110	k__Fungi;p__;c__;o__;f__;g__;s__
OTU1111	k__Fungi;p__Ascomycota;c__Lecanoromycetes;o__;f__;g__;s__
OTU1112	k__Fungi;p__;c__;o__;f__;g__;s__
OTU1113	k__Fungi;p__;c__;o__;f__;g__;s__
OTU1114	k__Fungi;p__;c__;o__;f__;g__;s__
OTU1115	k__Fungi;p__;c__;o__;f__;g__;s__
OTU1116	k__Fungi;p__;c__;o__;f__;g__;s__
OTU1117	k__Fungi;p__Ascomycota;c__;o__;f__;g__;s__
OTU1118	k__Fungi;p__Ascomycota;c__;o__;f__;g__;s__
OTU1119	k__Fungi;p__;c__;o__;f__;g__;s__
OTU1120	k__Fungi;p__;c__;o__;f__;g__;s__
OTU1121	k__Fungi;p__Ascomycota;c__Sordariomycetes;o__Amphisphaeriales;f__Apiosporaceae;g__Nigrospora;s__oryzae
OTU1122	k__Fungi;p__;c__;o__;f__;g__;s__
OTU1123	k__Fungi;p__Basidiomycota;c__Malasseziomycetes;o__Malasseziales;f__Malasseziaceae;g__Malassezia;s__
OTU1124	k__Fungi;p__Ascomycota;c__;o__;f__;g__;s__
OTU1125	k__Fungi;p__;c__;o__;f__;g__;s__
OTU1126	k__Fungi;p__Chytridiomycota;c__;o__;f__;g__;s__
OTU1127	k__Fungi;p__;c__;o__;f__;g__;s__
OTU1128	k__Fungi;p__Ascomycota;c__Lecanoromycetes;o__Pertusariales;f__Pertusariaceae;g__Pertusaria;s__obruta
OTU1129	k__Fungi;p__;c__;o__;f__;g__;s__
OTU1130	k__Fungi;p__;c__;o__;f__;g__;s__
OTU1131	k__Fungi;p__Ascomycota;c__Lecanoromycetes;o__;f__;g__;s__
OTU1132	k__Fungi;p__Ascomycota;c__;o__;f__;g__;s__
OTU1133	k__Fungi;p__;c__;o__;f__;g__;s__
OTU1134	k__Fungi;p__;c__;o__;f__;g__;s__
OTU1135	k__Fungi;p__;c__;o__;f__;g__;s__
OTU1136	k__Fungi;p__Ascomycota;c__;o__;f__;g__;s__
OTU1137	k__Fungi;p__;c__;o__;f__;g__;s__
OTU1138	k__Fungi;p__;c__;o__;f__;g__;s__
OTU1139	k__Fungi;p__;c__;o__;f__;g__;s__
OTU1140	k__Fungi;p__Ascomycota;c__Lecanoromycetes;o__;f__;g__;s__
OTU1141	k__Fungi;p__Ascomycota;c__Lecanoromycetes;o__;f__;g__;s__
OTU1142	k__Fungi;p__;c__;o__;f__;g__;s__
OTU1143	k__Fungi;p__;c__;o__;f__;g__;s__
OTU1144	k__Fungi;p__Chytridiomycota;c__Chytridiomycota_cls_Incertae_sedis;o__Chytridiomycota_ord_Incertae_sedis;f__Chytridiomycota_fam_Incertae_sedis;g__Chytridiomycota_gen_Incertae_sedis;s__
OTU1145	k__Fungi;p__Chytridiomycota;c__;o__;f__;g__;s__
OTU1146	k__Fungi;p__;c__;o__;f__;g__;s__
OTU1147	k__Fungi;p__;c__;o__;f__;g__;s__
OTU1148	k__Fungi;p__Ascomycota;c__Lecanoromycetes;o__;f__;g__;s__
OTU1149	k__Fungi;p__Ascomycota;c__;o__;f__;g__;s__
OTU1150	k__Fungi;p__Ascomycota;c__Lecanoromycetes;o__Pertusariales;f__Pertusariaceae;g__Pertusaria;s__obruta
OTU1151	k__Fungi;p__;c__;o__;f__;g__;s__
OTU1152	k__Fungi;p__Chytridiomycota;c__Chytridiomycota_cls_Incertae_sedis;o__Chytridiomycota_ord_Incertae_sedis;f__Chytridiomycota_fam_Incertae_sedis;g__Chytridiomycota_gen_Incertae_sedis;s__
OTU1153	k__Fungi;p__Ascomycota;c__Lecanoromycetes;o__;f__;g__;s__
OTU1154	k__Fungi;p__Ascomycota;c__;o__;f__;g__;s__
OTU1155	k__Fungi;p__;c__;o__;f__;g__;s__
OTU1156	k__Fungi;p__Ascomycota;c__Lecanoromycetes;o__Pertusariales;f__Pertusariaceae;g__Pertusaria;s__obruta
OTU1157	k__Fungi;p__Ascomycota;c__Lecanoromycetes;o__;f__;g__;s__
OTU1158	k__Fungi;p__Basidiomycota;c__Agaricomycetes;o__Agaricales;f__Psathyrellaceae;g__Coprinellus;s__micaceus
OTU1159	k__Fungi;p__Ascomycota;c__;o__;f__;g__;s__
OTU1160	k__Fungi;p__Ascomycota;c__;o__;f__;g__;s__
OTU1161	k__Fungi;p__Chytridiomycota;c__Chytridiomycota_cls_Incertae_sedis;o__Chytridiomycota_ord_Incertae_sedis;f__Chytridiomycota_fam_Incertae_sedis;g__Chytridiomycota_gen_Incertae_sedis;s__
OTU1162	k__Fungi;p__;c__;o__;f__;g__;s__
OTU1163	k__Fungi;p__;c__;o__;f__;g__;s__
OTU1164	k__Fungi;p__Ascomycota;c__;o__;f__;g__;s__
OTU1165	k__Fungi;p__Ascomycota;c__Lecanoromycetes;o__Graphidales;f__Gomphillaceae;g__Gomphillus;s__calycioides
OTU1166	k__Fungi;p__Ascomycota;c__Dothideomycetes;o__Botryosphaeriales;f__Botryosphaeriaceae;g__Lasiodiplodia;s__
OTU1167	k__Fungi;p__;c__;o__;f__;g__;s__
OTU1168	k__Fungi;p__;c__;o__;f__;g__;s__
OTU1169	k__Fungi;p__Ascomycota;c__Lecanoromycetes;o__Pertusariales;f__Pertusariaceae;g__Pertusaria;s__obruta
OTU1170	k__Fungi;p__Ascomycota;c__;o__;f__;g__;s__
OTU1171	k__Fungi;p__Ascomycota;c__;o__;f__;g__;s__
OTU1172	k__Fungi;p__;c__;o__;f__;g__;s__
OTU1173	k__Fungi;p__;c__;o__;f__;g__;s__
OTU1174	k__Fungi;p__Ascomycota;c__Lecanoromycetes;o__;f__;g__;s__
OTU1175	k__Fungi;p__Ascomycota;c__;o__;f__;g__;s__
OTU1176	k__Fungi;p__Chytridiomycota;c__;o__;f__;g__;s__
OTU1177	k__Fungi;p__;c__;o__;f__;g__;s__
OTU1178	k__Fungi;p__Ascomycota;c__Dothideomycetes;o__Pleosporales;f__Pleosporaceae;g__Alternaria;s__
OTU1179	k__Fungi;p__Ascomycota;c__;o__;f__;g__;s__
OTU1180	k__Fungi;p__Basidiomycota;c__Malasseziomycetes;o__Malasseziales;f__Malasseziaceae;g__Malassezia;s__arunalokei
OTU1181	k__Fungi;p__Ascomycota;c__Lecanoromycetes;o__Pertusariales;f__Pertusariaceae;g__Pertusaria;s__obruta
OTU1182	k__Fungi;p__;c__;o__;f__;g__;s__
OTU1183	k__Fungi;p__;c__;o__;f__;g__;s__
OTU1184	k__Fungi;p__Ascomycota;c__Lecanoromycetes;o__Pertusariales;f__Pertusariaceae;g__Pertusaria;s__obruta
OTU1185	k__Fungi;p__;c__;o__;f__;g__;s__
OTU1186	k__Fungi;p__Ascomycota;c__Sordariomycetes;o__Hypocreales;f__Myrotheciomycetaceae;g__Trichothecium;s__roseum
OTU1187	k__Fungi;p__Ascomycota;c__;o__;f__;g__;s__
OTU1188	k__Fungi;p__Ascomycota;c__Lecanoromycetes;o__;f__;g__;s__
OTU1189	k__Fungi;p__Chytridiomycota;c__;o__;f__;g__;s__
OTU1190	k__Fungi;p__;c__;o__;f__;g__;s__
OTU1191	k__Fungi;p__;c__;o__;f__;g__;s__
OTU1192	k__Fungi;p__Ascomycota;c__Lecanoromycetes;o__;f__;g__;s__
OTU1193	k__Fungi;p__;c__;o__;f__;g__;s__
OTU1194	k__Fungi;p__;c__;o__;f__;g__;s__
OTU1195	k__Fungi;p__Ascomycota;c__;o__;f__;g__;s__
OTU1196	k__Fungi;p__;c__;o__;f__;g__;s__
OTU1197	k__Fungi;p__;c__;o__;f__;g__;s__
OTU1198	k__Fungi;p__Chytridiomycota;c__Chytridiomycota_cls_Incertae_sedis;o__Chytridiomycota_ord_Incertae_sedis;f__Chytridiomycota_fam_Incertae_sedis;g__Chytridiomycota_gen_Incertae_sedis;s__
OTU1199	k__Fungi;p__Ascomycota;c__Lecanoromycetes;o__;f__;g__;s__
OTU1200	k__Fungi;p__;c__;o__;f__;g__;s__
OTU1201	k__Fungi;p__Ascomycota;c__;o__;f__;g__;s__
OTU1202	k__Fungi;p__Ascomycota;c__Lecanoromycetes;o__;f__;g__;s__
OTU1203	k__Fungi;p__Chytridiomycota;c__;o__;f__;g__;s__
OTU1204	k__Fungi;p__Ascomycota;c__Lecanoromycetes;o__Pertusariales;f__Pertusariaceae;g__Pertusaria;s__obruta
OTU1205	k__Fungi;p__Chytridiomycota;c__;o__;f__;g__;s__
OTU1206	k__Fungi;p__Ascomycota;c__Dothideomycetes;o__Pleosporales;f__Pleosporaceae;g__Curvularia;s__heteropogonis
OTU1207	k__Fungi;p__;c__;o__;f__;g__;s__
OTU1208	k__Fungi;p__;c__;o__;f__;g__;s__
OTU1209	k__Fungi;p__;c__;o__;f__;g__;s__
OTU1210	k__Fungi;p__;c__;o__;f__;g__;s__
OTU1211	k__Fungi;p__;c__;o__;f__;g__;s__
OTU1212	k__Fungi;p__Ascomycota;c__Lecanoromycetes;o__Pertusariales;f__Pertusariaceae;g__Pertusaria;s__obruta
OTU1213	k__Fungi;p__;c__;o__;f__;g__;s__
OTU1214	k__Fungi;p__Ascomycota;c__Lecanoromycetes;o__;f__;g__;s__
OTU1215	k__Fungi;p__Ascomycota;c__Lecanoromycetes;o__Pertusariales;f__Pertusariaceae;g__Pertusaria;s__obruta
OTU1216	k__Fungi;p__;c__;o__;f__;g__;s__
OTU1217	k__Fungi;p__Ascomycota;c__Lecanoromycetes;o__;f__;g__;s__
OTU1218	k__Fungi;p__Ascomycota;c__;o__;f__;g__;s__
OTU1219	k__Fungi;p__Ascomycota;c__;o__;f__;g__;s__
OTU1220	k__Fungi;p__;c__;o__;f__;g__;s__
OTU1221	k__Fungi;p__;c__;o__;f__;g__;s__
OTU1222	k__Fungi;p__Chytridiomycota;c__;o__;f__;g__;s__
OTU1223	k__Fungi;p__;c__;o__;f__;g__;s__
OTU1224	k__Fungi;p__;c__;o__;f__;g__;s__
OTU1225	k__Fungi;p__;c__;o__;f__;g__;s__
OTU1226	k__Fungi;p__;c__;o__;f__;g__;s__
OTU1227	k__Fungi;p__;c__;o__;f__;g__;s__
OTU1228	k__Fungi;p__;c__;o__;f__;g__;s__
OTU1229	k__Fungi;p__;c__;o__;f__;g__;s__
OTU1230	k__Fungi;p__;c__;o__;f__;g__;s__
OTU1231	k__Fungi;p__Ascomycota;c__Lecanoromycetes;o__;f__;g__;s__
OTU1232	k__Fungi;p__;c__;o__;f__;g__;s__
OTU1233	k__Fungi;p__Ascomycota;c__;o__;f__;g__;s__
OTU1234	k__Fungi;p__;c__;o__;f__;g__;s__
OTU1235	k__Fungi;p__;c__;o__;f__;g__;s__
OTU1236	k__Fungi;p__Ascomycota;c__;o__;f__;g__;s__
OTU1237	k__Fungi;p__;c__;o__;f__;g__;s__
OTU1238	k__Fungi;p__;c__;o__;f__;g__;s__
OTU1239	k__Fungi;p__;c__;o__;f__;g__;s__
OTU1240	k__Fungi;p__Ascomycota;c__Saccharomycetes;o__Saccharomycetales;f__Saccharomycetales_fam_Incertae_sedis;g__Candida;s__orthopsilosis
OTU1241	k__Fungi;p__Ascomycota;c__;o__;f__;g__;s__
OTU1242	k__Fungi;p__;c__;o__;f__;g__;s__
OTU1243	k__Fungi;p__Ascomycota;c__Lecanoromycetes;o__;f__;g__;s__
OTU1244	k__Fungi;p__;c__;o__;f__;g__;s__
OTU1245	k__Fungi;p__Ascomycota;c__Lecanoromycetes;o__;f__;g__;s__
OTU1246	k__Fungi;p__Ascomycota;c__;o__;f__;g__;s__
OTU1247	k__Fungi;p__;c__;o__;f__;g__;s__
OTU1248	k__Fungi;p__Ascomycota;c__Sordariomycetes;o__Hypocreales;f__Sarocladiaceae;g__Sarocladium;s__kiliense
OTU1249	k__Fungi;p__;c__;o__;f__;g__;s__
OTU1250	k__Fungi;p__Ascomycota;c__;o__;f__;g__;s__
OTU1251	k__Fungi;p__Ascomycota;c__Lecanoromycetes;o__Pertusariales;f__Pertusariaceae;g__Pertusaria;s__obruta
OTU1252	k__Fungi;p__Ascomycota;c__Lecanoromycetes;o__;f__;g__;s__
OTU1253	k__Fungi;p__Ascomycota;c__;o__;f__;g__;s__
OTU1254	k__Fungi;p__Ascomycota;c__Lecanoromycetes;o__;f__;g__;s__
OTU1255	k__Fungi;p__Ascomycota;c__Saccharomycetes;o__Saccharomycetales;f__Saccharomycetales_fam_Incertae_sedis;g__Candida;s__albicans
OTU1256	k__Fungi;p__;c__;o__;f__;g__;s__
OTU1257	k__Fungi;p__;c__;o__;f__;g__;s__
OTU1258	k__Fungi;p__Ascomycota;c__;o__;f__;g__;s__
OTU1259	k__Fungi;p__Ascomycota;c__;o__;f__;g__;s__
OTU1260	k__Fungi;p__;c__;o__;f__;g__;s__
OTU1261	k__Fungi;p__;c__;o__;f__;g__;s__
OTU1262	k__Fungi;p__Ascomycota;c__Lecanoromycetes;o__;f__;g__;s__
OTU1263	k__Fungi;p__;c__;o__;f__;g__;s__
OTU1264	k__Fungi;p__Ascomycota;c__Lecanoromycetes;o__;f__;g__;s__
OTU1265	k__Fungi;p__;c__;o__;f__;g__;s__
OTU1266	k__Fungi;p__;c__;o__;f__;g__;s__
OTU1267	k__Fungi;p__Ascomycota;c__;o__;f__;g__;s__
OTU1268	k__Fungi;p__;c__;o__;f__;g__;s__
OTU1269	k__Fungi;p__Chytridiomycota;c__Chytridiomycota_cls_Incertae_sedis;o__Chytridiomycota_ord_Incertae_sedis;f__Chytridiomycota_fam_Incertae_sedis;g__Chytridiomycota_gen_Incertae_sedis;s__
OTU1270	k__Fungi;p__Ascomycota;c__Eurotiomycetes;o__Eurotiales;f__Thermoascaceae;g__Paecilomyces;s__
OTU1271	k__Fungi;p__Ascomycota;c__;o__;f__;g__;s__
OTU1272	k__Fungi;p__Ascomycota;c__Sordariomycetes;o__Glomerellales;f__Plectosphaerellaceae;g__Chlamydosporiella;s__restricta
OTU1273	k__Fungi;p__Ascomycota;c__Lecanoromycetes;o__;f__;g__;s__
OTU1274	k__Fungi;p__;c__;o__;f__;g__;s__
OTU1275	k__Fungi;p__;c__;o__;f__;g__;s__
OTU1276	k__Fungi;p__Ascomycota;c__Lecanoromycetes;o__Pertusariales;f__Pertusariaceae;g__Pertusaria;s__obruta
OTU1277	k__Fungi;p__Ascomycota;c__;o__;f__;g__;s__
OTU1278	k__Fungi;p__Ascomycota;c__Lecanoromycetes;o__;f__;g__;s__
OTU1279	k__Fungi;p__;c__;o__;f__;g__;s__
OTU1280	k__Fungi;p__;c__;o__;f__;g__;s__
OTU1281	k__Fungi;p__Ascomycota;c__;o__;f__;g__;s__
OTU1282	k__Fungi;p__;c__;o__;f__;g__;s__
OTU1283	k__Fungi;p__Ascomycota;c__;o__;f__;g__;s__
OTU1284	k__Fungi;p__;c__;o__;f__;g__;s__
OTU1285	k__Fungi;p__Ascomycota;c__Sordariomycetes;o__Hypocreales;f__Hypocreales_fam_Incertae_sedis;g__Xenoacrodontium;s__juglandis
OTU1286	k__Fungi;p__;c__;o__;f__;g__;s__
OTU1287	k__Fungi;p__;c__;o__;f__;g__;s__
OTU1288	k__Fungi;p__;c__;o__;f__;g__;s__
OTU1289	k__Fungi;p__;c__;o__;f__;g__;s__
OTU1290	k__Fungi;p__Ascomycota;c__;o__;f__;g__;s__
OTU1291	k__Fungi;p__Ascomycota;c__;o__;f__;g__;s__
OTU1292	k__Fungi;p__Ascomycota;c__Lecanoromycetes;o__;f__;g__;s__
OTU1293	k__Fungi;p__;c__;o__;f__;g__;s__
OTU1294	k__Fungi;p__;c__;o__;f__;g__;s__
OTU1295	k__Fungi;p__;c__;o__;f__;g__;s__
OTU1296	k__Fungi;p__;c__;o__;f__;g__;s__
OTU1297	k__Fungi;p__Basidiomycota;c__Malasseziomycetes;o__Malasseziales;f__Malasseziaceae;g__Malassezia;s__globosa
OTU1298	k__Fungi;p__Ascomycota;c__;o__;f__;g__;s__
OTU1299	k__Fungi;p__Ascomycota;c__;o__;f__;g__;s__
OTU1300	k__Fungi;p__;c__;o__;f__;g__;s__
OTU1301	k__Fungi;p__;c__;o__;f__;g__;s__
OTU1302	k__Fungi;p__Ascomycota;c__Lecanoromycetes;o__Pertusariales;f__Pertusariaceae;g__Pertusaria;s__obruta
OTU1303	k__Fungi;p__;c__;o__;f__;g__;s__
OTU1304	k__Fungi;p__Ascomycota;c__;o__;f__;g__;s__
OTU1305	k__Fungi;p__;c__;o__;f__;g__;s__
OTU1306	k__Fungi;p__Ascomycota;c__Lecanoromycetes;o__;f__;g__;s__
OTU1307	k__Fungi;p__;c__;o__;f__;g__;s__
OTU1308	k__Fungi;p__;c__;o__;f__;g__;s__
OTU1309	k__Fungi;p__Ascomycota;c__Lecanoromycetes;o__;f__;g__;s__
OTU1310	k__Fungi;p__;c__;o__;f__;g__;s__
OTU1311	k__Fungi;p__;c__;o__;f__;g__;s__
OTU1312	k__Fungi;p__Ascomycota;c__Lecanoromycetes;o__Pertusariales;f__Pertusariaceae;g__Pertusaria;s__obruta
OTU1313	k__Fungi;p__Ascomycota;c__Lecanoromycetes;o__Pertusariales;f__Pertusariaceae;g__Pertusaria;s__obruta
OTU1314	k__Fungi;p__Ascomycota;c__Sordariomycetes;o__Hypocreales;f__Nectriaceae;g__Fusarium;s__incarnatum
OTU1315	k__Fungi;p__;c__;o__;f__;g__;s__
OTU1316	k__Fungi;p__;c__;o__;f__;g__;s__
OTU1317	k__Fungi;p__Ascomycota;c__Sordariomycetes;o__Hypocreales;f__Sarocladiaceae;g__Sarocladium;s__kiliense
OTU1318	k__Fungi;p__Ascomycota;c__Lecanoromycetes;o__;f__;g__;s__
OTU1319	k__Fungi;p__Ascomycota;c__;o__;f__;g__;s__
OTU1320	k__Fungi;p__;c__;o__;f__;g__;s__
OTU1321	k__Fungi;p__;c__;o__;f__;g__;s__
OTU1322	k__Fungi;p__;c__;o__;f__;g__;s__
OTU1323	k__Fungi;p__;c__;o__;f__;g__;s__
OTU1324	k__Fungi;p__;c__;o__;f__;g__;s__
OTU1325	k__Fungi;p__;c__;o__;f__;g__;s__
OTU1326	k__Fungi;p__Ascomycota;c__;o__;f__;g__;s__
OTU1327	k__Fungi;p__Ascomycota;c__;o__;f__;g__;s__
OTU1328	k__Fungi;p__Chytridiomycota;c__Chytridiomycota_cls_Incertae_sedis;o__Chytridiomycota_ord_Incertae_sedis;f__Chytridiomycota_fam_Incertae_sedis;g__Chytridiomycota_gen_Incertae_sedis;s__
OTU1329	k__Fungi;p__Ascomycota;c__;o__;f__;g__;s__
OTU1330	k__Fungi;p__Ascomycota;c__Lecanoromycetes;o__;f__;g__;s__
OTU1331	k__Fungi;p__Ascomycota;c__Saccharomycetes;o__Saccharomycetales;f__Phaffomycetaceae;g__Wickerhamomyces;s__anomalus
OTU1332	k__Fungi;p__;c__;o__;f__;g__;s__
OTU1333	k__Fungi;p__Chytridiomycota;c__;o__;f__;g__;s__
OTU1334	k__Fungi;p__Ascomycota;c__;o__;f__;g__;s__
OTU1335	k__Fungi;p__;c__;o__;f__;g__;s__
OTU1336	k__Fungi;p__;c__;o__;f__;g__;s__
OTU1337	k__Fungi;p__Ascomycota;c__;o__;f__;g__;s__
OTU1338	k__Fungi;p__;c__;o__;f__;g__;s__
OTU1339	k__Fungi;p__Ascomycota;c__Sordariomycetes;o__Hypocreales;f__Sarocladiaceae;g__Sarocladium;s__kiliense
OTU1340	k__Fungi;p__Chytridiomycota;c__;o__;f__;g__;s__
OTU1341	k__Fungi;p__Ascomycota;c__;o__;f__;g__;s__
OTU1342	k__Fungi;p__;c__;o__;f__;g__;s__
OTU1343	k__Fungi;p__;c__;o__;f__;g__;s__
OTU1344	k__Fungi;p__Ascomycota;c__;o__;f__;g__;s__
OTU1345	k__Fungi;p__Ascomycota;c__Lecanoromycetes;o__;f__;g__;s__
OTU1346	k__Fungi;p__Ascomycota;c__Lecanoromycetes;o__;f__;g__;s__
OTU1347	k__Fungi;p__Chytridiomycota;c__;o__;f__;g__;s__
OTU1348	k__Fungi;p__Ascomycota;c__;o__;f__;g__;s__
OTU1349	k__Fungi;p__;c__;o__;f__;g__;s__
OTU1350	k__Fungi;p__;c__;o__;f__;g__;s__
OTU1351	k__Fungi;p__Chytridiomycota;c__;o__;f__;g__;s__
OTU1352	k__Fungi;p__Ascomycota;c__;o__;f__;g__;s__
OTU1353	k__Fungi;p__;c__;o__;f__;g__;s__
OTU1354	k__Fungi;p__Ascomycota;c__Lecanoromycetes;o__;f__;g__;s__
OTU1355	k__Fungi;p__;c__;o__;f__;g__;s__
OTU1356	k__Fungi;p__Ascomycota;c__;o__;f__;g__;s__
OTU1357	k__Fungi;p__;c__;o__;f__;g__;s__
OTU1358	k__Fungi;p__;c__;o__;f__;g__;s__
OTU1359	k__Fungi;p__Ascomycota;c__Eurotiomycetes;o__Eurotiales;f__Aspergillaceae;g__Penicillium;s__bialowiezense
OTU1360	k__Fungi;p__;c__;o__;f__;g__;s__
OTU1361	k__Fungi;p__;c__;o__;f__;g__;s__
OTU1362	k__Fungi;p__;c__;o__;f__;g__;s__
OTU1363	k__Fungi;p__;c__;o__;f__;g__;s__
OTU1364	k__Fungi;p__;c__;o__;f__;g__;s__
OTU1365	k__Fungi;p__;c__;o__;f__;g__;s__
OTU1366	k__Fungi;p__Ascomycota;c__Lecanoromycetes;o__;f__;g__;s__
OTU1367	k__Fungi;p__Ascomycota;c__Lecanoromycetes;o__;f__;g__;s__
OTU1368	k__Fungi;p__;c__;o__;f__;g__;s__
OTU1369	k__Fungi;p__;c__;o__;f__;g__;s__
OTU1370	k__Fungi;p__Ascomycota;c__Dothideomycetes;o__Pleosporales;f__Pleosporaceae;g__Exserohilum;s__turcicum
OTU1371	k__Fungi;p__Ascomycota;c__Lecanoromycetes;o__;f__;g__;s__
OTU1372	k__Fungi;p__;c__;o__;f__;g__;s__
OTU1373	k__Fungi;p__Ascomycota;c__Lecanoromycetes;o__;f__;g__;s__
OTU1374	k__Fungi;p__;c__;o__;f__;g__;s__
OTU1375	k__Fungi;p__;c__;o__;f__;g__;s__
OTU1376	k__Fungi;p__Basidiomycota;c__Exobasidiomycetes;o__Microstromatales;f__Microstromatales_fam_Incertae_sedis;g__Pseudomicrostroma;s__phylloplanum
OTU1377	k__Fungi;p__Ascomycota;c__Lecanoromycetes;o__Pertusariales;f__Pertusariaceae;g__Pertusaria;s__obruta
OTU1378	k__Fungi;p__;c__;o__;f__;g__;s__
OTU1379	k__Fungi;p__;c__;o__;f__;g__;s__
OTU1380	k__Fungi;p__Ascomycota;c__;o__;f__;g__;s__
OTU1381	k__Fungi;p__;c__;o__;f__;g__;s__
OTU1382	k__Fungi;p__Ascomycota;c__;o__;f__;g__;s__
OTU1383	k__Fungi;p__;c__;o__;f__;g__;s__
OTU1384	k__Fungi;p__Ascomycota;c__Lecanoromycetes;o__;f__;g__;s__
OTU1385	k__Fungi;p__;c__;o__;f__;g__;s__
OTU1386	k__Fungi;p__Ascomycota;c__;o__;f__;g__;s__
OTU1387	k__Fungi;p__;c__;o__;f__;g__;s__
OTU1388	k__Fungi;p__Chytridiomycota;c__Chytridiomycota_cls_Incertae_sedis;o__Chytridiomycota_ord_Incertae_sedis;f__Chytridiomycota_fam_Incertae_sedis;g__Chytridiomycota_gen_Incertae_sedis;s__
OTU1389	k__Fungi;p__;c__;o__;f__;g__;s__
OTU1390	k__Fungi;p__;c__;o__;f__;g__;s__
OTU1391	k__Fungi;p__Ascomycota;c__Lecanoromycetes;o__;f__;g__;s__
OTU1392	k__Fungi;p__Chytridiomycota;c__;o__;f__;g__;s__
OTU1393	k__Fungi;p__;c__;o__;f__;g__;s__
OTU1394	k__Fungi;p__Ascomycota;c__;o__;f__;g__;s__
OTU1395	k__Fungi;p__Ascomycota;c__;o__;f__;g__;s__
OTU1396	k__Fungi;p__Ascomycota;c__;o__;f__;g__;s__
OTU1397	k__Fungi;p__;c__;o__;f__;g__;s__
OTU1398	k__Fungi;p__Ascomycota;c__Lecanoromycetes;o__;f__;g__;s__
OTU1399	k__Fungi;p__;c__;o__;f__;g__;s__
OTU1400	k__Fungi;p__;c__;o__;f__;g__;s__
OTU1401	k__Fungi;p__Ascomycota;c__Lecanoromycetes;o__Caliciales;f__Physciaceae;g__Kurokawia;s__palmulata
OTU1402	k__Fungi;p__Chytridiomycota;c__;o__;f__;g__;s__
OTU1403	k__Fungi;p__Ascomycota;c__;o__;f__;g__;s__
OTU1404	k__Fungi;p__Ascomycota;c__Leotiomycetes;o__Helotiales;f__Helotiaceae;g__Helotium;s__uvidulum
OTU1405	k__Fungi;p__;c__;o__;f__;g__;s__
OTU1406	k__Fungi;p__Ascomycota;c__Dothideomycetes;o__Pleosporales;f__Didymellaceae;g__Didymella;s__
OTU1407	k__Fungi;p__Ascomycota;c__;o__;f__;g__;s__
OTU1408	k__Fungi;p__Ascomycota;c__;o__;f__;g__;s__
OTU1409	k__Fungi;p__Ascomycota;c__;o__;f__;g__;s__
OTU1410	k__Fungi;p__;c__;o__;f__;g__;s__
OTU1411	k__Fungi;p__Ascomycota;c__;o__;f__;g__;s__
OTU1412	k__Fungi;p__Ascomycota;c__;o__;f__;g__;s__
OTU1413	k__Fungi;p__Ascomycota;c__;o__;f__;g__;s__
OTU1414	k__Fungi;p__;c__;o__;f__;g__;s__
OTU1415	k__Fungi;p__Chytridiomycota;c__Chytridiomycota_cls_Incertae_sedis;o__Chytridiomycota_ord_Incertae_sedis;f__Chytridiomycota_fam_Incertae_sedis;g__Chytridiomycota_gen_Incertae_sedis;s__
OTU1416	k__Fungi;p__Chytridiomycota;c__Chytridiomycota_cls_Incertae_sedis;o__Chytridiomycota_ord_Incertae_sedis;f__Chytridiomycota_fam_Incertae_sedis;g__Chytridiomycota_gen_Incertae_sedis;s__
OTU1417	k__Fungi;p__;c__;o__;f__;g__;s__
OTU1418	k__Fungi;p__Ascomycota;c__Lecanoromycetes;o__;f__;g__;s__
OTU1419	k__Fungi;p__;c__;o__;f__;g__;s__
OTU1420	k__Fungi;p__Ascomycota;c__;o__;f__;g__;s__
OTU1421	k__Fungi;p__;c__;o__;f__;g__;s__
OTU1422	k__Fungi;p__;c__;o__;f__;g__;s__
OTU1423	k__Fungi;p__Ascomycota;c__Lecanoromycetes;o__;f__;g__;s__
OTU1424	k__Fungi;p__Ascomycota;c__;o__;f__;g__;s__
OTU1425	k__Fungi;p__;c__;o__;f__;g__;s__
OTU1426	k__Fungi;p__Chytridiomycota;c__;o__;f__;g__;s__
OTU1427	k__Fungi;p__;c__;o__;f__;g__;s__
OTU1428	k__Fungi;p__Ascomycota;c__Lecanoromycetes;o__;f__;g__;s__
OTU1429	k__Fungi;p__Ascomycota;c__Lecanoromycetes;o__Pertusariales;f__Pertusariaceae;g__Pertusaria;s__obruta
OTU1430	k__Fungi;p__;c__;o__;f__;g__;s__
OTU1431	k__Fungi;p__;c__;o__;f__;g__;s__
OTU1432	k__Fungi;p__;c__;o__;f__;g__;s__
OTU1433	k__Fungi;p__Ascomycota;c__Eurotiomycetes;o__Eurotiales;f__Aspergillaceae;g__Aspergillus;s__conicus
OTU1434	k__Fungi;p__Ascomycota;c__Lecanoromycetes;o__;f__;g__;s__
OTU1435	k__Fungi;p__;c__;o__;f__;g__;s__
OTU1436	k__Fungi;p__Ascomycota;c__Lecanoromycetes;o__;f__;g__;s__
OTU1437	k__Fungi;p__Ascomycota;c__Lecanoromycetes;o__;f__;g__;s__
OTU1438	k__Fungi;p__;c__;o__;f__;g__;s__
OTU1439	k__Fungi;p__;c__;o__;f__;g__;s__
OTU1440	k__Fungi;p__;c__;o__;f__;g__;s__
OTU1441	k__Fungi;p__Ascomycota;c__Lecanoromycetes;o__;f__;g__;s__
OTU1442	k__Fungi;p__;c__;o__;f__;g__;s__
OTU1443	k__Fungi;p__;c__;o__;f__;g__;s__
OTU1444	k__Fungi;p__;c__;o__;f__;g__;s__
OTU1445	k__Fungi;p__;c__;o__;f__;g__;s__
OTU1446	k__Fungi;p__Ascomycota;c__Lecanoromycetes;o__Pertusariales;f__Pertusariaceae;g__Pertusaria;s__obruta
OTU1447	k__Fungi;p__;c__;o__;f__;g__;s__
OTU1448	k__Fungi;p__Ascomycota;c__Saccharomycetes;o__Saccharomycetales;f__Debaryomycetaceae;g__Suhomyces;s__pyralidae
OTU1449	k__Fungi;p__Ascomycota;c__Lecanoromycetes;o__Pertusariales;f__Pertusariaceae;g__Pertusaria;s__obruta
OTU1450	k__Fungi;p__;c__;o__;f__;g__;s__
OTU1451	k__Fungi;p__;c__;o__;f__;g__;s__
OTU1452	k__Fungi;p__;c__;o__;f__;g__;s__
OTU1453	k__Fungi;p__;c__;o__;f__;g__;s__
OTU1454	k__Fungi;p__Chytridiomycota;c__;o__;f__;g__;s__
OTU1455	k__Fungi;p__Ascomycota;c__;o__;f__;g__;s__
OTU1456	k__Fungi;p__Chytridiomycota;c__;o__;f__;g__;s__
OTU1457	k__Fungi;p__;c__;o__;f__;g__;s__
OTU1458	k__Fungi;p__Ascomycota;c__Lecanoromycetes;o__;f__;g__;s__
OTU1459	k__Fungi;p__Ascomycota;c__Lecanoromycetes;o__;f__;g__;s__
OTU1460	k__Fungi;p__;c__;o__;f__;g__;s__
OTU1461	k__Fungi;p__;c__;o__;f__;g__;s__
OTU1462	k__Fungi;p__;c__;o__;f__;g__;s__
OTU1463	k__Fungi;p__Ascomycota;c__Lecanoromycetes;o__;f__;g__;s__
OTU1464	k__Fungi;p__;c__;o__;f__;g__;s__
OTU1465	k__Fungi;p__;c__;o__;f__;g__;s__
OTU1466	k__Fungi;p__;c__;o__;f__;g__;s__
OTU1467	k__Fungi;p__;c__;o__;f__;g__;s__
OTU1468	k__Fungi;p__Ascomycota;c__Lecanoromycetes;o__;f__;g__;s__
OTU1469	k__Fungi;p__;c__;o__;f__;g__;s__
OTU1470	k__Fungi;p__;c__;o__;f__;g__;s__
OTU1471	k__Fungi;p__Ascomycota;c__;o__;f__;g__;s__
OTU1472	k__Fungi;p__;c__;o__;f__;g__;s__
OTU1473	k__Fungi;p__Ascomycota;c__Lecanoromycetes;o__Pertusariales;f__Pertusariaceae;g__Pertusaria;s__obruta
OTU1474	k__Fungi;p__Ascomycota;c__;o__;f__;g__;s__
OTU1475	k__Fungi;p__Ascomycota;c__Lecanoromycetes;o__;f__;g__;s__
OTU1476	k__Fungi;p__Ascomycota;c__;o__;f__;g__;s__
OTU1477	k__Fungi;p__;c__;o__;f__;g__;s__
OTU1478	k__Fungi;p__Ascomycota;c__Lecanoromycetes;o__;f__;g__;s__
OTU1479	k__Fungi;p__Ascomycota;c__Lecanoromycetes;o__;f__;g__;s__
OTU1480	k__Fungi;p__;c__;o__;f__;g__;s__
OTU1481	k__Fungi;p__;c__;o__;f__;g__;s__
OTU1482	k__Fungi;p__Chytridiomycota;c__;o__;f__;g__;s__
OTU1483	k__Fungi;p__Ascomycota;c__Lecanoromycetes;o__Graphidales;f__Gomphillaceae;g__Gomphillus;s__calycioides
OTU1484	k__Fungi;p__Ascomycota;c__Lecanoromycetes;o__Pertusariales;f__Pertusariaceae;g__Pertusaria;s__obruta
OTU1485	k__Fungi;p__Ascomycota;c__;o__;f__;g__;s__
OTU1486	k__Fungi;p__Ascomycota;c__Lecanoromycetes;o__Pertusariales;f__Pertusariaceae;g__Pertusaria;s__obruta
OTU1487	k__Fungi;p__Basidiomycota;c__Agaricomycetes;o__Polyporales;f__Meripilaceae;g__Rigidoporus;s__pouzarii
OTU1488	k__Fungi;p__;c__;o__;f__;g__;s__
OTU1489	k__Fungi;p__;c__;o__;f__;g__;s__
OTU1490	k__Fungi;p__;c__;o__;f__;g__;s__
OTU1491	k__Fungi;p__Ascomycota;c__Lecanoromycetes;o__;f__;g__;s__
OTU1492	k__Fungi;p__;c__;o__;f__;g__;s__
OTU1493	k__Fungi;p__;c__;o__;f__;g__;s__
OTU1494	k__Fungi;p__Ascomycota;c__Lecanoromycetes;o__;f__;g__;s__
OTU1495	k__Fungi;p__Ascomycota;c__;o__;f__;g__;s__
OTU1496	k__Fungi;p__Ascomycota;c__;o__;f__;g__;s__
OTU1497	k__Fungi;p__;c__;o__;f__;g__;s__
OTU1498	k__Fungi;p__;c__;o__;f__;g__;s__
OTU1499	k__Fungi;p__;c__;o__;f__;g__;s__
OTU1500	k__Fungi;p__;c__;o__;f__;g__;s__
OTU1501	k__Fungi;p__Ascomycota;c__;o__;f__;g__;s__
OTU1502	k__Fungi;p__Chytridiomycota;c__;o__;f__;g__;s__
OTU1503	k__Fungi;p__;c__;o__;f__;g__;s__
OTU1504	k__Fungi;p__Basidiomycota;c__Agaricomycetes;o__Polyporales;f__Meruliaceae;g__Phlebia;s__livida
OTU1505	k__Fungi;p__Chytridiomycota;c__Chytridiomycota_cls_Incertae_sedis;o__Chytridiomycota_ord_Incertae_sedis;f__Chytridiomycota_fam_Incertae_sedis;g__Chytridiomycota_gen_Incertae_sedis;s__
OTU1506	k__Fungi;p__;c__;o__;f__;g__;s__
OTU1507	k__Fungi;p__Ascomycota;c__Lecanoromycetes;o__;f__;g__;s__
OTU1508	k__Fungi;p__;c__;o__;f__;g__;s__
OTU1509	k__Fungi;p__Ascomycota;c__Lecanoromycetes;o__;f__;g__;s__
OTU1510	k__Fungi;p__Ascomycota;c__Lecanoromycetes;o__;f__;g__;s__
OTU1511	k__Fungi;p__Ascomycota;c__;o__;f__;g__;s__
OTU1512	k__Fungi;p__Ascomycota;c__Sordariomycetes;o__Hypocreales;f__Sarocladiaceae;g__Sarocladium;s__kiliense
OTU1513	k__Fungi;p__Chytridiomycota;c__;o__;f__;g__;s__
OTU1514	k__Fungi;p__Ascomycota;c__Lecanoromycetes;o__Pertusariales;f__Pertusariaceae;g__Pertusaria;s__obruta
OTU1515	k__Fungi;p__Ascomycota;c__Lecanoromycetes;o__;f__;g__;s__
OTU1516	k__Fungi;p__;c__;o__;f__;g__;s__
OTU1517	k__Fungi;p__Ascomycota;c__Lecanoromycetes;o__;f__;g__;s__
OTU1518	k__Fungi;p__;c__;o__;f__;g__;s__
OTU1519	k__Fungi;p__Ascomycota;c__Lecanoromycetes;o__Pertusariales;f__Pertusariaceae;g__Pertusaria;s__obruta
OTU1520	k__Fungi;p__Ascomycota;c__Lecanoromycetes;o__Graphidales;f__Gomphillaceae;g__Gomphillus;s__calycioides
OTU1521	k__Fungi;p__Ascomycota;c__Lecanoromycetes;o__;f__;g__;s__
OTU1522	k__Fungi;p__;c__;o__;f__;g__;s__
OTU1523	k__Fungi;p__Ascomycota;c__Lecanoromycetes;o__;f__;g__;s__
OTU1524	k__Fungi;p__;c__;o__;f__;g__;s__
OTU1525	k__Fungi;p__Basidiomycota;c__Agaricomycetes;o__Polyporales;f__Meruliaceae;g__Phlebia;s__livida
OTU1526	k__Fungi;p__;c__;o__;f__;g__;s__
OTU1527	k__Fungi;p__;c__;o__;f__;g__;s__
OTU1528	k__Fungi;p__;c__;o__;f__;g__;s__
OTU1529	k__Fungi;p__;c__;o__;f__;g__;s__
OTU1530	k__Fungi;p__Ascomycota;c__Lecanoromycetes;o__;f__;g__;s__
OTU1531	k__Fungi;p__Chytridiomycota;c__;o__;f__;g__;s__
OTU1532	k__Fungi;p__Ascomycota;c__;o__;f__;g__;s__
OTU1533	k__Fungi;p__Ascomycota;c__;o__;f__;g__;s__
OTU1534	k__Fungi;p__Ascomycota;c__;o__;f__;g__;s__
OTU1535	k__Fungi;p__Ascomycota;c__Lecanoromycetes;o__;f__;g__;s__
OTU1536	k__Fungi;p__Ascomycota;c__;o__;f__;g__;s__
OTU1537	k__Fungi;p__;c__;o__;f__;g__;s__
OTU1538	k__Fungi;p__;c__;o__;f__;g__;s__
OTU1539	k__Fungi;p__;c__;o__;f__;g__;s__
OTU1540	k__Fungi;p__Ascomycota;c__Saccharomycetes;o__Saccharomycetales;f__Saccharomycetales_fam_Incertae_sedis;g__Candida;s__albicans
OTU1541	k__Fungi;p__;c__;o__;f__;g__;s__
OTU1542	k__Fungi;p__;c__;o__;f__;g__;s__
OTU1543	k__Fungi;p__;c__;o__;f__;g__;s__
OTU1544	k__Fungi;p__;c__;o__;f__;g__;s__
OTU1545	k__Fungi;p__;c__;o__;f__;g__;s__
OTU1546	k__Fungi;p__Ascomycota;c__Lecanoromycetes;o__;f__;g__;s__
OTU1547	k__Fungi;p__;c__;o__;f__;g__;s__
OTU1548	k__Fungi;p__Ascomycota;c__;o__;f__;g__;s__
OTU1549	k__Fungi;p__Ascomycota;c__;o__;f__;g__;s__
OTU1550	k__Fungi;p__Basidiomycota;c__Agaricomycetes;o__Auriculariales;f__Hyaloriaceae;g__;s__
OTU1551	k__Fungi;p__Ascomycota;c__;o__;f__;g__;s__
OTU1552	k__Fungi;p__Ascomycota;c__;o__;f__;g__;s__
OTU1553	k__Fungi;p__;c__;o__;f__;g__;s__
OTU1554	k__Fungi;p__Ascomycota;c__Lecanoromycetes;o__;f__;g__;s__
OTU1555	k__Fungi;p__Chytridiomycota;c__Chytridiomycota_cls_Incertae_sedis;o__Chytridiomycota_ord_Incertae_sedis;f__Chytridiomycota_fam_Incertae_sedis;g__Chytridiomycota_gen_Incertae_sedis;s__
OTU1556	k__Fungi;p__Ascomycota;c__Lecanoromycetes;o__;f__;g__;s__
OTU1557	k__Fungi;p__;c__;o__;f__;g__;s__
OTU1558	k__Fungi;p__;c__;o__;f__;g__;s__
OTU1559	k__Fungi;p__;c__;o__;f__;g__;s__
OTU1560	k__Fungi;p__;c__;o__;f__;g__;s__
OTU1561	k__Fungi;p__;c__;o__;f__;g__;s__
OTU1562	k__Fungi;p__Chytridiomycota;c__Chytridiomycota_cls_Incertae_sedis;o__Chytridiomycota_ord_Incertae_sedis;f__Chytridiomycota_fam_Incertae_sedis;g__Chytridiomycota_gen_Incertae_sedis;s__
OTU1563	k__Fungi;p__Ascomycota;c__Lecanoromycetes;o__;f__;g__;s__
OTU1564	k__Fungi;p__Ascomycota;c__Lecanoromycetes;o__;f__;g__;s__
OTU1565	k__Fungi;p__Ascomycota;c__;o__;f__;g__;s__
OTU1566	k__Fungi;p__;c__;o__;f__;g__;s__
OTU1567	k__Fungi;p__Ascomycota;c__Lecanoromycetes;o__;f__;g__;s__
OTU1568	k__Fungi;p__Ascomycota;c__Lecanoromycetes;o__;f__;g__;s__
OTU1569	k__Fungi;p__;c__;o__;f__;g__;s__
OTU1570	k__Fungi;p__;c__;o__;f__;g__;s__
OTU1571	k__Fungi;p__Ascomycota;c__Lecanoromycetes;o__Pertusariales;f__Pertusariaceae;g__Pertusaria;s__obruta
OTU1572	k__Fungi;p__Ascomycota;c__Lecanoromycetes;o__;f__;g__;s__
OTU1573	k__Fungi;p__;c__;o__;f__;g__;s__
OTU1574	k__Fungi;p__Basidiomycota;c__Agaricomycetes;o__Hymenochaetales;f__Schizoporaceae;g__Xylodon;s__raduloides
OTU1575	k__Fungi;p__Ascomycota;c__Lecanoromycetes;o__;f__;g__;s__
OTU1576	k__Fungi;p__;c__;o__;f__;g__;s__
OTU1577	k__Fungi;p__Chytridiomycota;c__Chytridiomycota_cls_Incertae_sedis;o__Chytridiomycota_ord_Incertae_sedis;f__Chytridiomycota_fam_Incertae_sedis;g__Chytridiomycota_gen_Incertae_sedis;s__
OTU1578	k__Fungi;p__Ascomycota;c__Lecanoromycetes;o__;f__;g__;s__
OTU1579	k__Fungi;p__Ascomycota;c__Lecanoromycetes;o__Pertusariales;f__Pertusariaceae;g__Pertusaria;s__obruta
OTU1580	k__Fungi;p__Basidiomycota;c__Malasseziomycetes;o__Malasseziales;f__Malasseziaceae;g__Malassezia;s__obtusa
OTU1581	k__Fungi;p__Ascomycota;c__Lecanoromycetes;o__;f__;g__;s__
OTU1582	k__Fungi;p__Ascomycota;c__Lecanoromycetes;o__;f__;g__;s__
OTU1583	k__Fungi;p__;c__;o__;f__;g__;s__
OTU1584	k__Fungi;p__Basidiomycota;c__Tremellomycetes;o__Tremellales;f__Cryptococcaceae;g__Cryptococcus;s__pseudolongus
OTU1585	k__Fungi;p__Ascomycota;c__;o__;f__;g__;s__
OTU1586	k__Fungi;p__;c__;o__;f__;g__;s__
OTU1587	k__Fungi;p__;c__;o__;f__;g__;s__
OTU1588	k__Fungi;p__Ascomycota;c__Lecanoromycetes;o__;f__;g__;s__
OTU1589	k__Fungi;p__;c__;o__;f__;g__;s__
OTU1590	k__Fungi;p__Ascomycota;c__Lecanoromycetes;o__;f__;g__;s__
OTU1591	k__Fungi;p__;c__;o__;f__;g__;s__
OTU1592	k__Fungi;p__Ascomycota;c__Lecanoromycetes;o__;f__;g__;s__
OTU1593	k__Fungi;p__Ascomycota;c__Lecanoromycetes;o__;f__;g__;s__
OTU1594	k__Fungi;p__;c__;o__;f__;g__;s__
OTU1595	k__Fungi;p__Ascomycota;c__;o__;f__;g__;s__
OTU1596	k__Fungi;p__Chytridiomycota;c__Chytridiomycota_cls_Incertae_sedis;o__Chytridiomycota_ord_Incertae_sedis;f__Chytridiomycota_fam_Incertae_sedis;g__Chytridiomycota_gen_Incertae_sedis;s__
OTU1597	k__Fungi;p__;c__;o__;f__;g__;s__
OTU1598	k__Fungi;p__;c__;o__;f__;g__;s__
OTU1599	k__Fungi;p__Ascomycota;c__Lecanoromycetes;o__;f__;g__;s__
OTU1600	k__Fungi;p__Ascomycota;c__Lecanoromycetes;o__;f__;g__;s__
OTU1601	k__Fungi;p__;c__;o__;f__;g__;s__
OTU1602	k__Fungi;p__;c__;o__;f__;g__;s__
OTU1603	k__Fungi;p__Chytridiomycota;c__Chytridiomycota_cls_Incertae_sedis;o__Chytridiomycota_ord_Incertae_sedis;f__Chytridiomycota_fam_Incertae_sedis;g__Chytridiomycota_gen_Incertae_sedis;s__
OTU1604	k__Fungi;p__Ascomycota;c__;o__;f__;g__;s__
OTU1605	k__Fungi;p__;c__;o__;f__;g__;s__
OTU1606	k__Fungi;p__;c__;o__;f__;g__;s__
OTU1607	k__Fungi;p__;c__;o__;f__;g__;s__
OTU1608	k__Fungi;p__Ascomycota;c__Lecanoromycetes;o__;f__;g__;s__
OTU1609	k__Fungi;p__Ascomycota;c__Lecanoromycetes;o__Pertusariales;f__Pertusariaceae;g__Pertusaria;s__obruta
OTU1610	k__Fungi;p__Chytridiomycota;c__;o__;f__;g__;s__
OTU1611	k__Fungi;p__;c__;o__;f__;g__;s__
OTU1612	k__Fungi;p__Ascomycota;c__Lecanoromycetes;o__;f__;g__;s__
OTU1613	k__Fungi;p__Ascomycota;c__Lecanoromycetes;o__;f__;g__;s__
OTU1614	k__Fungi;p__;c__;o__;f__;g__;s__
OTU1615	k__Fungi;p__;c__;o__;f__;g__;s__
OTU1616	k__Fungi;p__;c__;o__;f__;g__;s__
OTU1617	k__Fungi;p__;c__;o__;f__;g__;s__
OTU1618	k__Fungi;p__;c__;o__;f__;g__;s__
OTU1619	k__Fungi;p__Ascomycota;c__;o__;f__;g__;s__
OTU1620	k__Fungi;p__Ascomycota;c__Lecanoromycetes;o__Pertusariales;f__Pertusariaceae;g__Pertusaria;s__obruta
OTU1621	k__Fungi;p__Chytridiomycota;c__;o__;f__;g__;s__
OTU1622	k__Fungi;p__Ascomycota;c__Lecanoromycetes;o__;f__;g__;s__
OTU1623	k__Fungi;p__;c__;o__;f__;g__;s__
OTU1624	k__Fungi;p__Chytridiomycota;c__;o__;f__;g__;s__
OTU1625	k__Fungi;p__;c__;o__;f__;g__;s__
OTU1626	k__Fungi;p__;c__;o__;f__;g__;s__
OTU1627	k__Fungi;p__Ascomycota;c__Lecanoromycetes;o__;f__;g__;s__
OTU1628	k__Fungi;p__Ascomycota;c__Lecanoromycetes;o__;f__;g__;s__
OTU1629	k__Fungi;p__;c__;o__;f__;g__;s__
OTU1630	k__Fungi;p__Ascomycota;c__Lecanoromycetes;o__;f__;g__;s__
OTU1631	k__Fungi;p__;c__;o__;f__;g__;s__
OTU1632	k__Fungi;p__;c__;o__;f__;g__;s__
OTU1633	k__Fungi;p__Ascomycota;c__;o__;f__;g__;s__
OTU1634	k__Fungi;p__;c__;o__;f__;g__;s__
OTU1635	k__Fungi;p__Ascomycota;c__;o__;f__;g__;s__
OTU1636	k__Fungi;p__Ascomycota;c__;o__;f__;g__;s__
OTU1637	k__Fungi;p__Ascomycota;c__;o__;f__;g__;s__
OTU1638	k__Fungi;p__Ascomycota;c__Lecanoromycetes;o__;f__;g__;s__
OTU1639	k__Fungi;p__Ascomycota;c__Lecanoromycetes;o__;f__;g__;s__
OTU1640	k__Fungi;p__Ascomycota;c__;o__;f__;g__;s__
OTU1641	k__Fungi;p__Ascomycota;c__Lecanoromycetes;o__;f__;g__;s__
OTU1642	k__Fungi;p__;c__;o__;f__;g__;s__
OTU1643	k__Fungi;p__;c__;o__;f__;g__;s__
OTU1644	k__Fungi;p__Ascomycota;c__;o__;f__;g__;s__
OTU1645	k__Fungi;p__;c__;o__;f__;g__;s__
OTU1646	k__Fungi;p__Chytridiomycota;c__;o__;f__;g__;s__
OTU1647	k__Fungi;p__Ascomycota;c__Lecanoromycetes;o__;f__;g__;s__
OTU1648	k__Fungi;p__;c__;o__;f__;g__;s__
OTU1649	k__Fungi;p__Ascomycota;c__Lecanoromycetes;o__;f__;g__;s__
OTU1650	k__Fungi;p__Ascomycota;c__;o__;f__;g__;s__
OTU1651	k__Fungi;p__;c__;o__;f__;g__;s__
OTU1652	k__Fungi;p__Ascomycota;c__Lecanoromycetes;o__Pertusariales;f__Pertusariaceae;g__Pertusaria;s__obruta
OTU1653	k__Fungi;p__;c__;o__;f__;g__;s__
OTU1654	k__Fungi;p__Ascomycota;c__Lecanoromycetes;o__;f__;g__;s__
OTU1655	k__Fungi;p__;c__;o__;f__;g__;s__
OTU1656	k__Fungi;p__;c__;o__;f__;g__;s__
OTU1657	k__Fungi;p__Ascomycota;c__Saccharomycetes;o__Saccharomycetales;f__Saccharomycetales_fam_Incertae_sedis;g__Candida;s__
OTU1658	k__Fungi;p__Ascomycota;c__Lecanoromycetes;o__Pertusariales;f__Pertusariaceae;g__Pertusaria;s__obruta
OTU1659	k__Fungi;p__Ascomycota;c__Lecanoromycetes;o__Pertusariales;f__Pertusariaceae;g__Pertusaria;s__obruta
OTU1660	k__Fungi;p__;c__;o__;f__;g__;s__
OTU1661	k__Fungi;p__Ascomycota;c__Lecanoromycetes;o__;f__;g__;s__
OTU1662	k__Fungi;p__Ascomycota;c__Lecanoromycetes;o__;f__;g__;s__
OTU1663	k__Fungi;p__;c__;o__;f__;g__;s__
OTU1664	k__Fungi;p__;c__;o__;f__;g__;s__
OTU1665	k__Fungi;p__;c__;o__;f__;g__;s__
OTU1666	k__Fungi;p__;c__;o__;f__;g__;s__
OTU1667	k__Fungi;p__;c__;o__;f__;g__;s__
OTU1668	k__Fungi;p__Ascomycota;c__;o__;f__;g__;s__
OTU1669	k__Fungi;p__Ascomycota;c__Lecanoromycetes;o__;f__;g__;s__
OTU1670	k__Fungi;p__;c__;o__;f__;g__;s__
OTU1671	k__Fungi;p__;c__;o__;f__;g__;s__
OTU1672	k__Fungi;p__Ascomycota;c__Lecanoromycetes;o__;f__;g__;s__
OTU1673	k__Fungi;p__;c__;o__;f__;g__;s__
OTU1674	k__Fungi;p__;c__;o__;f__;g__;s__
OTU1675	k__Fungi;p__Ascomycota;c__;o__;f__;g__;s__
OTU1676	k__Fungi;p__;c__;o__;f__;g__;s__
OTU1677	k__Fungi;p__Ascomycota;c__Lecanoromycetes;o__;f__;g__;s__
OTU1678	k__Fungi;p__Ascomycota;c__Lecanoromycetes;o__;f__;g__;s__
OTU1679	k__Fungi;p__;c__;o__;f__;g__;s__
OTU1680	k__Fungi;p__;c__;o__;f__;g__;s__
OTU1681	k__Fungi;p__Ascomycota;c__;o__;f__;g__;s__
OTU1682	k__Fungi;p__;c__;o__;f__;g__;s__
OTU1683	k__Fungi;p__Chytridiomycota;c__Chytridiomycota_cls_Incertae_sedis;o__Chytridiomycota_ord_Incertae_sedis;f__Chytridiomycota_fam_Incertae_sedis;g__Chytridiomycota_gen_Incertae_sedis;s__
OTU1684	k__Fungi;p__Ascomycota;c__;o__;f__;g__;s__
OTU1685	k__Fungi;p__;c__;o__;f__;g__;s__
OTU1686	k__Fungi;p__;c__;o__;f__;g__;s__
OTU1687	k__Fungi;p__;c__;o__;f__;g__;s__
OTU1688	k__Fungi;p__;c__;o__;f__;g__;s__
OTU1689	k__Fungi;p__Ascomycota;c__;o__;f__;g__;s__
OTU1690	k__Fungi;p__Chytridiomycota;c__;o__;f__;g__;s__
OTU1691	k__Fungi;p__Ascomycota;c__Lecanoromycetes;o__Pertusariales;f__Pertusariaceae;g__Pertusaria;s__obruta
OTU1692	k__Fungi;p__Basidiomycota;c__Wallemiomycetes;o__Wallemiales;f__Wallemiaceae;g__Wallemia;s__sebi
OTU1693	k__Fungi;p__Ascomycota;c__;o__;f__;g__;s__
OTU1694	k__Fungi;p__Chytridiomycota;c__;o__;f__;g__;s__
OTU1695	k__Fungi;p__Ascomycota;c__Lecanoromycetes;o__;f__;g__;s__
OTU1696	k__Fungi;p__Chytridiomycota;c__;o__;f__;g__;s__
OTU1697	k__Fungi;p__Ascomycota;c__Lecanoromycetes;o__;f__;g__;s__
OTU1698	k__Fungi;p__;c__;o__;f__;g__;s__
OTU1699	k__Fungi;p__;c__;o__;f__;g__;s__
OTU1700	k__Fungi;p__;c__;o__;f__;g__;s__
OTU1701	k__Fungi;p__Ascomycota;c__Lecanoromycetes;o__;f__;g__;s__
OTU1702	k__Fungi;p__Ascomycota;c__;o__;f__;g__;s__
OTU1703	k__Fungi;p__;c__;o__;f__;g__;s__
OTU1704	k__Fungi;p__;c__;o__;f__;g__;s__
OTU1705	k__Fungi;p__;c__;o__;f__;g__;s__
OTU1706	k__Fungi;p__;c__;o__;f__;g__;s__
OTU1707	k__Fungi;p__Ascomycota;c__Lecanoromycetes;o__;f__;g__;s__
OTU1708	k__Fungi;p__Ascomycota;c__Lecanoromycetes;o__;f__;g__;s__
OTU1709	k__Fungi;p__Ascomycota;c__;o__;f__;g__;s__
OTU1710	k__Fungi;p__Ascomycota;c__Lecanoromycetes;o__;f__;g__;s__
OTU1711	k__Fungi;p__;c__;o__;f__;g__;s__
OTU1712	k__Fungi;p__;c__;o__;f__;g__;s__
OTU1713	k__Fungi;p__Ascomycota;c__Lecanoromycetes;o__;f__;g__;s__
OTU1714	k__Fungi;p__Ascomycota;c__;o__;f__;g__;s__
OTU1715	k__Fungi;p__Ascomycota;c__Eurotiomycetes;o__Eurotiales;f__Aspergillaceae;g__Penicillium;s__expansum
OTU1716	k__Fungi;p__Ascomycota;c__Lecanoromycetes;o__Pertusariales;f__Pertusariaceae;g__Pertusaria;s__obruta
OTU1717	k__Fungi;p__Ascomycota;c__Lecanoromycetes;o__;f__;g__;s__
OTU1718	k__Fungi;p__Ascomycota;c__Lecanoromycetes;o__Pertusariales;f__Pertusariaceae;g__Pertusaria;s__obruta
OTU1719	k__Fungi;p__Ascomycota;c__Lecanoromycetes;o__;f__;g__;s__
OTU1720	k__Fungi;p__;c__;o__;f__;g__;s__
OTU1721	k__Fungi;p__Ascomycota;c__;o__;f__;g__;s__
OTU1722	k__Fungi;p__;c__;o__;f__;g__;s__
OTU1723	k__Fungi;p__Chytridiomycota;c__;o__;f__;g__;s__
OTU1724	k__Fungi;p__Chytridiomycota;c__;o__;f__;g__;s__
OTU1725	k__Fungi;p__;c__;o__;f__;g__;s__
OTU1726	k__Fungi;p__Ascomycota;c__Lecanoromycetes;o__;f__;g__;s__
OTU1727	k__Fungi;p__Ascomycota;c__Lecanoromycetes;o__;f__;g__;s__
OTU1728	k__Fungi;p__;c__;o__;f__;g__;s__
OTU1729	k__Fungi;p__;c__;o__;f__;g__;s__
OTU1730	k__Fungi;p__Ascomycota;c__Lecanoromycetes;o__;f__;g__;s__
OTU1731	k__Fungi;p__Chytridiomycota;c__;o__;f__;g__;s__
OTU1732	k__Fungi;p__Ascomycota;c__;o__;f__;g__;s__
OTU1733	k__Fungi;p__Ascomycota;c__Lecanoromycetes;o__;f__;g__;s__
OTU1734	k__Fungi;p__Ascomycota;c__;o__;f__;g__;s__
OTU1735	k__Fungi;p__Ascomycota;c__;o__;f__;g__;s__
OTU1736	k__Fungi;p__;c__;o__;f__;g__;s__
OTU1737	k__Fungi;p__Ascomycota;c__Lecanoromycetes;o__;f__;g__;s__
OTU1738	k__Fungi;p__;c__;o__;f__;g__;s__
OTU1739	k__Fungi;p__Ascomycota;c__Lecanoromycetes;o__;f__;g__;s__
OTU1740	k__Fungi;p__;c__;o__;f__;g__;s__
OTU1741	k__Fungi;p__Ascomycota;c__;o__;f__;g__;s__
OTU1742	k__Fungi;p__Ascomycota;c__;o__;f__;g__;s__
OTU1743	k__Fungi;p__;c__;o__;f__;g__;s__
OTU1744	k__Fungi;p__Ascomycota;c__Lecanoromycetes;o__;f__;g__;s__
OTU1745	k__Fungi;p__Ascomycota;c__Lecanoromycetes;o__;f__;g__;s__
OTU1746	k__Fungi;p__Ascomycota;c__Lecanoromycetes;o__;f__;g__;s__
OTU1747	k__Fungi;p__Chytridiomycota;c__;o__;f__;g__;s__
OTU1748	k__Fungi;p__Ascomycota;c__;o__;f__;g__;s__
OTU1749	k__Fungi;p__;c__;o__;f__;g__;s__
OTU1750	k__Fungi;p__;c__;o__;f__;g__;s__
OTU1751	k__Fungi;p__Chytridiomycota;c__;o__;f__;g__;s__
OTU1752	k__Fungi;p__;c__;o__;f__;g__;s__
OTU1753	k__Fungi;p__;c__;o__;f__;g__;s__
OTU1754	k__Fungi;p__Ascomycota;c__;o__;f__;g__;s__
OTU1755	k__Fungi;p__;c__;o__;f__;g__;s__
OTU1756	k__Fungi;p__;c__;o__;f__;g__;s__
OTU1757	k__Fungi;p__Ascomycota;c__Lecanoromycetes;o__;f__;g__;s__
OTU1758	k__Fungi;p__;c__;o__;f__;g__;s__
OTU1759	k__Fungi;p__Ascomycota;c__;o__;f__;g__;s__
OTU1760	k__Fungi;p__;c__;o__;f__;g__;s__
OTU1761	k__Fungi;p__;c__;o__;f__;g__;s__
OTU1762	k__Fungi;p__Ascomycota;c__Lecanoromycetes;o__;f__;g__;s__
OTU1763	k__Fungi;p__;c__;o__;f__;g__;s__
OTU1764	k__Fungi;p__;c__;o__;f__;g__;s__
OTU1765	k__Fungi;p__;c__;o__;f__;g__;s__
OTU1766	k__Fungi;p__;c__;o__;f__;g__;s__
OTU1767	k__Fungi;p__Chytridiomycota;c__;o__;f__;g__;s__
OTU1768	k__Fungi;p__Ascomycota;c__Eurotiomycetes;o__Eurotiales;f__Aspergillaceae;g__Penicillium;s__
OTU1769	k__Fungi;p__Ascomycota;c__Lecanoromycetes;o__;f__;g__;s__
OTU1770	k__Fungi;p__Ascomycota;c__Lecanoromycetes;o__;f__;g__;s__
OTU1771	k__Fungi;p__Ascomycota;c__Sordariomycetes;o__Hypocreales;f__Sarocladiaceae;g__Sarocladium;s__kiliense
OTU1772	k__Fungi;p__Ascomycota;c__Lecanoromycetes;o__Pertusariales;f__Pertusariaceae;g__Pertusaria;s__obruta
OTU1773	k__Fungi;p__Basidiomycota;c__Agaricomycetes;o__Russulales;f__Stereaceae;g__Stereum;s__complicatum
OTU1774	k__Fungi;p__;c__;o__;f__;g__;s__
OTU1775	k__Fungi;p__;c__;o__;f__;g__;s__
OTU1776	k__Fungi;p__Ascomycota;c__;o__;f__;g__;s__
OTU1777	k__Fungi;p__Ascomycota;c__Lecanoromycetes;o__;f__;g__;s__
OTU1778	k__Fungi;p__Ascomycota;c__Lecanoromycetes;o__;f__;g__;s__
OTU1779	k__Fungi;p__;c__;o__;f__;g__;s__
OTU1780	k__Fungi;p__;c__;o__;f__;g__;s__
OTU1781	k__Fungi;p__Chytridiomycota;c__Chytridiomycota_cls_Incertae_sedis;o__Chytridiomycota_ord_Incertae_sedis;f__Chytridiomycota_fam_Incertae_sedis;g__Chytridiomycota_gen_Incertae_sedis;s__
OTU1782	k__Fungi;p__;c__;o__;f__;g__;s__
OTU1783	k__Fungi;p__Ascomycota;c__Lecanoromycetes;o__;f__;g__;s__
OTU1784	k__Fungi;p__;c__;o__;f__;g__;s__
OTU1785	k__Fungi;p__;c__;o__;f__;g__;s__
OTU1786	k__Fungi;p__Ascomycota;c__;o__;f__;g__;s__
OTU1787	k__Fungi;p__;c__;o__;f__;g__;s__
OTU1788	k__Fungi;p__Ascomycota;c__;o__;f__;g__;s__
OTU1789	k__Fungi;p__;c__;o__;f__;g__;s__
OTU1790	k__Fungi;p__;c__;o__;f__;g__;s__
OTU1791	k__Fungi;p__;c__;o__;f__;g__;s__
OTU1792	k__Fungi;p__;c__;o__;f__;g__;s__
OTU1793	k__Fungi;p__;c__;o__;f__;g__;s__
OTU1794	k__Fungi;p__;c__;o__;f__;g__;s__
OTU1795	k__Fungi;p__;c__;o__;f__;g__;s__
OTU1796	k__Fungi;p__Ascomycota;c__Sordariomycetes;o__Hypocreales;f__Nectriaceae;g__Fusarium;s__incarnatum
OTU1797	k__Fungi;p__Ascomycota;c__;o__;f__;g__;s__
OTU1798	k__Fungi;p__;c__;o__;f__;g__;s__
OTU1799	k__Fungi;p__;c__;o__;f__;g__;s__
OTU1800	k__Fungi;p__Ascomycota;c__Lecanoromycetes;o__;f__;g__;s__
OTU1801	k__Fungi;p__Ascomycota;c__Lecanoromycetes;o__;f__;g__;s__
OTU1802	k__Fungi;p__;c__;o__;f__;g__;s__
OTU1803	k__Fungi;p__;c__;o__;f__;g__;s__
OTU1804	k__Fungi;p__Ascomycota;c__Lecanoromycetes;o__;f__;g__;s__
OTU1805	k__Fungi;p__Ascomycota;c__Lecanoromycetes;o__;f__;g__;s__
OTU1806	k__Fungi;p__;c__;o__;f__;g__;s__
OTU1807	k__Fungi;p__;c__;o__;f__;g__;s__
OTU1808	k__Fungi;p__Ascomycota;c__;o__;f__;g__;s__
OTU1809	k__Fungi;p__Chytridiomycota;c__;o__;f__;g__;s__
OTU1810	k__Fungi;p__Ascomycota;c__;o__;f__;g__;s__
OTU1811	k__Fungi;p__Ascomycota;c__;o__;f__;g__;s__
OTU1812	k__Fungi;p__Chytridiomycota;c__Chytridiomycota_cls_Incertae_sedis;o__Chytridiomycota_ord_Incertae_sedis;f__Chytridiomycota_fam_Incertae_sedis;g__Chytridiomycota_gen_Incertae_sedis;s__
OTU1813	k__Fungi;p__;c__;o__;f__;g__;s__
OTU1814	k__Fungi;p__;c__;o__;f__;g__;s__
OTU1815	k__Fungi;p__;c__;o__;f__;g__;s__
OTU1816	k__Fungi;p__;c__;o__;f__;g__;s__
OTU1817	k__Fungi;p__;c__;o__;f__;g__;s__
OTU1818	k__Fungi;p__;c__;o__;f__;g__;s__
OTU1819	k__Fungi;p__;c__;o__;f__;g__;s__
OTU1820	k__Fungi;p__;c__;o__;f__;g__;s__
OTU1821	k__Fungi;p__Ascomycota;c__;o__;f__;g__;s__
OTU1822	k__Fungi;p__Ascomycota;c__;o__;f__;g__;s__
OTU1823	k__Fungi;p__;c__;o__;f__;g__;s__
OTU1824	k__Fungi;p__;c__;o__;f__;g__;s__
OTU1825	k__Fungi;p__;c__;o__;f__;g__;s__
OTU1826	k__Fungi;p__;c__;o__;f__;g__;s__
OTU1827	k__Fungi;p__Ascomycota;c__;o__;f__;g__;s__
OTU1828	k__Fungi;p__Ascomycota;c__;o__;f__;g__;s__
OTU1829	k__Fungi;p__Chytridiomycota;c__Chytridiomycota_cls_Incertae_sedis;o__Chytridiomycota_ord_Incertae_sedis;f__Chytridiomycota_fam_Incertae_sedis;g__Chytridiomycota_gen_Incertae_sedis;s__
OTU1830	k__Fungi;p__;c__;o__;f__;g__;s__
OTU1831	k__Fungi;p__;c__;o__;f__;g__;s__
OTU1832	k__Fungi;p__;c__;o__;f__;g__;s__
OTU1833	k__Fungi;p__Ascomycota;c__;o__;f__;g__;s__
OTU1834	k__Fungi;p__;c__;o__;f__;g__;s__
OTU1835	k__Fungi;p__;c__;o__;f__;g__;s__
OTU1836	k__Fungi;p__;c__;o__;f__;g__;s__
OTU1837	k__Fungi;p__;c__;o__;f__;g__;s__
OTU1838	k__Fungi;p__Ascomycota;c__Lecanoromycetes;o__;f__;g__;s__
OTU1839	k__Fungi;p__;c__;o__;f__;g__;s__
OTU1840	k__Fungi;p__;c__;o__;f__;g__;s__
OTU1841	k__Fungi;p__;c__;o__;f__;g__;s__
OTU1842	k__Fungi;p__;c__;o__;f__;g__;s__
OTU1843	k__Fungi;p__;c__;o__;f__;g__;s__
OTU1844	k__Fungi;p__Ascomycota;c__;o__;f__;g__;s__
OTU1845	k__Fungi;p__;c__;o__;f__;g__;s__
OTU1846	k__Fungi;p__Ascomycota;c__Lecanoromycetes;o__;f__;g__;s__
OTU1847	k__Fungi;p__;c__;o__;f__;g__;s__
OTU1848	k__Fungi;p__;c__;o__;f__;g__;s__
OTU1849	k__Fungi;p__;c__;o__;f__;g__;s__
OTU1850	k__Fungi;p__;c__;o__;f__;g__;s__
OTU1851	k__Fungi;p__Ascomycota;c__;o__;f__;g__;s__
OTU1852	k__Fungi;p__Ascomycota;c__;o__;f__;g__;s__
OTU1853	k__Fungi;p__;c__;o__;f__;g__;s__
OTU1854	k__Fungi;p__Ascomycota;c__Lecanoromycetes;o__;f__;g__;s__
OTU1855	k__Fungi;p__;c__;o__;f__;g__;s__
OTU1856	k__Fungi;p__Chytridiomycota;c__Chytridiomycota_cls_Incertae_sedis;o__Chytridiomycota_ord_Incertae_sedis;f__Chytridiomycota_fam_Incertae_sedis;g__Chytridiomycota_gen_Incertae_sedis;s__
OTU1857	k__Fungi;p__Ascomycota;c__;o__;f__;g__;s__
OTU1858	k__Fungi;p__;c__;o__;f__;g__;s__
OTU1859	k__Fungi;p__Ascomycota;c__;o__;f__;g__;s__
OTU1860	k__Fungi;p__Ascomycota;c__;o__;f__;g__;s__
OTU1861	k__Fungi;p__Ascomycota;c__Lecanoromycetes;o__;f__;g__;s__
OTU1862	k__Fungi;p__;c__;o__;f__;g__;s__
OTU1863	k__Fungi;p__;c__;o__;f__;g__;s__
OTU1864	k__Fungi;p__Ascomycota;c__;o__;f__;g__;s__
OTU1865	k__Fungi;p__;c__;o__;f__;g__;s__
OTU1866	k__Fungi;p__Ascomycota;c__;o__;f__;g__;s__
OTU1867	k__Fungi;p__;c__;o__;f__;g__;s__
OTU1868	k__Fungi;p__Ascomycota;c__;o__;f__;g__;s__
OTU1869	k__Fungi;p__Ascomycota;c__Lecanoromycetes;o__;f__;g__;s__
OTU1870	k__Fungi;p__;c__;o__;f__;g__;s__
OTU1871	k__Fungi;p__Ascomycota;c__Lecanoromycetes;o__;f__;g__;s__
OTU1872	k__Fungi;p__;c__;o__;f__;g__;s__
OTU1873	k__Fungi;p__;c__;o__;f__;g__;s__
OTU1874	k__Fungi;p__;c__;o__;f__;g__;s__
OTU1875	k__Fungi;p__;c__;o__;f__;g__;s__
OTU1876	k__Fungi;p__;c__;o__;f__;g__;s__
OTU1877	k__Fungi;p__;c__;o__;f__;g__;s__
OTU1878	k__Fungi;p__;c__;o__;f__;g__;s__
OTU1879	k__Fungi;p__Chytridiomycota;c__;o__;f__;g__;s__
OTU1880	k__Fungi;p__Ascomycota;c__Lecanoromycetes;o__;f__;g__;s__
OTU1881	k__Fungi;p__Ascomycota;c__;o__;f__;g__;s__
OTU1882	k__Fungi;p__Ascomycota;c__Lecanoromycetes;o__;f__;g__;s__
OTU1883	k__Fungi;p__;c__;o__;f__;g__;s__
OTU1884	k__Fungi;p__Ascomycota;c__Lecanoromycetes;o__;f__;g__;s__
OTU1885	k__Fungi;p__Ascomycota;c__;o__;f__;g__;s__
OTU1886	k__Fungi;p__;c__;o__;f__;g__;s__
OTU1887	k__Fungi;p__Ascomycota;c__;o__;f__;g__;s__
OTU1888	k__Fungi;p__;c__;o__;f__;g__;s__
OTU1889	k__Fungi;p__;c__;o__;f__;g__;s__
OTU1890	k__Fungi;p__;c__;o__;f__;g__;s__
OTU1891	k__Fungi;p__Ascomycota;c__;o__;f__;g__;s__
OTU1892	k__Fungi;p__Ascomycota;c__Lecanoromycetes;o__;f__;g__;s__
OTU1893	k__Fungi;p__;c__;o__;f__;g__;s__
OTU1894	k__Fungi;p__Ascomycota;c__Lecanoromycetes;o__Pertusariales;f__Pertusariaceae;g__Pertusaria;s__obruta
OTU1895	k__Fungi;p__Ascomycota;c__Lecanoromycetes;o__;f__;g__;s__
OTU1896	k__Fungi;p__;c__;o__;f__;g__;s__
OTU1897	k__Fungi;p__;c__;o__;f__;g__;s__
OTU1898	k__Fungi;p__;c__;o__;f__;g__;s__
OTU1899	k__Fungi;p__;c__;o__;f__;g__;s__
OTU1900	k__Fungi;p__Ascomycota;c__Lecanoromycetes;o__Pertusariales;f__Pertusariaceae;g__Pertusaria;s__obruta
OTU1901	k__Fungi;p__Ascomycota;c__Lecanoromycetes;o__Graphidales;f__Gomphillaceae;g__Gomphillus;s__calycioides
OTU1902	k__Fungi;p__Chytridiomycota;c__;o__;f__;g__;s__
OTU1903	k__Fungi;p__;c__;o__;f__;g__;s__
OTU1904	k__Fungi;p__Ascomycota;c__;o__;f__;g__;s__
OTU1905	k__Fungi;p__;c__;o__;f__;g__;s__
OTU1906	k__Fungi;p__Ascomycota;c__;o__;f__;g__;s__
OTU1907	k__Fungi;p__;c__;o__;f__;g__;s__
OTU1908	k__Fungi;p__;c__;o__;f__;g__;s__
OTU1909	k__Fungi;p__Ascomycota;c__Lecanoromycetes;o__;f__;g__;s__
OTU1910	k__Fungi;p__Ascomycota;c__;o__;f__;g__;s__
OTU1911	k__Fungi;p__Ascomycota;c__;o__;f__;g__;s__
OTU1912	k__Fungi;p__;c__;o__;f__;g__;s__
OTU1913	k__Fungi;p__;c__;o__;f__;g__;s__
OTU1914	k__Fungi;p__;c__;o__;f__;g__;s__
OTU1915	k__Fungi;p__;c__;o__;f__;g__;s__
OTU1916	k__Fungi;p__Ascomycota;c__Lecanoromycetes;o__;f__;g__;s__
OTU1917	k__Fungi;p__Ascomycota;c__;o__;f__;g__;s__
OTU1918	k__Fungi;p__Ascomycota;c__Lecanoromycetes;o__Pertusariales;f__Pertusariaceae;g__Pertusaria;s__obruta
OTU1919	k__Fungi;p__;c__;o__;f__;g__;s__
OTU1920	k__Fungi;p__Ascomycota;c__Lecanoromycetes;o__Pertusariales;f__Pertusariaceae;g__Pertusaria;s__obruta
OTU1921	k__Fungi;p__Chytridiomycota;c__Chytridiomycota_cls_Incertae_sedis;o__Chytridiomycota_ord_Incertae_sedis;f__Chytridiomycota_fam_Incertae_sedis;g__Chytridiomycota_gen_Incertae_sedis;s__
OTU1922	k__Fungi;p__Chytridiomycota;c__Chytridiomycota_cls_Incertae_sedis;o__Chytridiomycota_ord_Incertae_sedis;f__Chytridiomycota_fam_Incertae_sedis;g__Chytridiomycota_gen_Incertae_sedis;s__
OTU1923	k__Fungi;p__;c__;o__;f__;g__;s__
OTU1924	k__Fungi;p__;c__;o__;f__;g__;s__
OTU1925	k__Fungi;p__;c__;o__;f__;g__;s__
OTU1926	k__Fungi;p__Ascomycota;c__;o__;f__;g__;s__
OTU1927	k__Fungi;p__;c__;o__;f__;g__;s__
OTU1928	k__Fungi;p__;c__;o__;f__;g__;s__
OTU1929	k__Fungi;p__;c__;o__;f__;g__;s__
OTU1930	k__Fungi;p__Ascomycota;c__Lecanoromycetes;o__Pertusariales;f__Pertusariaceae;g__Pertusaria;s__obruta
OTU1931	k__Fungi;p__Ascomycota;c__Lecanoromycetes;o__;f__;g__;s__
OTU1932	k__Fungi;p__Chytridiomycota;c__Chytridiomycota_cls_Incertae_sedis;o__Chytridiomycota_ord_Incertae_sedis;f__Chytridiomycota_fam_Incertae_sedis;g__Chytridiomycota_gen_Incertae_sedis;s__
OTU1933	k__Fungi;p__;c__;o__;f__;g__;s__
OTU1934	k__Fungi;p__Chytridiomycota;c__Chytridiomycota_cls_Incertae_sedis;o__Chytridiomycota_ord_Incertae_sedis;f__Chytridiomycota_fam_Incertae_sedis;g__Chytridiomycota_gen_Incertae_sedis;s__
OTU1935	k__Fungi;p__;c__;o__;f__;g__;s__
OTU1936	k__Fungi;p__;c__;o__;f__;g__;s__
OTU1937	k__Fungi;p__;c__;o__;f__;g__;s__
OTU1938	k__Fungi;p__Ascomycota;c__;o__;f__;g__;s__
OTU1939	k__Fungi;p__Ascomycota;c__Lecanoromycetes;o__;f__;g__;s__
OTU1940	k__Fungi;p__;c__;o__;f__;g__;s__
OTU1941	k__Fungi;p__Ascomycota;c__Lecanoromycetes;o__;f__;g__;s__
OTU1942	k__Fungi;p__Ascomycota;c__;o__;f__;g__;s__
OTU1943	k__Fungi;p__Ascomycota;c__;o__;f__;g__;s__
OTU1944	k__Fungi;p__Ascomycota;c__Lecanoromycetes;o__;f__;g__;s__
OTU1945	k__Fungi;p__Ascomycota;c__Lecanoromycetes;o__;f__;g__;s__
OTU1946	k__Fungi;p__;c__;o__;f__;g__;s__
OTU1947	k__Fungi;p__Ascomycota;c__Lecanoromycetes;o__;f__;g__;s__
OTU1948	k__Fungi;p__Ascomycota;c__Lecanoromycetes;o__;f__;g__;s__
OTU1949	k__Fungi;p__Ascomycota;c__Lecanoromycetes;o__Pertusariales;f__Pertusariaceae;g__Pertusaria;s__obruta
OTU1950	k__Fungi;p__Ascomycota;c__Lecanoromycetes;o__;f__;g__;s__
OTU1951	k__Fungi;p__Ascomycota;c__Lecanoromycetes;o__;f__;g__;s__
OTU1952	k__Fungi;p__Ascomycota;c__;o__;f__;g__;s__
OTU1953	k__Fungi;p__;c__;o__;f__;g__;s__
OTU1954	k__Fungi;p__;c__;o__;f__;g__;s__
OTU1955	k__Fungi;p__;c__;o__;f__;g__;s__
OTU1956	k__Fungi;p__;c__;o__;f__;g__;s__
OTU1957	k__Fungi;p__Ascomycota;c__;o__;f__;g__;s__
OTU1958	k__Fungi;p__Ascomycota;c__Lecanoromycetes;o__Pertusariales;f__Pertusariaceae;g__Pertusaria;s__obruta
OTU1959	k__Fungi;p__;c__;o__;f__;g__;s__
OTU1960	k__Fungi;p__;c__;o__;f__;g__;s__
OTU1961	k__Fungi;p__;c__;o__;f__;g__;s__
OTU1962	k__Fungi;p__Ascomycota;c__Lecanoromycetes;o__Pertusariales;f__Pertusariaceae;g__Pertusaria;s__obruta
OTU1963	k__Fungi;p__Ascomycota;c__Lecanoromycetes;o__;f__;g__;s__
OTU1964	k__Fungi;p__Ascomycota;c__Saccharomycetes;o__Saccharomycetales;f__Saccharomycetales_fam_Incertae_sedis;g__Candida;s__albicans
OTU1965	k__Fungi;p__;c__;o__;f__;g__;s__
OTU1966	k__Fungi;p__Ascomycota;c__;o__;f__;g__;s__
OTU1967	k__Fungi;p__Ascomycota;c__Lecanoromycetes;o__;f__;g__;s__
OTU1968	k__Fungi;p__;c__;o__;f__;g__;s__
OTU1969	k__Fungi;p__;c__;o__;f__;g__;s__
OTU1970	k__Fungi;p__Ascomycota;c__;o__;f__;g__;s__
OTU1971	k__Fungi;p__;c__;o__;f__;g__;s__
OTU1972	k__Fungi;p__Chytridiomycota;c__;o__;f__;g__;s__
OTU1973	k__Fungi;p__Ascomycota;c__Lecanoromycetes;o__;f__;g__;s__
OTU1974	k__Fungi;p__Ascomycota;c__Lecanoromycetes;o__;f__;g__;s__
OTU1975	k__Fungi;p__Ascomycota;c__Lecanoromycetes;o__;f__;g__;s__
OTU1976	k__Fungi;p__;c__;o__;f__;g__;s__
OTU1977	k__Fungi;p__;c__;o__;f__;g__;s__
OTU1978	k__Fungi;p__;c__;o__;f__;g__;s__
OTU1979	k__Fungi;p__;c__;o__;f__;g__;s__
OTU1980	k__Fungi;p__;c__;o__;f__;g__;s__
OTU1981	k__Fungi;p__;c__;o__;f__;g__;s__
OTU1982	k__Fungi;p__Ascomycota;c__Eurotiomycetes;o__Eurotiales;f__Thermoascaceae;g__Paecilomyces;s__dactylethromorphus
OTU1983	k__Fungi;p__;c__;o__;f__;g__;s__
OTU1984	k__Fungi;p__;c__;o__;f__;g__;s__
OTU1985	k__Fungi;p__Ascomycota;c__Lecanoromycetes;o__Pertusariales;f__Pertusariaceae;g__Pertusaria;s__obruta
OTU1986	k__Fungi;p__;c__;o__;f__;g__;s__
OTU1987	k__Fungi;p__Chytridiomycota;c__;o__;f__;g__;s__
OTU1988	k__Fungi;p__Ascomycota;c__Lecanoromycetes;o__;f__;g__;s__
OTU1989	k__Fungi;p__Ascomycota;c__Lecanoromycetes;o__;f__;g__;s__
OTU1990	k__Fungi;p__Ascomycota;c__;o__;f__;g__;s__
OTU1991	k__Fungi;p__;c__;o__;f__;g__;s__
OTU1992	k__Fungi;p__;c__;o__;f__;g__;s__
OTU1993	k__Fungi;p__Ascomycota;c__Lecanoromycetes;o__;f__;g__;s__
OTU1994	k__Fungi;p__;c__;o__;f__;g__;s__
OTU1995	k__Fungi;p__;c__;o__;f__;g__;s__
OTU1996	k__Fungi;p__Ascomycota;c__Lecanoromycetes;o__;f__;g__;s__
OTU1997	k__Fungi;p__Ascomycota;c__Lecanoromycetes;o__Pertusariales;f__Pertusariaceae;g__Pertusaria;s__obruta
OTU1998	k__Fungi;p__Ascomycota;c__Lecanoromycetes;o__Pertusariales;f__Pertusariaceae;g__Pertusaria;s__obruta
OTU1999	k__Fungi;p__;c__;o__;f__;g__;s__
OTU2000	k__Fungi;p__Chytridiomycota;c__Chytridiomycota_cls_Incertae_sedis;o__Chytridiomycota_ord_Incertae_sedis;f__Chytridiomycota_fam_Incertae_sedis;g__Chytridiomycota_gen_Incertae_sedis;s__
OTU2001	k__Fungi;p__;c__;o__;f__;g__;s__
OTU2002	k__Fungi;p__Ascomycota;c__Lecanoromycetes;o__;f__;g__;s__
OTU2003	k__Fungi;p__;c__;o__;f__;g__;s__
OTU2004	k__Fungi;p__Ascomycota;c__Lecanoromycetes;o__;f__;g__;s__
OTU2005	k__Fungi;p__;c__;o__;f__;g__;s__
OTU2006	k__Fungi;p__Ascomycota;c__Lecanoromycetes;o__;f__;g__;s__
OTU2007	k__Fungi;p__;c__;o__;f__;g__;s__
OTU2008	k__Fungi;p__Chytridiomycota;c__;o__;f__;g__;s__
OTU2009	k__Fungi;p__Ascomycota;c__;o__;f__;g__;s__
OTU2010	k__Fungi;p__;c__;o__;f__;g__;s__
OTU2011	k__Fungi;p__;c__;o__;f__;g__;s__
OTU2012	k__Fungi;p__Ascomycota;c__Lecanoromycetes;o__;f__;g__;s__
OTU2013	k__Fungi;p__Ascomycota;c__Saccharomycetes;o__Saccharomycetales;f__Saccharomycetales_fam_Incertae_sedis;g__Candida;s__
OTU2014	k__Fungi;p__Ascomycota;c__Lecanoromycetes;o__;f__;g__;s__
OTU2015	k__Fungi;p__;c__;o__;f__;g__;s__
OTU2016	k__Fungi;p__Fungi_phy_Incertae_sedis;c__Fungi_cls_Incertae_sedis;o__Fungi_ord_Incertae_sedis;f__Fungi_fam_Incertae_sedis;g__Fungi_gen_Incertae_sedis;s__
OTU2017	k__Fungi;p__Ascomycota;c__Lecanoromycetes;o__;f__;g__;s__
OTU2018	k__Fungi;p__Ascomycota;c__;o__;f__;g__;s__
OTU2019	k__Fungi;p__Ascomycota;c__Lecanoromycetes;o__;f__;g__;s__
OTU2020	k__Fungi;p__Ascomycota;c__Lecanoromycetes;o__;f__;g__;s__
OTU2021	k__Fungi;p__Ascomycota;c__;o__;f__;g__;s__
OTU2022	k__Fungi;p__;c__;o__;f__;g__;s__
OTU2023	k__Fungi;p__;c__;o__;f__;g__;s__
OTU2024	k__Fungi;p__Ascomycota;c__Lecanoromycetes;o__;f__;g__;s__
OTU2025	k__Fungi;p__Ascomycota;c__Lecanoromycetes;o__Pertusariales;f__Pertusariaceae;g__Pertusaria;s__obruta
OTU2026	k__Fungi;p__;c__;o__;f__;g__;s__
OTU2027	k__Fungi;p__Chytridiomycota;c__Chytridiomycota_cls_Incertae_sedis;o__Chytridiomycota_ord_Incertae_sedis;f__Chytridiomycota_fam_Incertae_sedis;g__Chytridiomycota_gen_Incertae_sedis;s__
OTU2028	k__Fungi;p__Ascomycota;c__Lecanoromycetes;o__;f__;g__;s__
OTU2029	k__Fungi;p__;c__;o__;f__;g__;s__
OTU2030	k__Fungi;p__Chytridiomycota;c__Chytridiomycota_cls_Incertae_sedis;o__Chytridiomycota_ord_Incertae_sedis;f__Chytridiomycota_fam_Incertae_sedis;g__Chytridiomycota_gen_Incertae_sedis;s__
OTU2031	k__Fungi;p__Ascomycota;c__Lecanoromycetes;o__;f__;g__;s__
OTU2032	k__Fungi;p__;c__;o__;f__;g__;s__
OTU2033	k__Fungi;p__;c__;o__;f__;g__;s__
OTU2034	k__Fungi;p__;c__;o__;f__;g__;s__
OTU2035	k__Fungi;p__;c__;o__;f__;g__;s__
OTU2036	k__Fungi;p__Ascomycota;c__;o__;f__;g__;s__
OTU2037	k__Fungi;p__Ascomycota;c__Lecanoromycetes;o__Pertusariales;f__Pertusariaceae;g__Pertusaria;s__obruta
OTU2038	k__Fungi;p__;c__;o__;f__;g__;s__
OTU2039	k__Fungi;p__Rozellomycota;c__Rozellomycota_cls_Incertae_sedis;o__Rozellomycota_ord_Incertae_sedis;f__Rozellomycota_fam_Incertae_sedis;g__Rozellomycota_gen_Incertae_sedis;s__
OTU2040	k__Fungi;p__;c__;o__;f__;g__;s__
OTU2041	k__Fungi;p__Ascomycota;c__;o__;f__;g__;s__
OTU2042	k__Fungi;p__Ascomycota;c__Lecanoromycetes;o__;f__;g__;s__
OTU2043	k__Fungi;p__Ascomycota;c__;o__;f__;g__;s__
OTU2044	k__Fungi;p__;c__;o__;f__;g__;s__
OTU2045	k__Fungi;p__;c__;o__;f__;g__;s__
OTU2046	k__Fungi;p__Chytridiomycota;c__Chytridiomycota_cls_Incertae_sedis;o__Chytridiomycota_ord_Incertae_sedis;f__Chytridiomycota_fam_Incertae_sedis;g__Chytridiomycota_gen_Incertae_sedis;s__
OTU2047	k__Fungi;p__;c__;o__;f__;g__;s__
OTU2048	k__Fungi;p__Ascomycota;c__;o__;f__;g__;s__
OTU2049	k__Fungi;p__;c__;o__;f__;g__;s__
OTU2050	k__Fungi;p__Ascomycota;c__;o__;f__;g__;s__
OTU2051	k__Fungi;p__Chytridiomycota;c__;o__;f__;g__;s__
OTU2052	k__Fungi;p__;c__;o__;f__;g__;s__
OTU2053	k__Fungi;p__Basidiomycota;c__Agaricomycetes;o__Hymenochaetales;f__Hymenochaetaceae;g__;s__
OTU2054	k__Fungi;p__Ascomycota;c__Lecanoromycetes;o__;f__;g__;s__
OTU2055	k__Fungi;p__Ascomycota;c__;o__;f__;g__;s__
OTU2056	k__Fungi;p__;c__;o__;f__;g__;s__
OTU2057	k__Fungi;p__;c__;o__;f__;g__;s__
OTU2058	k__Fungi;p__;c__;o__;f__;g__;s__
OTU2059	k__Fungi;p__;c__;o__;f__;g__;s__
OTU2060	k__Fungi;p__;c__;o__;f__;g__;s__
OTU2061	k__Fungi;p__;c__;o__;f__;g__;s__
OTU2062	k__Fungi;p__;c__;o__;f__;g__;s__
OTU2063	k__Fungi;p__;c__;o__;f__;g__;s__
OTU2064	k__Fungi;p__Ascomycota;c__Lecanoromycetes;o__Pertusariales;f__Pertusariaceae;g__Pertusaria;s__obruta
OTU2065	k__Fungi;p__;c__;o__;f__;g__;s__
OTU2066	k__Fungi;p__;c__;o__;f__;g__;s__
OTU2067	k__Fungi;p__;c__;o__;f__;g__;s__
OTU2068	k__Fungi;p__Ascomycota;c__Lecanoromycetes;o__;f__;g__;s__
OTU2069	k__Fungi;p__;c__;o__;f__;g__;s__
OTU2070	k__Fungi;p__;c__;o__;f__;g__;s__
OTU2071	k__Fungi;p__Ascomycota;c__;o__;f__;g__;s__
OTU2072	k__Fungi;p__Ascomycota;c__;o__;f__;g__;s__
OTU2073	k__Fungi;p__;c__;o__;f__;g__;s__
OTU2074	k__Fungi;p__Ascomycota;c__;o__;f__;g__;s__
OTU2075	k__Fungi;p__;c__;o__;f__;g__;s__
OTU2076	k__Fungi;p__Ascomycota;c__;o__;f__;g__;s__
OTU2077	k__Fungi;p__Ascomycota;c__;o__;f__;g__;s__
OTU2078	k__Fungi;p__Ascomycota;c__Lecanoromycetes;o__Pertusariales;f__Pertusariaceae;g__Pertusaria;s__obruta
OTU2079	k__Fungi;p__;c__;o__;f__;g__;s__
OTU2080	k__Fungi;p__;c__;o__;f__;g__;s__
OTU2081	k__Fungi;p__Ascomycota;c__Lecanoromycetes;o__;f__;g__;s__
OTU2082	k__Fungi;p__;c__;o__;f__;g__;s__
OTU2083	k__Fungi;p__;c__;o__;f__;g__;s__
OTU2084	k__Fungi;p__Ascomycota;c__Lecanoromycetes;o__;f__;g__;s__
OTU2085	k__Fungi;p__;c__;o__;f__;g__;s__
OTU2086	k__Fungi;p__;c__;o__;f__;g__;s__
OTU2087	k__Fungi;p__Chytridiomycota;c__;o__;f__;g__;s__
OTU2088	k__Fungi;p__Ascomycota;c__Lecanoromycetes;o__Pertusariales;f__Pertusariaceae;g__Pertusaria;s__obruta
OTU2089	k__Fungi;p__Ascomycota;c__Lecanoromycetes;o__;f__;g__;s__
OTU2090	k__Fungi;p__Ascomycota;c__;o__;f__;g__;s__
OTU2091	k__Fungi;p__;c__;o__;f__;g__;s__
OTU2092	k__Fungi;p__;c__;o__;f__;g__;s__
OTU2093	k__Fungi;p__;c__;o__;f__;g__;s__
OTU2094	k__Fungi;p__;c__;o__;f__;g__;s__
OTU2095	k__Fungi;p__;c__;o__;f__;g__;s__
OTU2096	k__Fungi;p__Ascomycota;c__;o__;f__;g__;s__
OTU2097	k__Fungi;p__;c__;o__;f__;g__;s__
OTU2098	k__Fungi;p__Ascomycota;c__Lecanoromycetes;o__;f__;g__;s__
OTU2099	k__Fungi;p__;c__;o__;f__;g__;s__
OTU2100	k__Fungi;p__;c__;o__;f__;g__;s__
OTU2101	k__Fungi;p__Chytridiomycota;c__;o__;f__;g__;s__
OTU2102	k__Fungi;p__;c__;o__;f__;g__;s__
OTU2103	k__Fungi;p__;c__;o__;f__;g__;s__
OTU2104	k__Fungi;p__Ascomycota;c__;o__;f__;g__;s__
OTU2105	k__Fungi;p__;c__;o__;f__;g__;s__
OTU2106	k__Fungi;p__Ascomycota;c__;o__;f__;g__;s__
OTU2107	k__Fungi;p__Ascomycota;c__;o__;f__;g__;s__
OTU2108	k__Fungi;p__Ascomycota;c__Lecanoromycetes;o__;f__;g__;s__
OTU2109	k__Fungi;p__Chytridiomycota;c__Chytridiomycota_cls_Incertae_sedis;o__Chytridiomycota_ord_Incertae_sedis;f__Chytridiomycota_fam_Incertae_sedis;g__Chytridiomycota_gen_Incertae_sedis;s__
OTU2110	k__Fungi;p__Chytridiomycota;c__;o__;f__;g__;s__
OTU2111	k__Fungi;p__Ascomycota;c__Lecanoromycetes;o__;f__;g__;s__
OTU2112	k__Fungi;p__Ascomycota;c__;o__;f__;g__;s__
OTU2113	k__Fungi;p__;c__;o__;f__;g__;s__
OTU2114	k__Fungi;p__;c__;o__;f__;g__;s__
OTU2115	k__Fungi;p__;c__;o__;f__;g__;s__
OTU2116	k__Fungi;p__Ascomycota;c__Lecanoromycetes;o__;f__;g__;s__
OTU2117	k__Fungi;p__Chytridiomycota;c__Chytridiomycota_cls_Incertae_sedis;o__Chytridiomycota_ord_Incertae_sedis;f__Chytridiomycota_fam_Incertae_sedis;g__Chytridiomycota_gen_Incertae_sedis;s__
OTU2118	k__Fungi;p__;c__;o__;f__;g__;s__
OTU2119	k__Fungi;p__Ascomycota;c__Lecanoromycetes;o__;f__;g__;s__
OTU2120	k__Fungi;p__Ascomycota;c__Eurotiomycetes;o__Eurotiales;f__Aspergillaceae;g__Aspergillus;s__ruber
OTU2121	k__Fungi;p__Ascomycota;c__Lecanoromycetes;o__;f__;g__;s__
OTU2122	k__Fungi;p__Ascomycota;c__Lecanoromycetes;o__;f__;g__;s__
OTU2123	k__Fungi;p__;c__;o__;f__;g__;s__
OTU2124	k__Fungi;p__Ascomycota;c__Lecanoromycetes;o__;f__;g__;s__
OTU2125	k__Fungi;p__Ascomycota;c__Lecanoromycetes;o__;f__;g__;s__
OTU2126	k__Fungi;p__Ascomycota;c__Lecanoromycetes;o__Pertusariales;f__Pertusariaceae;g__Pertusaria;s__obruta
OTU2127	k__Fungi;p__;c__;o__;f__;g__;s__
OTU2128	k__Fungi;p__;c__;o__;f__;g__;s__
OTU2129	k__Fungi;p__;c__;o__;f__;g__;s__
OTU2130	k__Fungi;p__;c__;o__;f__;g__;s__
OTU2131	k__Fungi;p__Ascomycota;c__;o__;f__;g__;s__
OTU2132	k__Fungi;p__;c__;o__;f__;g__;s__
OTU2133	k__Fungi;p__;c__;o__;f__;g__;s__
OTU2134	k__Fungi;p__;c__;o__;f__;g__;s__
OTU2135	k__Fungi;p__;c__;o__;f__;g__;s__
OTU2136	k__Fungi;p__Ascomycota;c__Lecanoromycetes;o__;f__;g__;s__
OTU2137	k__Fungi;p__;c__;o__;f__;g__;s__
OTU2138	k__Fungi;p__Ascomycota;c__Lecanoromycetes;o__;f__;g__;s__
OTU2139	k__Fungi;p__Ascomycota;c__Lecanoromycetes;o__;f__;g__;s__
OTU2140	k__Fungi;p__Ascomycota;c__;o__;f__;g__;s__
OTU2141	k__Fungi;p__Ascomycota;c__;o__;f__;g__;s__
OTU2142	k__Fungi;p__Chytridiomycota;c__;o__;f__;g__;s__
OTU2143	k__Fungi;p__;c__;o__;f__;g__;s__
OTU2144	k__Fungi;p__Ascomycota;c__;o__;f__;g__;s__
OTU2145	k__Fungi;p__Ascomycota;c__;o__;f__;g__;s__
OTU2146	k__Fungi;p__Ascomycota;c__;o__;f__;g__;s__
OTU2147	k__Fungi;p__Chytridiomycota;c__;o__;f__;g__;s__
OTU2148	k__Fungi;p__;c__;o__;f__;g__;s__
OTU2149	k__Fungi;p__Ascomycota;c__;o__;f__;g__;s__
OTU2150	k__Fungi;p__Ascomycota;c__Lecanoromycetes;o__;f__;g__;s__
OTU2151	k__Fungi;p__;c__;o__;f__;g__;s__
OTU2152	k__Fungi;p__;c__;o__;f__;g__;s__
OTU2153	k__Fungi;p__Ascomycota;c__;o__;f__;g__;s__
OTU2154	k__Fungi;p__Ascomycota;c__Lecanoromycetes;o__;f__;g__;s__
OTU2155	k__Fungi;p__;c__;o__;f__;g__;s__
OTU2156	k__Fungi;p__Ascomycota;c__;o__;f__;g__;s__
OTU2157	k__Fungi;p__Ascomycota;c__Lecanoromycetes;o__;f__;g__;s__
OTU2158	k__Fungi;p__;c__;o__;f__;g__;s__
OTU2159	k__Fungi;p__Ascomycota;c__Lecanoromycetes;o__;f__;g__;s__
OTU2160	k__Fungi;p__;c__;o__;f__;g__;s__
OTU2161	k__Fungi;p__Ascomycota;c__Lecanoromycetes;o__Pertusariales;f__Pertusariaceae;g__Pertusaria;s__obruta
OTU2162	k__Fungi;p__;c__;o__;f__;g__;s__
OTU2163	k__Fungi;p__Ascomycota;c__;o__;f__;g__;s__
OTU2164	k__Fungi;p__;c__;o__;f__;g__;s__
OTU2165	k__Fungi;p__Ascomycota;c__;o__;f__;g__;s__
OTU2166	k__Fungi;p__;c__;o__;f__;g__;s__
OTU2167	k__Fungi;p__;c__;o__;f__;g__;s__
OTU2168	k__Fungi;p__;c__;o__;f__;g__;s__
OTU2169	k__Fungi;p__;c__;o__;f__;g__;s__
OTU2170	k__Fungi;p__;c__;o__;f__;g__;s__
OTU2171	k__Fungi;p__;c__;o__;f__;g__;s__
OTU2172	k__Fungi;p__Ascomycota;c__Lecanoromycetes;o__Pertusariales;f__Pertusariaceae;g__Pertusaria;s__obruta
OTU2173	k__Fungi;p__;c__;o__;f__;g__;s__
OTU2174	k__Fungi;p__Ascomycota;c__;o__;f__;g__;s__
OTU2175	k__Fungi;p__Ascomycota;c__;o__;f__;g__;s__
OTU2176	k__Fungi;p__Ascomycota;c__Lecanoromycetes;o__Pertusariales;f__Pertusariaceae;g__Pertusaria;s__obruta
OTU2177	k__Fungi;p__;c__;o__;f__;g__;s__
OTU2178	k__Fungi;p__Ascomycota;c__Lecanoromycetes;o__;f__;g__;s__
OTU2179	k__Fungi;p__Chytridiomycota;c__;o__;f__;g__;s__
OTU2180	k__Fungi;p__Ascomycota;c__Lecanoromycetes;o__Pertusariales;f__Pertusariaceae;g__Pertusaria;s__obruta
OTU2181	k__Fungi;p__;c__;o__;f__;g__;s__
OTU2182	k__Fungi;p__;c__;o__;f__;g__;s__
OTU2183	k__Fungi;p__Ascomycota;c__Lecanoromycetes;o__;f__;g__;s__
OTU2184	k__Fungi;p__Ascomycota;c__Lecanoromycetes;o__;f__;g__;s__
OTU2185	k__Fungi;p__;c__;o__;f__;g__;s__
OTU2186	k__Fungi;p__Chytridiomycota;c__;o__;f__;g__;s__
OTU2187	k__Fungi;p__;c__;o__;f__;g__;s__
OTU2188	k__Fungi;p__;c__;o__;f__;g__;s__
OTU2189	k__Fungi;p__;c__;o__;f__;g__;s__
OTU2190	k__Fungi;p__Chytridiomycota;c__Chytridiomycota_cls_Incertae_sedis;o__Chytridiomycota_ord_Incertae_sedis;f__Chytridiomycota_fam_Incertae_sedis;g__Chytridiomycota_gen_Incertae_sedis;s__
OTU2191	k__Fungi;p__;c__;o__;f__;g__;s__
OTU2192	k__Fungi;p__Basidiomycota;c__Microbotryomycetes;o__Sporidiobolales;f__Sporidiobolaceae;g__Rhodosporidiobolus;s__colostri
OTU2193	k__Fungi;p__;c__;o__;f__;g__;s__
OTU2194	k__Fungi;p__Chytridiomycota;c__Chytridiomycota_cls_Incertae_sedis;o__Chytridiomycota_ord_Incertae_sedis;f__Chytridiomycota_fam_Incertae_sedis;g__Chytridiomycota_gen_Incertae_sedis;s__
OTU2195	k__Fungi;p__;c__;o__;f__;g__;s__
OTU2196	k__Fungi;p__;c__;o__;f__;g__;s__
OTU2197	k__Fungi;p__;c__;o__;f__;g__;s__
OTU2198	k__Fungi;p__Ascomycota;c__Lecanoromycetes;o__;f__;g__;s__
OTU2199	k__Fungi;p__Ascomycota;c__;o__;f__;g__;s__
OTU2200	k__Fungi;p__Ascomycota;c__Lecanoromycetes;o__;f__;g__;s__
OTU2201	k__Fungi;p__Ascomycota;c__Lecanoromycetes;o__;f__;g__;s__
OTU2202	k__Fungi;p__Ascomycota;c__Lecanoromycetes;o__;f__;g__;s__
OTU2203	k__Fungi;p__;c__;o__;f__;g__;s__
OTU2204	k__Fungi;p__Ascomycota;c__Lecanoromycetes;o__;f__;g__;s__
OTU2205	k__Fungi;p__;c__;o__;f__;g__;s__
OTU2206	k__Fungi;p__Ascomycota;c__;o__;f__;g__;s__
OTU2207	k__Fungi;p__;c__;o__;f__;g__;s__
OTU2208	k__Fungi;p__Ascomycota;c__Lecanoromycetes;o__Pertusariales;f__Pertusariaceae;g__Pertusaria;s__obruta
OTU2209	k__Fungi;p__;c__;o__;f__;g__;s__
OTU2210	k__Fungi;p__;c__;o__;f__;g__;s__
OTU2211	k__Fungi;p__;c__;o__;f__;g__;s__
OTU2212	k__Fungi;p__Ascomycota;c__Lecanoromycetes;o__;f__;g__;s__
OTU2213	k__Fungi;p__Ascomycota;c__Lecanoromycetes;o__Pertusariales;f__Pertusariaceae;g__Pertusaria;s__obruta
OTU2214	k__Fungi;p__Ascomycota;c__Lecanoromycetes;o__Graphidales;f__Gomphillaceae;g__Gomphillus;s__calycioides
OTU2215	k__Fungi;p__;c__;o__;f__;g__;s__
OTU2216	k__Fungi;p__;c__;o__;f__;g__;s__
OTU2217	k__Fungi;p__;c__;o__;f__;g__;s__
OTU2218	k__Fungi;p__;c__;o__;f__;g__;s__
OTU2219	k__Fungi;p__Chytridiomycota;c__Chytridiomycota_cls_Incertae_sedis;o__Chytridiomycota_ord_Incertae_sedis;f__Chytridiomycota_fam_Incertae_sedis;g__Chytridiomycota_gen_Incertae_sedis;s__
OTU2220	k__Fungi;p__;c__;o__;f__;g__;s__
OTU2221	k__Fungi;p__Ascomycota;c__;o__;f__;g__;s__
OTU2222	k__Fungi;p__;c__;o__;f__;g__;s__
OTU2223	k__Fungi;p__Ascomycota;c__Lecanoromycetes;o__;f__;g__;s__
OTU2224	k__Fungi;p__Ascomycota;c__Lecanoromycetes;o__;f__;g__;s__
OTU2225	k__Fungi;p__Ascomycota;c__Lecanoromycetes;o__;f__;g__;s__
OTU2226	k__Fungi;p__Ascomycota;c__;o__;f__;g__;s__
OTU2227	k__Fungi;p__;c__;o__;f__;g__;s__
OTU2228	k__Fungi;p__Ascomycota;c__;o__;f__;g__;s__
OTU2229	k__Fungi;p__Ascomycota;c__Lecanoromycetes;o__;f__;g__;s__
OTU2230	k__Fungi;p__Ascomycota;c__Lecanoromycetes;o__;f__;g__;s__
OTU2231	k__Fungi;p__Ascomycota;c__;o__;f__;g__;s__
OTU2232	k__Fungi;p__Chytridiomycota;c__Chytridiomycota_cls_Incertae_sedis;o__Chytridiomycota_ord_Incertae_sedis;f__Chytridiomycota_fam_Incertae_sedis;g__Chytridiomycota_gen_Incertae_sedis;s__
OTU2233	k__Fungi;p__;c__;o__;f__;g__;s__
OTU2234	k__Fungi;p__;c__;o__;f__;g__;s__
OTU2235	k__Fungi;p__;c__;o__;f__;g__;s__
OTU2236	k__Fungi;p__Ascomycota;c__Leotiomycetes;o__Helotiales;f__Erysiphaceae;g__Blumeria;s__americana
OTU2237	k__Fungi;p__;c__;o__;f__;g__;s__
OTU2238	k__Fungi;p__Ascomycota;c__Lecanoromycetes;o__;f__;g__;s__
OTU2239	k__Fungi;p__;c__;o__;f__;g__;s__
OTU2240	k__Fungi;p__;c__;o__;f__;g__;s__
OTU2241	k__Fungi;p__;c__;o__;f__;g__;s__
OTU2242	k__Fungi;p__;c__;o__;f__;g__;s__
OTU2243	k__Fungi;p__Ascomycota;c__Lecanoromycetes;o__;f__;g__;s__
OTU2244	k__Fungi;p__Ascomycota;c__Lecanoromycetes;o__Pertusariales;f__Pertusariaceae;g__Pertusaria;s__obruta
OTU2245	k__Fungi;p__;c__;o__;f__;g__;s__
OTU2246	k__Fungi;p__Chytridiomycota;c__Chytridiomycota_cls_Incertae_sedis;o__Chytridiomycota_ord_Incertae_sedis;f__Chytridiomycota_fam_Incertae_sedis;g__Chytridiomycota_gen_Incertae_sedis;s__
OTU2247	k__Fungi;p__;c__;o__;f__;g__;s__
OTU2248	k__Fungi;p__;c__;o__;f__;g__;s__
OTU2249	k__Fungi;p__;c__;o__;f__;g__;s__
OTU2250	k__Fungi;p__Ascomycota;c__;o__;f__;g__;s__
OTU2251	k__Fungi;p__Ascomycota;c__;o__;f__;g__;s__
OTU2252	k__Fungi;p__;c__;o__;f__;g__;s__
OTU2253	k__Fungi;p__;c__;o__;f__;g__;s__
OTU2254	k__Fungi;p__;c__;o__;f__;g__;s__
OTU2255	k__Fungi;p__;c__;o__;f__;g__;s__
OTU2256	k__Fungi;p__Ascomycota;c__Lecanoromycetes;o__;f__;g__;s__
OTU2257	k__Fungi;p__Chytridiomycota;c__;o__;f__;g__;s__
OTU2258	k__Fungi;p__Ascomycota;c__;o__;f__;g__;s__
OTU2259	k__Fungi;p__;c__;o__;f__;g__;s__
OTU2260	k__Fungi;p__;c__;o__;f__;g__;s__
OTU2261	k__Fungi;p__;c__;o__;f__;g__;s__
OTU2262	k__Fungi;p__;c__;o__;f__;g__;s__
OTU2263	k__Fungi;p__Chytridiomycota;c__;o__;f__;g__;s__
OTU2264	k__Fungi;p__;c__;o__;f__;g__;s__
OTU2265	k__Fungi;p__;c__;o__;f__;g__;s__
OTU2266	k__Fungi;p__;c__;o__;f__;g__;s__
OTU2267	k__Fungi;p__Ascomycota;c__Lecanoromycetes;o__;f__;g__;s__
OTU2268	k__Fungi;p__Ascomycota;c__;o__;f__;g__;s__
OTU2269	k__Fungi;p__;c__;o__;f__;g__;s__
OTU2270	k__Fungi;p__Ascomycota;c__Lecanoromycetes;o__;f__;g__;s__
OTU2271	k__Fungi;p__Ascomycota;c__;o__;f__;g__;s__
OTU2272	k__Fungi;p__;c__;o__;f__;g__;s__
OTU2273	k__Fungi;p__Ascomycota;c__;o__;f__;g__;s__
OTU2274	k__Fungi;p__Ascomycota;c__Lecanoromycetes;o__;f__;g__;s__
OTU2275	k__Fungi;p__;c__;o__;f__;g__;s__
OTU2276	k__Fungi;p__;c__;o__;f__;g__;s__
OTU2277	k__Fungi;p__Ascomycota;c__;o__;f__;g__;s__
OTU2278	k__Fungi;p__Ascomycota;c__;o__;f__;g__;s__
OTU2279	k__Fungi;p__Ascomycota;c__Eurotiomycetes;o__Eurotiales;f__Aspergillaceae;g__Aspergillus;s__sydowii
OTU2280	k__Fungi;p__;c__;o__;f__;g__;s__
OTU2281	k__Fungi;p__Ascomycota;c__Lecanoromycetes;o__;f__;g__;s__
OTU2282	k__Fungi;p__;c__;o__;f__;g__;s__
OTU2283	k__Fungi;p__;c__;o__;f__;g__;s__
OTU2284	k__Fungi;p__Ascomycota;c__;o__;f__;g__;s__
OTU2285	k__Fungi;p__;c__;o__;f__;g__;s__
OTU2286	k__Fungi;p__;c__;o__;f__;g__;s__
OTU2287	k__Fungi;p__;c__;o__;f__;g__;s__
OTU2288	k__Fungi;p__;c__;o__;f__;g__;s__
OTU2289	k__Fungi;p__;c__;o__;f__;g__;s__
OTU2290	k__Fungi;p__Ascomycota;c__;o__;f__;g__;s__
OTU2291	k__Fungi;p__Ascomycota;c__Lecanoromycetes;o__;f__;g__;s__
OTU2292	k__Fungi;p__Ascomycota;c__Lecanoromycetes;o__;f__;g__;s__
OTU2293	k__Fungi;p__Ascomycota;c__;o__;f__;g__;s__
OTU2294	k__Fungi;p__Ascomycota;c__Lecanoromycetes;o__;f__;g__;s__
OTU2295	k__Fungi;p__Ascomycota;c__Lecanoromycetes;o__;f__;g__;s__
OTU2296	k__Fungi;p__Ascomycota;c__;o__;f__;g__;s__
OTU2297	k__Fungi;p__Ascomycota;c__Lecanoromycetes;o__;f__;g__;s__
OTU2298	k__Fungi;p__Ascomycota;c__;o__;f__;g__;s__
OTU2299	k__Fungi;p__Ascomycota;c__Lecanoromycetes;o__Pertusariales;f__Pertusariaceae;g__Pertusaria;s__obruta
OTU2300	k__Fungi;p__;c__;o__;f__;g__;s__
OTU2301	k__Fungi;p__Ascomycota;c__Lecanoromycetes;o__;f__;g__;s__
OTU2302	k__Fungi;p__;c__;o__;f__;g__;s__
OTU2303	k__Fungi;p__;c__;o__;f__;g__;s__
OTU2304	k__Fungi;p__;c__;o__;f__;g__;s__
OTU2305	k__Fungi;p__Ascomycota;c__Lecanoromycetes;o__;f__;g__;s__
OTU2306	k__Fungi;p__;c__;o__;f__;g__;s__
OTU2307	k__Fungi;p__Ascomycota;c__Lecanoromycetes;o__Pertusariales;f__Pertusariaceae;g__Pertusaria;s__obruta
OTU2308	k__Fungi;p__;c__;o__;f__;g__;s__
OTU2309	k__Fungi;p__Ascomycota;c__;o__;f__;g__;s__
OTU2310	k__Fungi;p__Ascomycota;c__;o__;f__;g__;s__
OTU2311	k__Fungi;p__Chytridiomycota;c__;o__;f__;g__;s__
OTU2312	k__Fungi;p__;c__;o__;f__;g__;s__
OTU2313	k__Fungi;p__Ascomycota;c__Lecanoromycetes;o__;f__;g__;s__
OTU2314	k__Fungi;p__;c__;o__;f__;g__;s__
OTU2315	k__Fungi;p__;c__;o__;f__;g__;s__
OTU2316	k__Fungi;p__Ascomycota;c__;o__;f__;g__;s__
OTU2317	k__Fungi;p__;c__;o__;f__;g__;s__
OTU2318	k__Fungi;p__;c__;o__;f__;g__;s__
OTU2319	k__Fungi;p__Ascomycota;c__;o__;f__;g__;s__
OTU2320	k__Fungi;p__Ascomycota;c__;o__;f__;g__;s__
OTU2321	k__Fungi;p__Ascomycota;c__Lecanoromycetes;o__;f__;g__;s__
OTU2322	k__Fungi;p__;c__;o__;f__;g__;s__
OTU2323	k__Fungi;p__;c__;o__;f__;g__;s__
OTU2324	k__Fungi;p__Ascomycota;c__Lecanoromycetes;o__;f__;g__;s__
OTU2325	k__Fungi;p__;c__;o__;f__;g__;s__
OTU2326	k__Fungi;p__Ascomycota;c__Lecanoromycetes;o__;f__;g__;s__
OTU2327	k__Fungi;p__;c__;o__;f__;g__;s__
OTU2328	k__Fungi;p__;c__;o__;f__;g__;s__
OTU2329	k__Fungi;p__;c__;o__;f__;g__;s__
OTU2330	k__Fungi;p__;c__;o__;f__;g__;s__
OTU2331	k__Fungi;p__;c__;o__;f__;g__;s__
OTU2332	k__Fungi;p__;c__;o__;f__;g__;s__
OTU2333	k__Fungi;p__Ascomycota;c__Dothideomycetes;o__Pleosporales;f__Pleosporaceae;g__Alternaria;s__arborescens
OTU2334	k__Fungi;p__;c__;o__;f__;g__;s__
OTU2335	k__Fungi;p__Ascomycota;c__Lecanoromycetes;o__;f__;g__;s__
OTU2336	k__Fungi;p__Ascomycota;c__;o__;f__;g__;s__
OTU2337	k__Fungi;p__Ascomycota;c__Lecanoromycetes;o__Pertusariales;f__Pertusariaceae;g__Pertusaria;s__obruta
OTU2338	k__Fungi;p__Ascomycota;c__Lecanoromycetes;o__Caliciales;f__Physciaceae;g__Kurokawia;s__palmulata
OTU2339	k__Fungi;p__;c__;o__;f__;g__;s__
OTU2340	k__Fungi;p__;c__;o__;f__;g__;s__
OTU2341	k__Fungi;p__Ascomycota;c__Lecanoromycetes;o__;f__;g__;s__
OTU2342	k__Fungi;p__Ascomycota;c__Eurotiomycetes;o__Eurotiales;f__Aspergillaceae;g__Aspergillus;s__flavus
OTU2343	k__Fungi;p__Ascomycota;c__;o__;f__;g__;s__
OTU2344	k__Fungi;p__Ascomycota;c__Lecanoromycetes;o__;f__;g__;s__
OTU2345	k__Fungi;p__Chytridiomycota;c__Chytridiomycota_cls_Incertae_sedis;o__Chytridiomycota_ord_Incertae_sedis;f__Chytridiomycota_fam_Incertae_sedis;g__Chytridiomycota_gen_Incertae_sedis;s__
OTU2346	k__Fungi;p__Ascomycota;c__Dothideomycetes;o__Pleosporales;f__Didymellaceae;g__Nothophoma;s__taboriae
OTU2347	k__Fungi;p__;c__;o__;f__;g__;s__
OTU2348	k__Fungi;p__Chytridiomycota;c__;o__;f__;g__;s__
OTU2349	k__Fungi;p__Ascomycota;c__Lecanoromycetes;o__;f__;g__;s__
OTU2350	k__Fungi;p__;c__;o__;f__;g__;s__
OTU2351	k__Fungi;p__Ascomycota;c__Lecanoromycetes;o__;f__;g__;s__
OTU2352	k__Fungi;p__Ascomycota;c__Lecanoromycetes;o__;f__;g__;s__
OTU2353	k__Fungi;p__;c__;o__;f__;g__;s__
OTU2354	k__Fungi;p__;c__;o__;f__;g__;s__
OTU2355	k__Fungi;p__Chytridiomycota;c__Chytridiomycota_cls_Incertae_sedis;o__Chytridiomycota_ord_Incertae_sedis;f__Chytridiomycota_fam_Incertae_sedis;g__Chytridiomycota_gen_Incertae_sedis;s__
OTU2356	k__Fungi;p__;c__;o__;f__;g__;s__
OTU2357	k__Fungi;p__;c__;o__;f__;g__;s__
OTU2358	k__Fungi;p__Ascomycota;c__Lecanoromycetes;o__;f__;g__;s__
OTU2359	k__Fungi;p__;c__;o__;f__;g__;s__
OTU2360	k__Fungi;p__Ascomycota;c__Lecanoromycetes;o__;f__;g__;s__
OTU2361	k__Fungi;p__Ascomycota;c__Lecanoromycetes;o__Pertusariales;f__Pertusariaceae;g__Pertusaria;s__obruta
OTU2362	k__Fungi;p__;c__;o__;f__;g__;s__
OTU2363	k__Fungi;p__;c__;o__;f__;g__;s__
OTU2364	k__Fungi;p__;c__;o__;f__;g__;s__
OTU2365	k__Fungi;p__;c__;o__;f__;g__;s__
OTU2366	k__Fungi;p__Ascomycota;c__;o__;f__;g__;s__
OTU2367	k__Fungi;p__Ascomycota;c__Lecanoromycetes;o__Pertusariales;f__Pertusariaceae;g__Pertusaria;s__obruta
OTU2368	k__Fungi;p__Ascomycota;c__Lecanoromycetes;o__;f__;g__;s__
OTU2369	k__Fungi;p__Ascomycota;c__Lecanoromycetes;o__Pertusariales;f__Pertusariaceae;g__Pertusaria;s__obruta
OTU2370	k__Fungi;p__Ascomycota;c__Lecanoromycetes;o__Pertusariales;f__Pertusariaceae;g__Pertusaria;s__obruta
OTU2371	k__Fungi;p__Chytridiomycota;c__;o__;f__;g__;s__
OTU2372	k__Fungi;p__Ascomycota;c__Lecanoromycetes;o__Graphidales;f__Gomphillaceae;g__Gomphillus;s__
OTU2373	k__Fungi;p__;c__;o__;f__;g__;s__
OTU2374	k__Fungi;p__Ascomycota;c__Lecanoromycetes;o__;f__;g__;s__
OTU2375	k__Fungi;p__Ascomycota;c__Lecanoromycetes;o__Pertusariales;f__Pertusariaceae;g__Pertusaria;s__obruta
OTU2376	k__Fungi;p__;c__;o__;f__;g__;s__
OTU2377	k__Fungi;p__;c__;o__;f__;g__;s__
OTU2378	k__Fungi;p__Ascomycota;c__Lecanoromycetes;o__;f__;g__;s__
OTU2379	k__Fungi;p__;c__;o__;f__;g__;s__
OTU2380	k__Fungi;p__;c__;o__;f__;g__;s__
OTU2381	k__Fungi;p__;c__;o__;f__;g__;s__
OTU2382	k__Fungi;p__;c__;o__;f__;g__;s__
OTU2383	k__Fungi;p__Ascomycota;c__Lecanoromycetes;o__;f__;g__;s__
OTU2384	k__Fungi;p__Ascomycota;c__Saccharomycetes;o__Saccharomycetales;f__Saccharomycetales_fam_Incertae_sedis;g__Candida;s__
OTU2385	k__Fungi;p__;c__;o__;f__;g__;s__
OTU2386	k__Fungi;p__Mucoromycota;c__Mucoromycetes;o__Mucorales;f__Mucoraceae;g__Mucor;s__racemosus
OTU2387	k__Fungi;p__;c__;o__;f__;g__;s__
OTU2388	k__Fungi;p__;c__;o__;f__;g__;s__
OTU2389	k__Fungi;p__;c__;o__;f__;g__;s__
OTU2390	k__Fungi;p__;c__;o__;f__;g__;s__
OTU2391	k__Fungi;p__Ascomycota;c__Lecanoromycetes;o__Pertusariales;f__Pertusariaceae;g__Pertusaria;s__obruta
OTU2392	k__Fungi;p__Ascomycota;c__Eurotiomycetes;o__Eurotiales;f__Aspergillaceae;g__Aspergillus;s__
OTU2393	k__Fungi;p__Chytridiomycota;c__;o__;f__;g__;s__
OTU2394	k__Fungi;p__;c__;o__;f__;g__;s__
OTU2395	k__Fungi;p__Ascomycota;c__;o__;f__;g__;s__
OTU2396	k__Fungi;p__Ascomycota;c__;o__;f__;g__;s__
OTU2397	k__Fungi;p__Ascomycota;c__;o__;f__;g__;s__
OTU2398	k__Fungi;p__;c__;o__;f__;g__;s__
OTU2399	k__Fungi;p__Ascomycota;c__;o__;f__;g__;s__
OTU2400	k__Fungi;p__Ascomycota;c__Lecanoromycetes;o__Pertusariales;f__Pertusariaceae;g__Pertusaria;s__obruta
OTU2401	k__Fungi;p__;c__;o__;f__;g__;s__
OTU2402	k__Fungi;p__;c__;o__;f__;g__;s__
OTU2403	k__Fungi;p__;c__;o__;f__;g__;s__
OTU2404	k__Fungi;p__;c__;o__;f__;g__;s__
OTU2405	k__Fungi;p__Ascomycota;c__;o__;f__;g__;s__
OTU2406	k__Fungi;p__Ascomycota;c__Lecanoromycetes;o__;f__;g__;s__
OTU2407	k__Fungi;p__Ascomycota;c__Lecanoromycetes;o__;f__;g__;s__
OTU2408	k__Fungi;p__;c__;o__;f__;g__;s__
OTU2409	k__Fungi;p__;c__;o__;f__;g__;s__
OTU2410	k__Fungi;p__;c__;o__;f__;g__;s__
OTU2411	k__Fungi;p__;c__;o__;f__;g__;s__
OTU2412	k__Fungi;p__;c__;o__;f__;g__;s__
OTU2413	k__Fungi;p__;c__;o__;f__;g__;s__
OTU2414	k__Fungi;p__;c__;o__;f__;g__;s__
OTU2415	k__Fungi;p__;c__;o__;f__;g__;s__
OTU2416	k__Fungi;p__;c__;o__;f__;g__;s__
OTU2417	k__Fungi;p__Chytridiomycota;c__;o__;f__;g__;s__
OTU2418	k__Fungi;p__Ascomycota;c__;o__;f__;g__;s__
OTU2419	k__Fungi;p__Ascomycota;c__;o__;f__;g__;s__
OTU2420	k__Fungi;p__Ascomycota;c__Lecanoromycetes;o__;f__;g__;s__
OTU2421	k__Fungi;p__Ascomycota;c__Lecanoromycetes;o__;f__;g__;s__
OTU2422	k__Fungi;p__;c__;o__;f__;g__;s__
OTU2423	k__Fungi;p__Ascomycota;c__Lecanoromycetes;o__;f__;g__;s__
OTU2424	k__Fungi;p__;c__;o__;f__;g__;s__
OTU2425	k__Fungi;p__Ascomycota;c__;o__;f__;g__;s__
OTU2426	k__Fungi;p__;c__;o__;f__;g__;s__
OTU2427	k__Fungi;p__;c__;o__;f__;g__;s__
OTU2428	k__Fungi;p__Ascomycota;c__;o__;f__;g__;s__
OTU2429	k__Fungi;p__;c__;o__;f__;g__;s__
OTU2430	k__Fungi;p__Ascomycota;c__Lecanoromycetes;o__;f__;g__;s__
OTU2431	k__Fungi;p__;c__;o__;f__;g__;s__
OTU2432	k__Fungi;p__;c__;o__;f__;g__;s__
OTU2433	k__Fungi;p__Ascomycota;c__;o__;f__;g__;s__
OTU2434	k__Fungi;p__Ascomycota;c__;o__;f__;g__;s__
OTU2435	k__Fungi;p__;c__;o__;f__;g__;s__
OTU2436	k__Fungi;p__Ascomycota;c__Lecanoromycetes;o__Pertusariales;f__Pertusariaceae;g__Pertusaria;s__obruta
OTU2437	k__Fungi;p__;c__;o__;f__;g__;s__
OTU2438	k__Fungi;p__;c__;o__;f__;g__;s__
OTU2439	k__Fungi;p__;c__;o__;f__;g__;s__
OTU2440	k__Fungi;p__;c__;o__;f__;g__;s__
OTU2441	k__Fungi;p__Ascomycota;c__Lecanoromycetes;o__Pertusariales;f__Pertusariaceae;g__Pertusaria;s__obruta
OTU2442	k__Fungi;p__Chytridiomycota;c__Chytridiomycota_cls_Incertae_sedis;o__Chytridiomycota_ord_Incertae_sedis;f__Chytridiomycota_fam_Incertae_sedis;g__Chytridiomycota_gen_Incertae_sedis;s__
OTU2443	k__Fungi;p__Ascomycota;c__Lecanoromycetes;o__;f__;g__;s__
OTU2444	k__Fungi;p__;c__;o__;f__;g__;s__
OTU2445	k__Fungi;p__Ascomycota;c__Lecanoromycetes;o__;f__;g__;s__
OTU2446	k__Fungi;p__Ascomycota;c__Lecanoromycetes;o__Pertusariales;f__Pertusariaceae;g__Pertusaria;s__obruta
OTU2447	k__Fungi;p__Ascomycota;c__Lecanoromycetes;o__Pertusariales;f__Pertusariaceae;g__Pertusaria;s__obruta
OTU2448	k__Fungi;p__Ascomycota;c__Lecanoromycetes;o__;f__;g__;s__
OTU2449	k__Fungi;p__Ascomycota;c__Lecanoromycetes;o__;f__;g__;s__
OTU2450	k__Fungi;p__;c__;o__;f__;g__;s__
OTU2451	k__Fungi;p__;c__;o__;f__;g__;s__
OTU2452	k__Fungi;p__;c__;o__;f__;g__;s__
OTU2453	k__Fungi;p__Ascomycota;c__;o__;f__;g__;s__
OTU2454	k__Fungi;p__Ascomycota;c__;o__;f__;g__;s__
OTU2455	k__Fungi;p__Ascomycota;c__Lecanoromycetes;o__Pertusariales;f__Pertusariaceae;g__Pertusaria;s__obruta
OTU2456	k__Fungi;p__Chytridiomycota;c__;o__;f__;g__;s__
OTU2457	k__Fungi;p__;c__;o__;f__;g__;s__
OTU2458	k__Fungi;p__Ascomycota;c__;o__;f__;g__;s__
OTU2459	k__Fungi;p__;c__;o__;f__;g__;s__
OTU2460	k__Fungi;p__Ascomycota;c__Lecanoromycetes;o__Pertusariales;f__Pertusariaceae;g__Pertusaria;s__obruta
OTU2461	k__Fungi;p__Ascomycota;c__;o__;f__;g__;s__
OTU2462	k__Fungi;p__Ascomycota;c__Lecanoromycetes;o__;f__;g__;s__
OTU2463	k__Fungi;p__Ascomycota;c__Lecanoromycetes;o__;f__;g__;s__
OTU2464	k__Fungi;p__Chytridiomycota;c__Chytridiomycota_cls_Incertae_sedis;o__Chytridiomycota_ord_Incertae_sedis;f__Chytridiomycota_fam_Incertae_sedis;g__Chytridiomycota_gen_Incertae_sedis;s__
OTU2465	k__Fungi;p__;c__;o__;f__;g__;s__
OTU2466	k__Fungi;p__Ascomycota;c__;o__;f__;g__;s__
OTU2467	k__Fungi;p__Ascomycota;c__Dothideomycetes;o__Pleosporales;f__Pleosporaceae;g__Alternaria;s__crassa
OTU2468	k__Fungi;p__;c__;o__;f__;g__;s__
OTU2469	k__Fungi;p__;c__;o__;f__;g__;s__
OTU2470	k__Fungi;p__;c__;o__;f__;g__;s__
OTU2471	k__Fungi;p__Chytridiomycota;c__;o__;f__;g__;s__
OTU2472	k__Fungi;p__Ascomycota;c__;o__;f__;g__;s__
OTU2473	k__Fungi;p__Chytridiomycota;c__Chytridiomycota_cls_Incertae_sedis;o__Chytridiomycota_ord_Incertae_sedis;f__Chytridiomycota_fam_Incertae_sedis;g__Chytridiomycota_gen_Incertae_sedis;s__
OTU2474	k__Fungi;p__;c__;o__;f__;g__;s__
OTU2475	k__Fungi;p__Ascomycota;c__Lecanoromycetes;o__;f__;g__;s__
OTU2476	k__Fungi;p__Ascomycota;c__Lecanoromycetes;o__;f__;g__;s__
OTU2477	k__Fungi;p__;c__;o__;f__;g__;s__
OTU2478	k__Fungi;p__;c__;o__;f__;g__;s__
OTU2479	k__Fungi;p__Ascomycota;c__Lecanoromycetes;o__Pertusariales;f__Pertusariaceae;g__Pertusaria;s__obruta
OTU2480	k__Fungi;p__;c__;o__;f__;g__;s__
OTU2481	k__Fungi;p__Ascomycota;c__Lecanoromycetes;o__;f__;g__;s__
OTU2482	k__Fungi;p__Ascomycota;c__Dothideomycetes;o__Pleosporales;f__Pleosporaceae;g__Pyrenophora;s__
OTU2483	k__Fungi;p__Ascomycota;c__;o__;f__;g__;s__
OTU2484	k__Fungi;p__Ascomycota;c__Lecanoromycetes;o__;f__;g__;s__
OTU2485	k__Fungi;p__Ascomycota;c__Lecanoromycetes;o__;f__;g__;s__
OTU2486	k__Fungi;p__;c__;o__;f__;g__;s__
OTU2487	k__Fungi;p__;c__;o__;f__;g__;s__
OTU2488	k__Fungi;p__Ascomycota;c__;o__;f__;g__;s__
OTU2489	k__Fungi;p__Ascomycota;c__;o__;f__;g__;s__
OTU2490	k__Fungi;p__;c__;o__;f__;g__;s__
OTU2491	k__Fungi;p__Ascomycota;c__;o__;f__;g__;s__
OTU2492	k__Fungi;p__;c__;o__;f__;g__;s__
OTU2493	k__Fungi;p__;c__;o__;f__;g__;s__
OTU2494	k__Fungi;p__Ascomycota;c__;o__;f__;g__;s__
OTU2495	k__Fungi;p__;c__;o__;f__;g__;s__
OTU2496	k__Fungi;p__Ascomycota;c__;o__;f__;g__;s__
OTU2497	k__Fungi;p__Ascomycota;c__Lecanoromycetes;o__;f__;g__;s__
OTU2498	k__Fungi;p__Ascomycota;c__;o__;f__;g__;s__
OTU2499	k__Fungi;p__;c__;o__;f__;g__;s__
OTU2500	k__Fungi;p__Ascomycota;c__Lecanoromycetes;o__;f__;g__;s__
OTU2501	k__Fungi;p__Ascomycota;c__;o__;f__;g__;s__
OTU2502	k__Fungi;p__;c__;o__;f__;g__;s__
OTU2503	k__Fungi;p__Ascomycota;c__Lecanoromycetes;o__;f__;g__;s__
OTU2504	k__Fungi;p__;c__;o__;f__;g__;s__
OTU2505	k__Fungi;p__Ascomycota;c__Lecanoromycetes;o__Pertusariales;f__Pertusariaceae;g__Pertusaria;s__obruta
OTU2506	k__Fungi;p__;c__;o__;f__;g__;s__
OTU2507	k__Fungi;p__Ascomycota;c__;o__;f__;g__;s__
OTU2508	k__Fungi;p__;c__;o__;f__;g__;s__
OTU2509	k__Fungi;p__;c__;o__;f__;g__;s__
OTU2510	k__Fungi;p__;c__;o__;f__;g__;s__
OTU2511	k__Fungi;p__Ascomycota;c__Lecanoromycetes;o__;f__;g__;s__
OTU2512	k__Fungi;p__Chytridiomycota;c__;o__;f__;g__;s__
OTU2513	k__Fungi;p__;c__;o__;f__;g__;s__
OTU2514	k__Fungi;p__Chytridiomycota;c__;o__;f__;g__;s__
OTU2515	k__Fungi;p__Ascomycota;c__;o__;f__;g__;s__
OTU2516	k__Fungi;p__Ascomycota;c__;o__;f__;g__;s__
OTU2517	k__Fungi;p__Chytridiomycota;c__;o__;f__;g__;s__
OTU2518	k__Fungi;p__Ascomycota;c__Lecanoromycetes;o__Pertusariales;f__Pertusariaceae;g__Pertusaria;s__obruta
OTU2519	k__Fungi;p__;c__;o__;f__;g__;s__
OTU2520	k__Fungi;p__Ascomycota;c__Lecanoromycetes;o__Pertusariales;f__Pertusariaceae;g__Pertusaria;s__obruta
OTU2521	k__Fungi;p__;c__;o__;f__;g__;s__
OTU2522	k__Fungi;p__Ascomycota;c__Lecanoromycetes;o__;f__;g__;s__
OTU2523	k__Fungi;p__;c__;o__;f__;g__;s__
OTU2524	k__Fungi;p__Ascomycota;c__;o__;f__;g__;s__
OTU2525	k__Fungi;p__;c__;o__;f__;g__;s__
OTU2526	k__Fungi;p__;c__;o__;f__;g__;s__
OTU2527	k__Fungi;p__Ascomycota;c__;o__;f__;g__;s__
OTU2528	k__Fungi;p__Ascomycota;c__Lecanoromycetes;o__Pertusariales;f__Pertusariaceae;g__Pertusaria;s__obruta
OTU2529	k__Fungi;p__Ascomycota;c__Lecanoromycetes;o__;f__;g__;s__
OTU2530	k__Fungi;p__Ascomycota;c__;o__;f__;g__;s__
OTU2531	k__Fungi;p__Ascomycota;c__;o__;f__;g__;s__
OTU2532	k__Fungi;p__Ascomycota;c__Lecanoromycetes;o__;f__;g__;s__
OTU2533	k__Fungi;p__;c__;o__;f__;g__;s__
OTU2534	k__Fungi;p__Ascomycota;c__;o__;f__;g__;s__
OTU2535	k__Fungi;p__;c__;o__;f__;g__;s__
OTU2536	k__Fungi;p__Ascomycota;c__Lecanoromycetes;o__;f__;g__;s__
OTU2537	k__Fungi;p__;c__;o__;f__;g__;s__
OTU2538	k__Fungi;p__Ascomycota;c__Lecanoromycetes;o__;f__;g__;s__
OTU2539	k__Fungi;p__Ascomycota;c__Lecanoromycetes;o__;f__;g__;s__
OTU2540	k__Fungi;p__Ascomycota;c__;o__;f__;g__;s__
OTU2541	k__Fungi;p__Ascomycota;c__;o__;f__;g__;s__
OTU2542	k__Fungi;p__;c__;o__;f__;g__;s__
OTU2543	k__Fungi;p__;c__;o__;f__;g__;s__
OTU2544	k__Fungi;p__;c__;o__;f__;g__;s__
OTU2545	k__Fungi;p__Ascomycota;c__Lecanoromycetes;o__;f__;g__;s__
OTU2546	k__Fungi;p__Ascomycota;c__Lecanoromycetes;o__Pertusariales;f__Pertusariaceae;g__Pertusaria;s__obruta
OTU2547	k__Fungi;p__;c__;o__;f__;g__;s__
OTU2548	k__Fungi;p__;c__;o__;f__;g__;s__
OTU2549	k__Fungi;p__;c__;o__;f__;g__;s__
OTU2550	k__Fungi;p__;c__;o__;f__;g__;s__
OTU2551	k__Fungi;p__Chytridiomycota;c__Chytridiomycota_cls_Incertae_sedis;o__Chytridiomycota_ord_Incertae_sedis;f__Chytridiomycota_fam_Incertae_sedis;g__Chytridiomycota_gen_Incertae_sedis;s__
OTU2552	k__Fungi;p__Chytridiomycota;c__;o__;f__;g__;s__
OTU2553	k__Fungi;p__Ascomycota;c__Lecanoromycetes;o__Pertusariales;f__Pertusariaceae;g__Pertusaria;s__obruta
OTU2554	k__Fungi;p__Ascomycota;c__;o__;f__;g__;s__
OTU2555	k__Fungi;p__;c__;o__;f__;g__;s__
OTU2556	k__Fungi;p__Ascomycota;c__;o__;f__;g__;s__
OTU2557	k__Fungi;p__Ascomycota;c__Lecanoromycetes;o__;f__;g__;s__
OTU2558	k__Fungi;p__Ascomycota;c__Lecanoromycetes;o__;f__;g__;s__
OTU2559	k__Fungi;p__Ascomycota;c__;o__;f__;g__;s__
OTU2560	k__Fungi;p__;c__;o__;f__;g__;s__
OTU2561	k__Fungi;p__Ascomycota;c__Lecanoromycetes;o__;f__;g__;s__
OTU2562	k__Fungi;p__;c__;o__;f__;g__;s__
OTU2563	k__Fungi;p__;c__;o__;f__;g__;s__
OTU2564	k__Fungi;p__;c__;o__;f__;g__;s__
OTU2565	k__Fungi;p__;c__;o__;f__;g__;s__
OTU2566	k__Fungi;p__Ascomycota;c__Lecanoromycetes;o__;f__;g__;s__
OTU2567	k__Fungi;p__Ascomycota;c__Lecanoromycetes;o__;f__;g__;s__
OTU2568	k__Fungi;p__Ascomycota;c__Lecanoromycetes;o__;f__;g__;s__
OTU2569	k__Fungi;p__Ascomycota;c__;o__;f__;g__;s__
OTU2570	k__Fungi;p__;c__;o__;f__;g__;s__
OTU2571	k__Fungi;p__Ascomycota;c__Lecanoromycetes;o__;f__;g__;s__
OTU2572	k__Fungi;p__Chytridiomycota;c__;o__;f__;g__;s__
OTU2573	k__Fungi;p__Ascomycota;c__;o__;f__;g__;s__
OTU2574	k__Fungi;p__;c__;o__;f__;g__;s__
OTU2575	k__Fungi;p__Ascomycota;c__;o__;f__;g__;s__
OTU2576	k__Fungi;p__;c__;o__;f__;g__;s__
OTU2577	k__Fungi;p__Ascomycota;c__Lecanoromycetes;o__;f__;g__;s__
OTU2578	k__Fungi;p__Chytridiomycota;c__;o__;f__;g__;s__
OTU2579	k__Fungi;p__Ascomycota;c__;o__;f__;g__;s__
OTU2580	k__Fungi;p__Ascomycota;c__Lecanoromycetes;o__;f__;g__;s__
OTU2581	k__Fungi;p__;c__;o__;f__;g__;s__
OTU2582	k__Fungi;p__;c__;o__;f__;g__;s__
OTU2583	k__Fungi;p__;c__;o__;f__;g__;s__
OTU2584	k__Fungi;p__;c__;o__;f__;g__;s__
OTU2585	k__Fungi;p__;c__;o__;f__;g__;s__
OTU2586	k__Fungi;p__;c__;o__;f__;g__;s__
OTU2587	k__Fungi;p__;c__;o__;f__;g__;s__
OTU2588	k__Fungi;p__Ascomycota;c__;o__;f__;g__;s__
OTU2589	k__Fungi;p__Ascomycota;c__;o__;f__;g__;s__
OTU2590	k__Fungi;p__Ascomycota;c__Lecanoromycetes;o__;f__;g__;s__
OTU2591	k__Fungi;p__Ascomycota;c__;o__;f__;g__;s__
OTU2592	k__Fungi;p__Ascomycota;c__;o__;f__;g__;s__
OTU2593	k__Fungi;p__;c__;o__;f__;g__;s__
OTU2594	k__Fungi;p__;c__;o__;f__;g__;s__
OTU2595	k__Fungi;p__Chytridiomycota;c__Chytridiomycota_cls_Incertae_sedis;o__Chytridiomycota_ord_Incertae_sedis;f__Chytridiomycota_fam_Incertae_sedis;g__Chytridiomycota_gen_Incertae_sedis;s__
OTU2596	k__Fungi;p__;c__;o__;f__;g__;s__
OTU2597	k__Fungi;p__;c__;o__;f__;g__;s__
OTU2598	k__Fungi;p__;c__;o__;f__;g__;s__
OTU2599	k__Fungi;p__Ascomycota;c__Lecanoromycetes;o__;f__;g__;s__
OTU2600	k__Fungi;p__Chytridiomycota;c__;o__;f__;g__;s__
OTU2601	k__Fungi;p__;c__;o__;f__;g__;s__
OTU2602	k__Fungi;p__;c__;o__;f__;g__;s__
OTU2603	k__Fungi;p__Ascomycota;c__;o__;f__;g__;s__
OTU2604	k__Fungi;p__Ascomycota;c__;o__;f__;g__;s__
OTU2605	k__Fungi;p__;c__;o__;f__;g__;s__
OTU2606	k__Fungi;p__Ascomycota;c__;o__;f__;g__;s__
OTU2607	k__Fungi;p__;c__;o__;f__;g__;s__
OTU2608	k__Fungi;p__;c__;o__;f__;g__;s__
OTU2609	k__Fungi;p__;c__;o__;f__;g__;s__
OTU2610	k__Fungi;p__Ascomycota;c__;o__;f__;g__;s__
OTU2611	k__Fungi;p__Ascomycota;c__Lecanoromycetes;o__Pertusariales;f__Pertusariaceae;g__Pertusaria;s__obruta
OTU2612	k__Fungi;p__Ascomycota;c__Lecanoromycetes;o__;f__;g__;s__
OTU2613	k__Fungi;p__Ascomycota;c__Lecanoromycetes;o__Pertusariales;f__Pertusariaceae;g__Pertusaria;s__obruta
OTU2614	k__Fungi;p__;c__;o__;f__;g__;s__
OTU2615	k__Fungi;p__Chytridiomycota;c__;o__;f__;g__;s__
OTU2616	k__Fungi;p__Ascomycota;c__Lecanoromycetes;o__;f__;g__;s__
OTU2617	k__Fungi;p__Ascomycota;c__;o__;f__;g__;s__
OTU2618	k__Fungi;p__Ascomycota;c__;o__;f__;g__;s__
OTU2619	k__Fungi;p__Chytridiomycota;c__;o__;f__;g__;s__
OTU2620	k__Fungi;p__Ascomycota;c__;o__;f__;g__;s__
OTU2621	k__Fungi;p__Ascomycota;c__Lecanoromycetes;o__;f__;g__;s__
OTU2622	k__Fungi;p__Ascomycota;c__;o__;f__;g__;s__
OTU2623	k__Fungi;p__Chytridiomycota;c__;o__;f__;g__;s__
OTU2624	k__Fungi;p__;c__;o__;f__;g__;s__
OTU2625	k__Fungi;p__;c__;o__;f__;g__;s__
OTU2626	k__Fungi;p__;c__;o__;f__;g__;s__
OTU2627	k__Fungi;p__;c__;o__;f__;g__;s__
OTU2628	k__Fungi;p__;c__;o__;f__;g__;s__
OTU2629	k__Fungi;p__Ascomycota;c__Lecanoromycetes;o__;f__;g__;s__
OTU2630	k__Fungi;p__;c__;o__;f__;g__;s__
OTU2631	k__Fungi;p__;c__;o__;f__;g__;s__
OTU2632	k__Fungi;p__Ascomycota;c__;o__;f__;g__;s__
OTU2633	k__Fungi;p__Ascomycota;c__;o__;f__;g__;s__
OTU2634	k__Fungi;p__;c__;o__;f__;g__;s__
OTU2635	k__Fungi;p__Ascomycota;c__;o__;f__;g__;s__
OTU2636	k__Fungi;p__;c__;o__;f__;g__;s__
OTU2637	k__Fungi;p__Ascomycota;c__;o__;f__;g__;s__
OTU2638	k__Fungi;p__;c__;o__;f__;g__;s__
OTU2639	k__Fungi;p__;c__;o__;f__;g__;s__
OTU2640	k__Fungi;p__Ascomycota;c__Lecanoromycetes;o__;f__;g__;s__
OTU2641	k__Fungi;p__;c__;o__;f__;g__;s__
OTU2642	k__Fungi;p__;c__;o__;f__;g__;s__
OTU2643	k__Fungi;p__Ascomycota;c__Lecanoromycetes;o__Pertusariales;f__Pertusariaceae;g__Pertusaria;s__obruta
OTU2644	k__Fungi;p__Ascomycota;c__Lecanoromycetes;o__;f__;g__;s__
OTU2645	k__Fungi;p__;c__;o__;f__;g__;s__
OTU2646	k__Fungi;p__;c__;o__;f__;g__;s__
OTU2647	k__Fungi;p__Ascomycota;c__Lecanoromycetes;o__;f__;g__;s__
OTU2648	k__Fungi;p__Ascomycota;c__Lecanoromycetes;o__Pertusariales;f__Pertusariaceae;g__Pertusaria;s__obruta
OTU2649	k__Fungi;p__Ascomycota;c__Lecanoromycetes;o__;f__;g__;s__
OTU2650	k__Fungi;p__Chytridiomycota;c__Chytridiomycota_cls_Incertae_sedis;o__Chytridiomycota_ord_Incertae_sedis;f__Chytridiomycota_fam_Incertae_sedis;g__Chytridiomycota_gen_Incertae_sedis;s__
OTU2651	k__Fungi;p__Ascomycota;c__;o__;f__;g__;s__
OTU2652	k__Fungi;p__Chytridiomycota;c__;o__;f__;g__;s__
OTU2653	k__Fungi;p__;c__;o__;f__;g__;s__
OTU2654	k__Fungi;p__;c__;o__;f__;g__;s__
OTU2655	k__Fungi;p__;c__;o__;f__;g__;s__
OTU2656	k__Fungi;p__Ascomycota;c__;o__;f__;g__;s__
OTU2657	k__Fungi;p__;c__;o__;f__;g__;s__
OTU2658	k__Fungi;p__Ascomycota;c__Lecanoromycetes;o__Caliciales;f__Physciaceae;g__Kurokawia;s__palmulata
OTU2659	k__Fungi;p__Ascomycota;c__;o__;f__;g__;s__
OTU2660	k__Fungi;p__;c__;o__;f__;g__;s__
OTU2661	k__Fungi;p__;c__;o__;f__;g__;s__
OTU2662	k__Fungi;p__;c__;o__;f__;g__;s__
OTU2663	k__Fungi;p__;c__;o__;f__;g__;s__
OTU2664	k__Fungi;p__Ascomycota;c__;o__;f__;g__;s__
OTU2665	k__Fungi;p__Ascomycota;c__;o__;f__;g__;s__
OTU2666	k__Fungi;p__Chytridiomycota;c__;o__;f__;g__;s__
OTU2667	k__Fungi;p__Ascomycota;c__;o__;f__;g__;s__
OTU2668	k__Fungi;p__Chytridiomycota;c__Chytridiomycota_cls_Incertae_sedis;o__Chytridiomycota_ord_Incertae_sedis;f__Chytridiomycota_fam_Incertae_sedis;g__Chytridiomycota_gen_Incertae_sedis;s__
OTU2669	k__Fungi;p__;c__;o__;f__;g__;s__
OTU2670	k__Fungi;p__Ascomycota;c__Lecanoromycetes;o__;f__;g__;s__
OTU2671	k__Fungi;p__Ascomycota;c__;o__;f__;g__;s__
OTU2672	k__Fungi;p__;c__;o__;f__;g__;s__
OTU2673	k__Fungi;p__Ascomycota;c__Lecanoromycetes;o__;f__;g__;s__
OTU2674	k__Fungi;p__Ascomycota;c__Lecanoromycetes;o__;f__;g__;s__
OTU2675	k__Fungi;p__Ascomycota;c__;o__;f__;g__;s__
OTU2676	k__Fungi;p__;c__;o__;f__;g__;s__
OTU2677	k__Fungi;p__;c__;o__;f__;g__;s__
OTU2678	k__Fungi;p__;c__;o__;f__;g__;s__
OTU2679	k__Fungi;p__Ascomycota;c__Lecanoromycetes;o__Pertusariales;f__Pertusariaceae;g__Pertusaria;s__obruta
OTU2680	k__Fungi;p__;c__;o__;f__;g__;s__
OTU2681	k__Fungi;p__Ascomycota;c__;o__;f__;g__;s__
OTU2682	k__Fungi;p__;c__;o__;f__;g__;s__
OTU2683	k__Fungi;p__;c__;o__;f__;g__;s__
OTU2684	k__Fungi;p__;c__;o__;f__;g__;s__
OTU2685	k__Fungi;p__;c__;o__;f__;g__;s__
OTU2686	k__Fungi;p__Chytridiomycota;c__;o__;f__;g__;s__
OTU2687	k__Fungi;p__;c__;o__;f__;g__;s__
OTU2688	k__Fungi;p__;c__;o__;f__;g__;s__
OTU2689	k__Fungi;p__;c__;o__;f__;g__;s__
OTU2690	k__Fungi;p__;c__;o__;f__;g__;s__
OTU2691	k__Fungi;p__;c__;o__;f__;g__;s__
OTU2692	k__Fungi;p__Ascomycota;c__Lecanoromycetes;o__Graphidales;f__Gomphillaceae;g__Gomphillus;s__
OTU2693	k__Fungi;p__Ascomycota;c__Lecanoromycetes;o__;f__;g__;s__
OTU2694	k__Fungi;p__;c__;o__;f__;g__;s__
OTU2695	k__Fungi;p__Ascomycota;c__;o__;f__;g__;s__
OTU2696	k__Fungi;p__Ascomycota;c__Lecanoromycetes;o__;f__;g__;s__
OTU2697	k__Fungi;p__Chytridiomycota;c__;o__;f__;g__;s__
OTU2698	k__Fungi;p__Chytridiomycota;c__;o__;f__;g__;s__
OTU2699	k__Fungi;p__Ascomycota;c__Lecanoromycetes;o__;f__;g__;s__
OTU2700	k__Fungi;p__;c__;o__;f__;g__;s__
OTU2701	k__Fungi;p__Ascomycota;c__;o__;f__;g__;s__
OTU2702	k__Fungi;p__;c__;o__;f__;g__;s__
OTU2703	k__Fungi;p__;c__;o__;f__;g__;s__
OTU2704	k__Fungi;p__;c__;o__;f__;g__;s__
OTU2705	k__Fungi;p__Ascomycota;c__;o__;f__;g__;s__
OTU2706	k__Fungi;p__;c__;o__;f__;g__;s__
OTU2707	k__Fungi;p__Ascomycota;c__Lecanoromycetes;o__;f__;g__;s__
OTU2708	k__Fungi;p__Ascomycota;c__Lecanoromycetes;o__;f__;g__;s__
OTU2709	k__Fungi;p__Ascomycota;c__Lecanoromycetes;o__;f__;g__;s__
OTU2710	k__Fungi;p__Ascomycota;c__Lecanoromycetes;o__;f__;g__;s__
OTU2711	k__Fungi;p__;c__;o__;f__;g__;s__
OTU2712	k__Fungi;p__;c__;o__;f__;g__;s__
OTU2713	k__Fungi;p__Ascomycota;c__Lecanoromycetes;o__;f__;g__;s__
OTU2714	k__Fungi;p__Ascomycota;c__Lecanoromycetes;o__;f__;g__;s__
OTU2715	k__Fungi;p__Ascomycota;c__Lecanoromycetes;o__;f__;g__;s__
OTU2716	k__Fungi;p__;c__;o__;f__;g__;s__
OTU2717	k__Fungi;p__;c__;o__;f__;g__;s__
OTU2718	k__Fungi;p__Ascomycota;c__;o__;f__;g__;s__
OTU2719	k__Fungi;p__Chytridiomycota;c__;o__;f__;g__;s__
OTU2720	k__Fungi;p__Ascomycota;c__;o__;f__;g__;s__
OTU2721	k__Fungi;p__;c__;o__;f__;g__;s__
OTU2722	k__Fungi;p__;c__;o__;f__;g__;s__
OTU2723	k__Fungi;p__;c__;o__;f__;g__;s__
OTU2724	k__Fungi;p__Ascomycota;c__Lecanoromycetes;o__;f__;g__;s__
OTU2725	k__Fungi;p__;c__;o__;f__;g__;s__
OTU2726	k__Fungi;p__Ascomycota;c__Lecanoromycetes;o__;f__;g__;s__
OTU2727	k__Fungi;p__;c__;o__;f__;g__;s__
OTU2728	k__Fungi;p__;c__;o__;f__;g__;s__
OTU2729	k__Fungi;p__;c__;o__;f__;g__;s__
OTU2730	k__Fungi;p__;c__;o__;f__;g__;s__
OTU2731	k__Fungi;p__Ascomycota;c__Lecanoromycetes;o__;f__;g__;s__
OTU2732	k__Fungi;p__Chytridiomycota;c__;o__;f__;g__;s__
OTU2733	k__Fungi;p__;c__;o__;f__;g__;s__
OTU2734	k__Fungi;p__;c__;o__;f__;g__;s__
OTU2735	k__Fungi;p__;c__;o__;f__;g__;s__
OTU2736	k__Fungi;p__;c__;o__;f__;g__;s__
OTU2737	k__Fungi;p__Ascomycota;c__Lecanoromycetes;o__;f__;g__;s__
OTU2738	k__Fungi;p__Ascomycota;c__;o__;f__;g__;s__
OTU2739	k__Fungi;p__Ascomycota;c__Lecanoromycetes;o__;f__;g__;s__
OTU2740	k__Fungi;p__;c__;o__;f__;g__;s__
OTU2741	k__Fungi;p__;c__;o__;f__;g__;s__
OTU2742	k__Fungi;p__;c__;o__;f__;g__;s__
OTU2743	k__Fungi;p__Ascomycota;c__;o__;f__;g__;s__
OTU2744	k__Fungi;p__Ascomycota;c__Lecanoromycetes;o__;f__;g__;s__
OTU2745	k__Fungi;p__;c__;o__;f__;g__;s__
OTU2746	k__Fungi;p__Ascomycota;c__;o__;f__;g__;s__
OTU2747	k__Fungi;p__Ascomycota;c__Lecanoromycetes;o__;f__;g__;s__
OTU2748	k__Fungi;p__;c__;o__;f__;g__;s__
OTU2749	k__Fungi;p__;c__;o__;f__;g__;s__
OTU2750	k__Fungi;p__Chytridiomycota;c__Chytridiomycota_cls_Incertae_sedis;o__Chytridiomycota_ord_Incertae_sedis;f__Chytridiomycota_fam_Incertae_sedis;g__Chytridiomycota_gen_Incertae_sedis;s__
OTU2751	k__Fungi;p__;c__;o__;f__;g__;s__
OTU2752	k__Fungi;p__;c__;o__;f__;g__;s__
OTU2753	k__Fungi;p__Chytridiomycota;c__Chytridiomycota_cls_Incertae_sedis;o__Chytridiomycota_ord_Incertae_sedis;f__Chytridiomycota_fam_Incertae_sedis;g__Chytridiomycota_gen_Incertae_sedis;s__
OTU2754	k__Fungi;p__Chytridiomycota;c__Chytridiomycota_cls_Incertae_sedis;o__Chytridiomycota_ord_Incertae_sedis;f__Chytridiomycota_fam_Incertae_sedis;g__Chytridiomycota_gen_Incertae_sedis;s__
OTU2755	k__Fungi;p__Ascomycota;c__;o__;f__;g__;s__
OTU2756	k__Fungi;p__Ascomycota;c__;o__;f__;g__;s__
OTU2757	k__Fungi;p__Ascomycota;c__Lecanoromycetes;o__;f__;g__;s__
OTU2758	k__Fungi;p__;c__;o__;f__;g__;s__
OTU2759	k__Fungi;p__Ascomycota;c__;o__;f__;g__;s__
OTU2760	k__Fungi;p__;c__;o__;f__;g__;s__
OTU2761	k__Fungi;p__Ascomycota;c__Lecanoromycetes;o__Pertusariales;f__Pertusariaceae;g__Pertusaria;s__obruta
OTU2762	k__Fungi;p__Ascomycota;c__Lecanoromycetes;o__;f__;g__;s__
OTU2763	k__Fungi;p__Ascomycota;c__Lecanoromycetes;o__;f__;g__;s__
OTU2764	k__Fungi;p__Ascomycota;c__;o__;f__;g__;s__
OTU2765	k__Fungi;p__Ascomycota;c__Lecanoromycetes;o__;f__;g__;s__
OTU2766	k__Fungi;p__;c__;o__;f__;g__;s__
OTU2767	k__Fungi;p__;c__;o__;f__;g__;s__
OTU2768	k__Fungi;p__;c__;o__;f__;g__;s__
OTU2769	k__Fungi;p__Ascomycota;c__;o__;f__;g__;s__
OTU2770	k__Fungi;p__;c__;o__;f__;g__;s__
OTU2771	k__Fungi;p__;c__;o__;f__;g__;s__
OTU2772	k__Fungi;p__Ascomycota;c__Lecanoromycetes;o__Pertusariales;f__Pertusariaceae;g__Pertusaria;s__obruta
OTU2773	k__Fungi;p__Ascomycota;c__Lecanoromycetes;o__;f__;g__;s__
OTU2774	k__Fungi;p__Ascomycota;c__Lecanoromycetes;o__;f__;g__;s__
OTU2775	k__Fungi;p__;c__;o__;f__;g__;s__
OTU2776	k__Fungi;p__Chytridiomycota;c__;o__;f__;g__;s__
OTU2777	k__Fungi;p__Ascomycota;c__;o__;f__;g__;s__
OTU2778	k__Fungi;p__Ascomycota;c__;o__;f__;g__;s__
OTU2779	k__Fungi;p__Ascomycota;c__Lecanoromycetes;o__;f__;g__;s__
OTU2780	k__Fungi;p__Ascomycota;c__Lecanoromycetes;o__Pertusariales;f__Pertusariaceae;g__Pertusaria;s__obruta
OTU2781	k__Fungi;p__Ascomycota;c__Lecanoromycetes;o__;f__;g__;s__
OTU2782	k__Fungi;p__Ascomycota;c__Lecanoromycetes;o__;f__;g__;s__
OTU2783	k__Fungi;p__Ascomycota;c__;o__;f__;g__;s__
OTU2784	k__Fungi;p__;c__;o__;f__;g__;s__
OTU2785	k__Fungi;p__;c__;o__;f__;g__;s__
OTU2786	k__Fungi;p__;c__;o__;f__;g__;s__
OTU2787	k__Fungi;p__Ascomycota;c__Lecanoromycetes;o__Pertusariales;f__Pertusariaceae;g__Pertusaria;s__obruta
OTU2788	k__Fungi;p__Ascomycota;c__;o__;f__;g__;s__
OTU2789	k__Fungi;p__;c__;o__;f__;g__;s__
OTU2790	k__Fungi;p__;c__;o__;f__;g__;s__
OTU2791	k__Fungi;p__Fungi_phy_Incertae_sedis;c__Fungi_cls_Incertae_sedis;o__Fungi_ord_Incertae_sedis;f__Fungi_fam_Incertae_sedis;g__Fungi_gen_Incertae_sedis;s__
OTU2792	k__Fungi;p__;c__;o__;f__;g__;s__
OTU2793	k__Fungi;p__Ascomycota;c__Lecanoromycetes;o__Graphidales;f__Gomphillaceae;g__Gomphillus;s__calycioides
OTU2794	k__Fungi;p__;c__;o__;f__;g__;s__
OTU2795	k__Fungi;p__;c__;o__;f__;g__;s__
OTU2796	k__Fungi;p__Ascomycota;c__Lecanoromycetes;o__;f__;g__;s__
OTU2797	k__Fungi;p__Chytridiomycota;c__Chytridiomycota_cls_Incertae_sedis;o__Chytridiomycota_ord_Incertae_sedis;f__Chytridiomycota_fam_Incertae_sedis;g__Chytridiomycota_gen_Incertae_sedis;s__
OTU2798	k__Fungi;p__Ascomycota;c__;o__;f__;g__;s__
OTU2799	k__Fungi;p__;c__;o__;f__;g__;s__
OTU2800	k__Fungi;p__Ascomycota;c__Lecanoromycetes;o__;f__;g__;s__
OTU2801	k__Fungi;p__Ascomycota;c__;o__;f__;g__;s__
OTU2802	k__Fungi;p__Ascomycota;c__;o__;f__;g__;s__
OTU2803	k__Fungi;p__;c__;o__;f__;g__;s__
OTU2804	k__Fungi;p__Ascomycota;c__;o__;f__;g__;s__
OTU2805	k__Fungi;p__;c__;o__;f__;g__;s__
OTU2806	k__Fungi;p__Ascomycota;c__Lecanoromycetes;o__;f__;g__;s__
OTU2807	k__Fungi;p__Ascomycota;c__;o__;f__;g__;s__
OTU2808	k__Fungi;p__Ascomycota;c__;o__;f__;g__;s__
OTU2809	k__Fungi;p__;c__;o__;f__;g__;s__
OTU2810	k__Fungi;p__;c__;o__;f__;g__;s__
OTU2811	k__Fungi;p__;c__;o__;f__;g__;s__
OTU2812	k__Fungi;p__Ascomycota;c__Lecanoromycetes;o__;f__;g__;s__
OTU2813	k__Fungi;p__Ascomycota;c__Lecanoromycetes;o__;f__;g__;s__
OTU2814	k__Fungi;p__Ascomycota;c__Lecanoromycetes;o__;f__;g__;s__
OTU2815	k__Fungi;p__Ascomycota;c__Lecanoromycetes;o__;f__;g__;s__
OTU2816	k__Fungi;p__Ascomycota;c__Lecanoromycetes;o__;f__;g__;s__
OTU2817	k__Fungi;p__Ascomycota;c__;o__;f__;g__;s__
OTU2818	k__Fungi;p__Ascomycota;c__Lecanoromycetes;o__;f__;g__;s__
OTU2819	k__Fungi;p__;c__;o__;f__;g__;s__
OTU2820	k__Fungi;p__;c__;o__;f__;g__;s__
OTU2821	k__Fungi;p__;c__;o__;f__;g__;s__
OTU2822	k__Fungi;p__Ascomycota;c__;o__;f__;g__;s__
OTU2823	k__Fungi;p__;c__;o__;f__;g__;s__
OTU2824	k__Fungi;p__;c__;o__;f__;g__;s__
OTU2825	k__Fungi;p__Ascomycota;c__Lecanoromycetes;o__;f__;g__;s__
OTU2826	k__Fungi;p__Ascomycota;c__;o__;f__;g__;s__
OTU2827	k__Fungi;p__;c__;o__;f__;g__;s__
OTU2828	k__Fungi;p__;c__;o__;f__;g__;s__
OTU2829	k__Fungi;p__Ascomycota;c__Lecanoromycetes;o__Pertusariales;f__Pertusariaceae;g__Pertusaria;s__obruta
OTU2830	k__Fungi;p__;c__;o__;f__;g__;s__
OTU2831	k__Fungi;p__;c__;o__;f__;g__;s__
OTU2832	k__Fungi;p__;c__;o__;f__;g__;s__
OTU2833	k__Fungi;p__;c__;o__;f__;g__;s__
OTU2834	k__Fungi;p__;c__;o__;f__;g__;s__
OTU2835	k__Fungi;p__Ascomycota;c__Lecanoromycetes;o__Pertusariales;f__Pertusariaceae;g__Pertusaria;s__obruta
OTU2836	k__Fungi;p__Ascomycota;c__Lecanoromycetes;o__;f__;g__;s__
OTU2837	k__Fungi;p__Ascomycota;c__Lecanoromycetes;o__;f__;g__;s__
OTU2838	k__Fungi;p__;c__;o__;f__;g__;s__
OTU2839	k__Fungi;p__;c__;o__;f__;g__;s__
OTU2840	k__Fungi;p__;c__;o__;f__;g__;s__
OTU2841	k__Fungi;p__Ascomycota;c__Lecanoromycetes;o__Pertusariales;f__Pertusariaceae;g__Pertusaria;s__obruta
OTU2842	k__Fungi;p__Ascomycota;c__Lecanoromycetes;o__;f__;g__;s__
OTU2843	k__Fungi;p__;c__;o__;f__;g__;s__
OTU2844	k__Fungi;p__;c__;o__;f__;g__;s__
OTU2845	k__Fungi;p__Ascomycota;c__Lecanoromycetes;o__;f__;g__;s__
OTU2846	k__Fungi;p__Ascomycota;c__;o__;f__;g__;s__
OTU2847	k__Fungi;p__Ascomycota;c__;o__;f__;g__;s__
OTU2848	k__Fungi;p__Ascomycota;c__Lecanoromycetes;o__Pertusariales;f__Pertusariaceae;g__Pertusaria;s__obruta
OTU2849	k__Fungi;p__;c__;o__;f__;g__;s__
OTU2850	k__Fungi;p__;c__;o__;f__;g__;s__
OTU2851	k__Fungi;p__;c__;o__;f__;g__;s__
OTU2852	k__Fungi;p__;c__;o__;f__;g__;s__
OTU2853	k__Fungi;p__Ascomycota;c__Lecanoromycetes;o__;f__;g__;s__
OTU2854	k__Fungi;p__Ascomycota;c__Lecanoromycetes;o__Pertusariales;f__Pertusariaceae;g__Pertusaria;s__obruta
OTU2855	k__Fungi;p__Ascomycota;c__Lecanoromycetes;o__Pertusariales;f__Pertusariaceae;g__Pertusaria;s__obruta
OTU2856	k__Fungi;p__Ascomycota;c__Lecanoromycetes;o__;f__;g__;s__
OTU2857	k__Fungi;p__;c__;o__;f__;g__;s__
OTU2858	k__Fungi;p__Ascomycota;c__;o__;f__;g__;s__
OTU2859	k__Fungi;p__Ascomycota;c__;o__;f__;g__;s__
OTU2860	k__Fungi;p__;c__;o__;f__;g__;s__
OTU2861	k__Fungi;p__;c__;o__;f__;g__;s__
OTU2862	k__Fungi;p__;c__;o__;f__;g__;s__
OTU2863	k__Fungi;p__Chytridiomycota;c__;o__;f__;g__;s__
OTU2864	k__Fungi;p__;c__;o__;f__;g__;s__
OTU2865	k__Fungi;p__Ascomycota;c__;o__;f__;g__;s__
OTU2866	k__Fungi;p__;c__;o__;f__;g__;s__
OTU2867	k__Fungi;p__;c__;o__;f__;g__;s__
OTU2868	k__Fungi;p__;c__;o__;f__;g__;s__
OTU2869	k__Fungi;p__;c__;o__;f__;g__;s__
OTU2870	k__Fungi;p__;c__;o__;f__;g__;s__
OTU2871	k__Fungi;p__Fungi_phy_Incertae_sedis;c__Fungi_cls_Incertae_sedis;o__Fungi_ord_Incertae_sedis;f__Fungi_fam_Incertae_sedis;g__Fungi_gen_Incertae_sedis;s__
OTU2872	k__Fungi;p__;c__;o__;f__;g__;s__
OTU2873	k__Fungi;p__;c__;o__;f__;g__;s__
OTU2874	k__Fungi;p__Ascomycota;c__;o__;f__;g__;s__
OTU2875	k__Fungi;p__;c__;o__;f__;g__;s__
OTU2876	k__Fungi;p__;c__;o__;f__;g__;s__
OTU2877	k__Fungi;p__;c__;o__;f__;g__;s__
OTU2878	k__Fungi;p__;c__;o__;f__;g__;s__
OTU2879	k__Fungi;p__;c__;o__;f__;g__;s__
OTU2880	k__Fungi;p__;c__;o__;f__;g__;s__
OTU2881	k__Fungi;p__;c__;o__;f__;g__;s__
OTU2882	k__Fungi;p__Ascomycota;c__;o__;f__;g__;s__
OTU2883	k__Fungi;p__;c__;o__;f__;g__;s__
OTU2884	k__Fungi;p__;c__;o__;f__;g__;s__
OTU2885	k__Fungi;p__Ascomycota;c__Lecanoromycetes;o__;f__;g__;s__
OTU2886	k__Fungi;p__Ascomycota;c__Dothideomycetes;o__Pleosporales;f__Pleosporaceae;g__Alternaria;s__crassa
OTU2887	k__Fungi;p__Chytridiomycota;c__;o__;f__;g__;s__
OTU2888	k__Fungi;p__Ascomycota;c__Dothideomycetes;o__Cladosporiales;f__Cladosporiaceae;g__Cladosporium;s__subuliforme
OTU2889	k__Fungi;p__Ascomycota;c__Lecanoromycetes;o__;f__;g__;s__
OTU2890	k__Fungi;p__Ascomycota;c__;o__;f__;g__;s__
OTU2891	k__Fungi;p__;c__;o__;f__;g__;s__
OTU2892	k__Fungi;p__;c__;o__;f__;g__;s__
OTU2893	k__Fungi;p__Ascomycota;c__;o__;f__;g__;s__
OTU2894	k__Fungi;p__Chytridiomycota;c__;o__;f__;g__;s__
OTU2895	k__Fungi;p__Chytridiomycota;c__;o__;f__;g__;s__
OTU2896	k__Fungi;p__;c__;o__;f__;g__;s__
OTU2897	k__Fungi;p__Ascomycota;c__Lecanoromycetes;o__;f__;g__;s__
OTU2898	k__Fungi;p__;c__;o__;f__;g__;s__
OTU2899	k__Fungi;p__Chytridiomycota;c__Chytridiomycota_cls_Incertae_sedis;o__Chytridiomycota_ord_Incertae_sedis;f__Chytridiomycota_fam_Incertae_sedis;g__Chytridiomycota_gen_Incertae_sedis;s__
OTU2900	k__Fungi;p__Ascomycota;c__Lecanoromycetes;o__;f__;g__;s__
OTU2901	k__Fungi;p__Ascomycota;c__Lecanoromycetes;o__;f__;g__;s__
OTU2902	k__Fungi;p__Ascomycota;c__Lecanoromycetes;o__Pertusariales;f__Pertusariaceae;g__Pertusaria;s__obruta
OTU2903	k__Fungi;p__Ascomycota;c__Lecanoromycetes;o__;f__;g__;s__
OTU2904	k__Fungi;p__Ascomycota;c__;o__;f__;g__;s__
OTU2905	k__Fungi;p__;c__;o__;f__;g__;s__
OTU2906	k__Fungi;p__;c__;o__;f__;g__;s__
OTU2907	k__Fungi;p__Ascomycota;c__Lecanoromycetes;o__;f__;g__;s__
OTU2908	k__Fungi;p__Chytridiomycota;c__Chytridiomycota_cls_Incertae_sedis;o__Chytridiomycota_ord_Incertae_sedis;f__Chytridiomycota_fam_Incertae_sedis;g__Chytridiomycota_gen_Incertae_sedis;s__
OTU2909	k__Fungi;p__;c__;o__;f__;g__;s__
OTU2910	k__Fungi;p__Fungi_phy_Incertae_sedis;c__Fungi_cls_Incertae_sedis;o__Fungi_ord_Incertae_sedis;f__Fungi_fam_Incertae_sedis;g__Fungi_gen_Incertae_sedis;s__
OTU2911	k__Fungi;p__;c__;o__;f__;g__;s__
OTU2912	k__Fungi;p__;c__;o__;f__;g__;s__
OTU2913	k__Fungi;p__;c__;o__;f__;g__;s__
OTU2914	k__Fungi;p__Ascomycota;c__Lecanoromycetes;o__;f__;g__;s__
OTU2915	k__Fungi;p__;c__;o__;f__;g__;s__
OTU2916	k__Fungi;p__Ascomycota;c__;o__;f__;g__;s__
OTU2917	k__Fungi;p__Ascomycota;c__;o__;f__;g__;s__
OTU2918	k__Fungi;p__Chytridiomycota;c__;o__;f__;g__;s__
OTU2919	k__Fungi;p__Ascomycota;c__Lecanoromycetes;o__;f__;g__;s__
OTU2920	k__Fungi;p__Ascomycota;c__;o__;f__;g__;s__
OTU2921	k__Fungi;p__;c__;o__;f__;g__;s__
OTU2922	k__Fungi;p__Ascomycota;c__;o__;f__;g__;s__
OTU2923	k__Fungi;p__Chytridiomycota;c__;o__;f__;g__;s__
OTU2924	k__Fungi;p__Ascomycota;c__;o__;f__;g__;s__
OTU2925	k__Fungi;p__Ascomycota;c__Lecanoromycetes;o__;f__;g__;s__
OTU2926	k__Fungi;p__Ascomycota;c__Lecanoromycetes;o__;f__;g__;s__
OTU2927	k__Fungi;p__;c__;o__;f__;g__;s__
OTU2928	k__Fungi;p__;c__;o__;f__;g__;s__
OTU2929	k__Fungi;p__Ascomycota;c__;o__;f__;g__;s__
OTU2930	k__Fungi;p__;c__;o__;f__;g__;s__
OTU2931	k__Fungi;p__Chytridiomycota;c__;o__;f__;g__;s__
OTU2932	k__Fungi;p__;c__;o__;f__;g__;s__
OTU2933	k__Fungi;p__Ascomycota;c__;o__;f__;g__;s__
OTU2934	k__Fungi;p__Ascomycota;c__Lecanoromycetes;o__;f__;g__;s__
OTU2935	k__Fungi;p__;c__;o__;f__;g__;s__
OTU2936	k__Fungi;p__Ascomycota;c__;o__;f__;g__;s__
OTU2937	k__Fungi;p__;c__;o__;f__;g__;s__
OTU2938	k__Fungi;p__;c__;o__;f__;g__;s__
OTU2939	k__Fungi;p__Ascomycota;c__;o__;f__;g__;s__
OTU2940	k__Fungi;p__;c__;o__;f__;g__;s__
OTU2941	k__Fungi;p__;c__;o__;f__;g__;s__
OTU2942	k__Fungi;p__Chytridiomycota;c__;o__;f__;g__;s__
OTU2943	k__Fungi;p__;c__;o__;f__;g__;s__
OTU2944	k__Fungi;p__Ascomycota;c__Lecanoromycetes;o__;f__;g__;s__
OTU2945	k__Fungi;p__;c__;o__;f__;g__;s__
OTU2946	k__Fungi;p__;c__;o__;f__;g__;s__
OTU2947	k__Fungi;p__Ascomycota;c__Lecanoromycetes;o__Pertusariales;f__Pertusariaceae;g__Pertusaria;s__obruta
OTU2948	k__Fungi;p__;c__;o__;f__;g__;s__
OTU2949	k__Fungi;p__;c__;o__;f__;g__;s__
OTU2950	k__Fungi;p__Ascomycota;c__Lecanoromycetes;o__;f__;g__;s__
OTU2951	k__Fungi;p__Ascomycota;c__Lecanoromycetes;o__;f__;g__;s__
OTU2952	k__Fungi;p__Ascomycota;c__;o__;f__;g__;s__
OTU2953	k__Fungi;p__;c__;o__;f__;g__;s__
OTU2954	k__Fungi;p__Ascomycota;c__Lecanoromycetes;o__;f__;g__;s__
OTU2955	k__Fungi;p__;c__;o__;f__;g__;s__
OTU2956	k__Fungi;p__;c__;o__;f__;g__;s__
OTU2957	k__Fungi;p__;c__;o__;f__;g__;s__
OTU2958	k__Fungi;p__;c__;o__;f__;g__;s__
OTU2959	k__Fungi;p__Ascomycota;c__Lecanoromycetes;o__;f__;g__;s__
OTU2960	k__Fungi;p__;c__;o__;f__;g__;s__
OTU2961	k__Fungi;p__;c__;o__;f__;g__;s__
OTU2962	k__Fungi;p__Ascomycota;c__;o__;f__;g__;s__
OTU2963	k__Fungi;p__Ascomycota;c__;o__;f__;g__;s__
OTU2964	k__Fungi;p__Ascomycota;c__Lecanoromycetes;o__Pertusariales;f__Pertusariaceae;g__Pertusaria;s__obruta
OTU2965	k__Fungi;p__Ascomycota;c__Lecanoromycetes;o__;f__;g__;s__
OTU2966	k__Fungi;p__Ascomycota;c__Lecanoromycetes;o__Pertusariales;f__Pertusariaceae;g__Pertusaria;s__obruta
OTU2967	k__Fungi;p__;c__;o__;f__;g__;s__
OTU2968	k__Fungi;p__;c__;o__;f__;g__;s__
OTU2969	k__Fungi;p__Ascomycota;c__;o__;f__;g__;s__
OTU2970	k__Fungi;p__Basidiomycota;c__Tremellomycetes;o__Filobasidiales;f__Filobasidiaceae;g__Filobasidium;s__floriforme
OTU2971	k__Fungi;p__Ascomycota;c__Lecanoromycetes;o__;f__;g__;s__
OTU2972	k__Fungi;p__Chytridiomycota;c__;o__;f__;g__;s__
OTU2973	k__Fungi;p__;c__;o__;f__;g__;s__
OTU2974	k__Fungi;p__;c__;o__;f__;g__;s__
OTU2975	k__Fungi;p__;c__;o__;f__;g__;s__
OTU2976	k__Fungi;p__Ascomycota;c__Lecanoromycetes;o__;f__;g__;s__
OTU2977	k__Fungi;p__;c__;o__;f__;g__;s__
OTU2978	k__Fungi;p__Ascomycota;c__;o__;f__;g__;s__
OTU2979	k__Fungi;p__;c__;o__;f__;g__;s__
OTU2980	k__Fungi;p__;c__;o__;f__;g__;s__
OTU2981	k__Fungi;p__;c__;o__;f__;g__;s__
OTU2982	k__Fungi;p__Ascomycota;c__Lecanoromycetes;o__;f__;g__;s__
OTU2983	k__Fungi;p__Ascomycota;c__;o__;f__;g__;s__
OTU2984	k__Fungi;p__Ascomycota;c__Lecanoromycetes;o__;f__;g__;s__
OTU2985	k__Fungi;p__Ascomycota;c__Lecanoromycetes;o__;f__;g__;s__
OTU2986	k__Fungi;p__Ascomycota;c__Lecanoromycetes;o__;f__;g__;s__
OTU2987	k__Fungi;p__Ascomycota;c__;o__;f__;g__;s__
OTU2988	k__Fungi;p__Ascomycota;c__;o__;f__;g__;s__
OTU2989	k__Fungi;p__Ascomycota;c__Lecanoromycetes;o__;f__;g__;s__
OTU2990	k__Fungi;p__Ascomycota;c__;o__;f__;g__;s__
OTU2991	k__Fungi;p__Ascomycota;c__;o__;f__;g__;s__
OTU2992	k__Fungi;p__Ascomycota;c__Lecanoromycetes;o__;f__;g__;s__
OTU2993	k__Fungi;p__Ascomycota;c__;o__;f__;g__;s__
OTU2994	k__Fungi;p__;c__;o__;f__;g__;s__
OTU2995	k__Fungi;p__;c__;o__;f__;g__;s__
OTU2996	k__Fungi;p__;c__;o__;f__;g__;s__
OTU2997	k__Fungi;p__Ascomycota;c__;o__;f__;g__;s__
OTU2998	k__Fungi;p__;c__;o__;f__;g__;s__
OTU2999	k__Fungi;p__Ascomycota;c__Lecanoromycetes;o__;f__;g__;s__
OTU3000	k__Fungi;p__Ascomycota;c__Dothideomycetes;o__Pleosporales;f__Didymellaceae;g__;s__
OTU3001	k__Fungi;p__Ascomycota;c__;o__;f__;g__;s__
OTU3002	k__Fungi;p__;c__;o__;f__;g__;s__
OTU3003	k__Fungi;p__;c__;o__;f__;g__;s__
OTU3004	k__Fungi;p__;c__;o__;f__;g__;s__
OTU3005	k__Fungi;p__Ascomycota;c__Lecanoromycetes;o__;f__;g__;s__
OTU3006	k__Fungi;p__Ascomycota;c__Lecanoromycetes;o__;f__;g__;s__
OTU3007	k__Fungi;p__Ascomycota;c__Lecanoromycetes;o__;f__;g__;s__
OTU3008	k__Fungi;p__Ascomycota;c__Lecanoromycetes;o__;f__;g__;s__
OTU3009	k__Fungi;p__Chytridiomycota;c__Chytridiomycota_cls_Incertae_sedis;o__Chytridiomycota_ord_Incertae_sedis;f__Chytridiomycota_fam_Incertae_sedis;g__Chytridiomycota_gen_Incertae_sedis;s__
OTU3010	k__Fungi;p__Ascomycota;c__;o__;f__;g__;s__
OTU3011	k__Fungi;p__;c__;o__;f__;g__;s__
OTU3012	k__Fungi;p__Chytridiomycota;c__;o__;f__;g__;s__
OTU3013	k__Fungi;p__;c__;o__;f__;g__;s__
OTU3014	k__Fungi;p__Ascomycota;c__;o__;f__;g__;s__
OTU3015	k__Fungi;p__;c__;o__;f__;g__;s__
OTU3016	k__Fungi;p__;c__;o__;f__;g__;s__
OTU3017	k__Fungi;p__Chytridiomycota;c__Chytridiomycota_cls_Incertae_sedis;o__Chytridiomycota_ord_Incertae_sedis;f__Chytridiomycota_fam_Incertae_sedis;g__Chytridiomycota_gen_Incertae_sedis;s__
OTU3018	k__Fungi;p__;c__;o__;f__;g__;s__
OTU3019	k__Fungi;p__Ascomycota;c__Lecanoromycetes;o__;f__;g__;s__
OTU3020	k__Fungi;p__Ascomycota;c__;o__;f__;g__;s__
OTU3021	k__Fungi;p__Chytridiomycota;c__;o__;f__;g__;s__
OTU3022	k__Fungi;p__;c__;o__;f__;g__;s__
OTU3023	k__Fungi;p__Ascomycota;c__;o__;f__;g__;s__
OTU3024	k__Fungi;p__;c__;o__;f__;g__;s__
OTU3025	k__Fungi;p__;c__;o__;f__;g__;s__
OTU3026	k__Fungi;p__;c__;o__;f__;g__;s__
OTU3027	k__Fungi;p__;c__;o__;f__;g__;s__
OTU3028	k__Fungi;p__Chytridiomycota;c__Chytridiomycota_cls_Incertae_sedis;o__Chytridiomycota_ord_Incertae_sedis;f__Chytridiomycota_fam_Incertae_sedis;g__Chytridiomycota_gen_Incertae_sedis;s__
OTU3029	k__Fungi;p__;c__;o__;f__;g__;s__
OTU3030	k__Fungi;p__;c__;o__;f__;g__;s__
OTU3031	k__Fungi;p__;c__;o__;f__;g__;s__
OTU3032	k__Fungi;p__;c__;o__;f__;g__;s__
OTU3033	k__Fungi;p__Ascomycota;c__;o__;f__;g__;s__
OTU3034	k__Fungi;p__;c__;o__;f__;g__;s__
OTU3035	k__Fungi;p__Ascomycota;c__Lecanoromycetes;o__;f__;g__;s__
OTU3036	k__Fungi;p__Chytridiomycota;c__;o__;f__;g__;s__
OTU3037	k__Fungi;p__Ascomycota;c__Lecanoromycetes;o__Pertusariales;f__Pertusariaceae;g__Pertusaria;s__obruta
OTU3038	k__Fungi;p__Chytridiomycota;c__Chytridiomycota_cls_Incertae_sedis;o__Chytridiomycota_ord_Incertae_sedis;f__Chytridiomycota_fam_Incertae_sedis;g__Chytridiomycota_gen_Incertae_sedis;s__
OTU3039	k__Fungi;p__Ascomycota;c__Lecanoromycetes;o__;f__;g__;s__
OTU3040	k__Fungi;p__Ascomycota;c__;o__;f__;g__;s__
OTU3041	k__Fungi;p__;c__;o__;f__;g__;s__
OTU3042	k__Fungi;p__;c__;o__;f__;g__;s__
OTU3043	k__Fungi;p__Ascomycota;c__Dothideomycetes;o__Pleosporales;f__Pleosporaceae;g__Stemphylium;s__halophilum
OTU3044	k__Fungi;p__Chytridiomycota;c__;o__;f__;g__;s__
OTU3045	k__Fungi;p__Chytridiomycota;c__Chytridiomycota_cls_Incertae_sedis;o__Chytridiomycota_ord_Incertae_sedis;f__Chytridiomycota_fam_Incertae_sedis;g__Chytridiomycota_gen_Incertae_sedis;s__
OTU3046	k__Fungi;p__Ascomycota;c__Dothideomycetes;o__Pleosporales;f__Didymellaceae;g__Nothophoma;s__taboriae
OTU3047	k__Fungi;p__;c__;o__;f__;g__;s__
OTU3048	k__Fungi;p__;c__;o__;f__;g__;s__
OTU3049	k__Fungi;p__Ascomycota;c__Lecanoromycetes;o__;f__;g__;s__
OTU3050	k__Fungi;p__;c__;o__;f__;g__;s__
OTU3051	k__Fungi;p__Ascomycota;c__;o__;f__;g__;s__
OTU3052	k__Fungi;p__;c__;o__;f__;g__;s__
OTU3053	k__Fungi;p__Ascomycota;c__Lecanoromycetes;o__;f__;g__;s__
OTU3054	k__Fungi;p__;c__;o__;f__;g__;s__
OTU3055	k__Fungi;p__Chytridiomycota;c__;o__;f__;g__;s__
OTU3056	k__Fungi;p__;c__;o__;f__;g__;s__
OTU3057	k__Fungi;p__;c__;o__;f__;g__;s__
OTU3058	k__Fungi;p__Ascomycota;c__Lecanoromycetes;o__;f__;g__;s__
OTU3059	k__Fungi;p__Chytridiomycota;c__Chytridiomycota_cls_Incertae_sedis;o__Chytridiomycota_ord_Incertae_sedis;f__Chytridiomycota_fam_Incertae_sedis;g__Chytridiomycota_gen_Incertae_sedis;s__
OTU3060	k__Fungi;p__;c__;o__;f__;g__;s__
OTU3061	k__Fungi;p__;c__;o__;f__;g__;s__
OTU3062	k__Fungi;p__Ascomycota;c__Lecanoromycetes;o__;f__;g__;s__
OTU3063	k__Fungi;p__;c__;o__;f__;g__;s__
OTU3064	k__Fungi;p__Ascomycota;c__Lecanoromycetes;o__Pertusariales;f__Pertusariaceae;g__Pertusaria;s__obruta
OTU3065	k__Fungi;p__;c__;o__;f__;g__;s__
OTU3066	k__Fungi;p__Ascomycota;c__;o__;f__;g__;s__
OTU3067	k__Fungi;p__;c__;o__;f__;g__;s__
OTU3068	k__Fungi;p__Ascomycota;c__Lecanoromycetes;o__;f__;g__;s__
OTU3069	k__Fungi;p__Ascomycota;c__Lecanoromycetes;o__Graphidales;f__Gomphillaceae;g__Gomphillus;s__calycioides
OTU3070	k__Fungi;p__Ascomycota;c__Lecanoromycetes;o__;f__;g__;s__
OTU3071	k__Fungi;p__Ascomycota;c__Lecanoromycetes;o__Pertusariales;f__Pertusariaceae;g__Pertusaria;s__obruta
OTU3072	k__Fungi;p__;c__;o__;f__;g__;s__
OTU3073	k__Fungi;p__;c__;o__;f__;g__;s__
OTU3074	k__Fungi;p__;c__;o__;f__;g__;s__
OTU3075	k__Fungi;p__Ascomycota;c__;o__;f__;g__;s__
OTU3076	k__Fungi;p__;c__;o__;f__;g__;s__
OTU3077	k__Fungi;p__Ascomycota;c__;o__;f__;g__;s__
OTU3078	k__Fungi;p__Ascomycota;c__;o__;f__;g__;s__
OTU3079	k__Fungi;p__Ascomycota;c__Lecanoromycetes;o__;f__;g__;s__
OTU3080	k__Fungi;p__Ascomycota;c__;o__;f__;g__;s__
OTU3081	k__Fungi;p__;c__;o__;f__;g__;s__
OTU3082	k__Fungi;p__Ascomycota;c__Lecanoromycetes;o__;f__;g__;s__
OTU3083	k__Fungi;p__;c__;o__;f__;g__;s__
OTU3084	k__Fungi;p__Ascomycota;c__Lecanoromycetes;o__;f__;g__;s__
OTU3085	k__Fungi;p__Ascomycota;c__Lecanoromycetes;o__;f__;g__;s__
OTU3086	k__Fungi;p__Ascomycota;c__Lecanoromycetes;o__;f__;g__;s__
OTU3087	k__Fungi;p__;c__;o__;f__;g__;s__
OTU3088	k__Fungi;p__Ascomycota;c__;o__;f__;g__;s__
OTU3089	k__Fungi;p__;c__;o__;f__;g__;s__
OTU3090	k__Fungi;p__Basidiomycota;c__Agaricomycetes;o__Polyporales;f__Polyporaceae;g__Daedaleopsis;s__confragosa
OTU3091	k__Fungi;p__;c__;o__;f__;g__;s__
OTU3092	k__Fungi;p__Ascomycota;c__Lecanoromycetes;o__;f__;g__;s__
OTU3093	k__Fungi;p__Ascomycota;c__Lecanoromycetes;o__;f__;g__;s__
OTU3094	k__Fungi;p__Ascomycota;c__Lecanoromycetes;o__;f__;g__;s__
OTU3095	k__Fungi;p__;c__;o__;f__;g__;s__
OTU3096	k__Fungi;p__Ascomycota;c__;o__;f__;g__;s__
OTU3097	k__Fungi;p__;c__;o__;f__;g__;s__
OTU3098	k__Fungi;p__;c__;o__;f__;g__;s__
OTU3099	k__Fungi;p__Ascomycota;c__;o__;f__;g__;s__
OTU3100	k__Fungi;p__Ascomycota;c__;o__;f__;g__;s__
OTU3101	k__Fungi;p__;c__;o__;f__;g__;s__
OTU3102	k__Fungi;p__;c__;o__;f__;g__;s__
OTU3103	k__Fungi;p__;c__;o__;f__;g__;s__
OTU3104	k__Fungi;p__;c__;o__;f__;g__;s__
OTU3105	k__Fungi;p__;c__;o__;f__;g__;s__
OTU3106	k__Fungi;p__;c__;o__;f__;g__;s__
OTU3107	k__Fungi;p__Ascomycota;c__;o__;f__;g__;s__
OTU3108	k__Fungi;p__;c__;o__;f__;g__;s__
OTU3109	k__Fungi;p__Ascomycota;c__;o__;f__;g__;s__
OTU3110	k__Fungi;p__Ascomycota;c__;o__;f__;g__;s__
OTU3111	k__Fungi;p__;c__;o__;f__;g__;s__
OTU3112	k__Fungi;p__;c__;o__;f__;g__;s__
OTU3113	k__Fungi;p__Ascomycota;c__Lecanoromycetes;o__;f__;g__;s__
OTU3114	k__Fungi;p__;c__;o__;f__;g__;s__
OTU3115	k__Fungi;p__;c__;o__;f__;g__;s__
OTU3116	k__Fungi;p__Ascomycota;c__;o__;f__;g__;s__
OTU3117	k__Fungi;p__Chytridiomycota;c__;o__;f__;g__;s__
OTU3118	k__Fungi;p__Ascomycota;c__Lecanoromycetes;o__;f__;g__;s__
OTU3119	k__Fungi;p__;c__;o__;f__;g__;s__
OTU3120	k__Fungi;p__Ascomycota;c__Lecanoromycetes;o__;f__;g__;s__
OTU3121	k__Fungi;p__;c__;o__;f__;g__;s__
OTU3122	k__Fungi;p__Ascomycota;c__Lecanoromycetes;o__Pertusariales;f__Pertusariaceae;g__Pertusaria;s__obruta
OTU3123	k__Fungi;p__Ascomycota;c__Lecanoromycetes;o__;f__;g__;s__
OTU3124	k__Fungi;p__;c__;o__;f__;g__;s__
OTU3125	k__Fungi;p__Ascomycota;c__;o__;f__;g__;s__
OTU3126	k__Fungi;p__Ascomycota;c__;o__;f__;g__;s__
OTU3127	k__Fungi;p__Ascomycota;c__;o__;f__;g__;s__
OTU3128	k__Fungi;p__;c__;o__;f__;g__;s__
OTU3129	k__Fungi;p__;c__;o__;f__;g__;s__
OTU3130	k__Fungi;p__Ascomycota;c__Lecanoromycetes;o__;f__;g__;s__
OTU3131	k__Fungi;p__Ascomycota;c__Lecanoromycetes;o__;f__;g__;s__
OTU3132	k__Fungi;p__Ascomycota;c__Lecanoromycetes;o__;f__;g__;s__
OTU3133	k__Fungi;p__;c__;o__;f__;g__;s__
OTU3134	k__Fungi;p__Ascomycota;c__;o__;f__;g__;s__
OTU3135	k__Fungi;p__Chytridiomycota;c__Chytridiomycota_cls_Incertae_sedis;o__Chytridiomycota_ord_Incertae_sedis;f__Chytridiomycota_fam_Incertae_sedis;g__Chytridiomycota_gen_Incertae_sedis;s__
OTU3136	k__Fungi;p__Ascomycota;c__;o__;f__;g__;s__
OTU3137	k__Fungi;p__Chytridiomycota;c__;o__;f__;g__;s__
OTU3138	k__Fungi;p__;c__;o__;f__;g__;s__
OTU3139	k__Fungi;p__Chytridiomycota;c__Chytridiomycota_cls_Incertae_sedis;o__Chytridiomycota_ord_Incertae_sedis;f__Chytridiomycota_fam_Incertae_sedis;g__Chytridiomycota_gen_Incertae_sedis;s__
OTU3140	k__Fungi;p__;c__;o__;f__;g__;s__
OTU3141	k__Fungi;p__;c__;o__;f__;g__;s__
OTU3142	k__Fungi;p__Chytridiomycota;c__;o__;f__;g__;s__
OTU3143	k__Fungi;p__;c__;o__;f__;g__;s__
OTU3144	k__Fungi;p__;c__;o__;f__;g__;s__
OTU3145	k__Fungi;p__Ascomycota;c__;o__;f__;g__;s__
OTU3146	k__Fungi;p__;c__;o__;f__;g__;s__
OTU3147	k__Fungi;p__;c__;o__;f__;g__;s__
OTU3148	k__Fungi;p__;c__;o__;f__;g__;s__
OTU3149	k__Fungi;p__;c__;o__;f__;g__;s__
OTU3150	k__Fungi;p__;c__;o__;f__;g__;s__
OTU3151	k__Fungi;p__Ascomycota;c__Saccharomycetes;o__Saccharomycetales;f__Metschnikowiaceae;g__Metschnikowia;s__
OTU3152	k__Fungi;p__Ascomycota;c__Lecanoromycetes;o__Pertusariales;f__Pertusariaceae;g__Pertusaria;s__obruta
OTU3153	k__Fungi;p__;c__;o__;f__;g__;s__
OTU3154	k__Fungi;p__;c__;o__;f__;g__;s__
OTU3155	k__Fungi;p__Ascomycota;c__;o__;f__;g__;s__
OTU3156	k__Fungi;p__;c__;o__;f__;g__;s__
OTU3157	k__Fungi;p__;c__;o__;f__;g__;s__
OTU3158	k__Fungi;p__;c__;o__;f__;g__;s__
OTU3159	k__Fungi;p__Chytridiomycota;c__;o__;f__;g__;s__
OTU3160	k__Fungi;p__;c__;o__;f__;g__;s__
OTU3161	k__Fungi;p__;c__;o__;f__;g__;s__
OTU3162	k__Fungi;p__;c__;o__;f__;g__;s__
OTU3163	k__Fungi;p__Ascomycota;c__Lecanoromycetes;o__;f__;g__;s__
OTU3164	k__Fungi;p__;c__;o__;f__;g__;s__
OTU3165	k__Fungi;p__;c__;o__;f__;g__;s__
OTU3166	k__Fungi;p__Ascomycota;c__Lecanoromycetes;o__Graphidales;f__Gomphillaceae;g__Gomphillus;s__calycioides
OTU3167	k__Fungi;p__Ascomycota;c__Lecanoromycetes;o__Pertusariales;f__Pertusariaceae;g__Pertusaria;s__obruta
OTU3168	k__Fungi;p__Ascomycota;c__Lecanoromycetes;o__;f__;g__;s__
OTU3169	k__Fungi;p__;c__;o__;f__;g__;s__
OTU3170	k__Fungi;p__;c__;o__;f__;g__;s__
OTU3171	k__Fungi;p__;c__;o__;f__;g__;s__
OTU3172	k__Fungi;p__;c__;o__;f__;g__;s__
OTU3173	k__Fungi;p__;c__;o__;f__;g__;s__
OTU3174	k__Fungi;p__;c__;o__;f__;g__;s__
OTU3175	k__Fungi;p__Ascomycota;c__;o__;f__;g__;s__
OTU3176	k__Fungi;p__;c__;o__;f__;g__;s__
OTU3177	k__Fungi;p__Ascomycota;c__;o__;f__;g__;s__
OTU3178	k__Fungi;p__;c__;o__;f__;g__;s__
OTU3179	k__Fungi;p__Ascomycota;c__Lecanoromycetes;o__;f__;g__;s__
OTU3180	k__Fungi;p__Chytridiomycota;c__;o__;f__;g__;s__
OTU3181	k__Fungi;p__Ascomycota;c__Lecanoromycetes;o__Pertusariales;f__Pertusariaceae;g__Pertusaria;s__obruta
OTU3182	k__Fungi;p__Ascomycota;c__;o__;f__;g__;s__
OTU3183	k__Fungi;p__Ascomycota;c__;o__;f__;g__;s__
OTU3184	k__Fungi;p__;c__;o__;f__;g__;s__
OTU3185	k__Fungi;p__;c__;o__;f__;g__;s__
OTU3186	k__Fungi;p__Ascomycota;c__Lecanoromycetes;o__;f__;g__;s__
OTU3187	k__Fungi;p__Ascomycota;c__;o__;f__;g__;s__
OTU3188	k__Fungi;p__Ascomycota;c__Lecanoromycetes;o__Pertusariales;f__Pertusariaceae;g__Pertusaria;s__obruta
OTU3189	k__Fungi;p__Ascomycota;c__Lecanoromycetes;o__;f__;g__;s__
OTU3190	k__Fungi;p__;c__;o__;f__;g__;s__
OTU3191	k__Fungi;p__Ascomycota;c__Lecanoromycetes;o__Pertusariales;f__Pertusariaceae;g__Pertusaria;s__obruta
OTU3192	k__Fungi;p__;c__;o__;f__;g__;s__
OTU3193	k__Fungi;p__Ascomycota;c__;o__;f__;g__;s__
OTU3194	k__Fungi;p__;c__;o__;f__;g__;s__
OTU3195	k__Fungi;p__Ascomycota;c__Lecanoromycetes;o__;f__;g__;s__
OTU3196	k__Fungi;p__Ascomycota;c__;o__;f__;g__;s__
OTU3197	k__Fungi;p__Ascomycota;c__Lecanoromycetes;o__Pertusariales;f__Pertusariaceae;g__Pertusaria;s__obruta
OTU3198	k__Fungi;p__Ascomycota;c__Lecanoromycetes;o__Pertusariales;f__Pertusariaceae;g__Pertusaria;s__obruta
OTU3199	k__Fungi;p__Ascomycota;c__Dothideomycetes;o__Pleosporales;f__Didymellaceae;g__;s__
OTU3200	k__Fungi;p__Ascomycota;c__;o__;f__;g__;s__
OTU3201	k__Fungi;p__;c__;o__;f__;g__;s__
OTU3202	k__Fungi;p__Ascomycota;c__Lecanoromycetes;o__;f__;g__;s__
OTU3203	k__Fungi;p__Ascomycota;c__Lecanoromycetes;o__Pertusariales;f__Pertusariaceae;g__Pertusaria;s__obruta
OTU3204	k__Fungi;p__Ascomycota;c__Lecanoromycetes;o__;f__;g__;s__
OTU3205	k__Fungi;p__Ascomycota;c__Lecanoromycetes;o__;f__;g__;s__
OTU3206	k__Fungi;p__Ascomycota;c__Lecanoromycetes;o__;f__;g__;s__
OTU3207	k__Fungi;p__Ascomycota;c__;o__;f__;g__;s__
OTU3208	k__Fungi;p__Ascomycota;c__;o__;f__;g__;s__
OTU3209	k__Fungi;p__Ascomycota;c__Lecanoromycetes;o__;f__;g__;s__
OTU3210	k__Fungi;p__;c__;o__;f__;g__;s__
OTU3211	k__Fungi;p__;c__;o__;f__;g__;s__
OTU3212	k__Fungi;p__;c__;o__;f__;g__;s__
OTU3213	k__Fungi;p__;c__;o__;f__;g__;s__
OTU3214	k__Fungi;p__;c__;o__;f__;g__;s__
OTU3215	k__Fungi;p__Ascomycota;c__Lecanoromycetes;o__;f__;g__;s__
OTU3216	k__Fungi;p__Ascomycota;c__;o__;f__;g__;s__
OTU3217	k__Fungi;p__Ascomycota;c__Lecanoromycetes;o__;f__;g__;s__
OTU3218	k__Fungi;p__Ascomycota;c__;o__;f__;g__;s__
OTU3219	k__Fungi;p__Ascomycota;c__Lecanoromycetes;o__;f__;g__;s__
OTU3220	k__Fungi;p__Ascomycota;c__;o__;f__;g__;s__
OTU3221	k__Fungi;p__Chytridiomycota;c__;o__;f__;g__;s__
OTU3222	k__Fungi;p__Ascomycota;c__;o__;f__;g__;s__
OTU3223	k__Fungi;p__;c__;o__;f__;g__;s__
OTU3224	k__Fungi;p__;c__;o__;f__;g__;s__
OTU3225	k__Fungi;p__Ascomycota;c__;o__;f__;g__;s__
OTU3226	k__Fungi;p__Ascomycota;c__;o__;f__;g__;s__
OTU3227	k__Fungi;p__;c__;o__;f__;g__;s__
OTU3228	k__Fungi;p__Chytridiomycota;c__Chytridiomycota_cls_Incertae_sedis;o__Chytridiomycota_ord_Incertae_sedis;f__Chytridiomycota_fam_Incertae_sedis;g__Chytridiomycota_gen_Incertae_sedis;s__
OTU3229	k__Fungi;p__;c__;o__;f__;g__;s__
OTU3230	k__Fungi;p__Ascomycota;c__Lecanoromycetes;o__;f__;g__;s__
OTU3231	k__Fungi;p__;c__;o__;f__;g__;s__
OTU3232	k__Fungi;p__;c__;o__;f__;g__;s__
OTU3233	k__Fungi;p__;c__;o__;f__;g__;s__
OTU3234	k__Fungi;p__;c__;o__;f__;g__;s__
OTU3235	k__Fungi;p__Ascomycota;c__Lecanoromycetes;o__Pertusariales;f__Pertusariaceae;g__Pertusaria;s__
OTU3236	k__Fungi;p__Ascomycota;c__;o__;f__;g__;s__
OTU3237	k__Fungi;p__Chytridiomycota;c__Chytridiomycota_cls_Incertae_sedis;o__Chytridiomycota_ord_Incertae_sedis;f__Chytridiomycota_fam_Incertae_sedis;g__Chytridiomycota_gen_Incertae_sedis;s__
OTU3238	k__Fungi;p__;c__;o__;f__;g__;s__
OTU3239	k__Fungi;p__;c__;o__;f__;g__;s__
OTU3240	k__Fungi;p__Ascomycota;c__Lecanoromycetes;o__Pertusariales;f__Pertusariaceae;g__Pertusaria;s__obruta
OTU3241	k__Fungi;p__Ascomycota;c__Lecanoromycetes;o__Pertusariales;f__Pertusariaceae;g__Pertusaria;s__obruta
OTU3242	k__Fungi;p__Ascomycota;c__Lecanoromycetes;o__Pertusariales;f__Pertusariaceae;g__Pertusaria;s__obruta
OTU3243	k__Fungi;p__;c__;o__;f__;g__;s__
OTU3244	k__Fungi;p__Ascomycota;c__;o__;f__;g__;s__
OTU3245	k__Fungi;p__;c__;o__;f__;g__;s__
OTU3246	k__Fungi;p__Ascomycota;c__Lecanoromycetes;o__;f__;g__;s__
OTU3247	k__Fungi;p__Ascomycota;c__Lecanoromycetes;o__Pertusariales;f__Pertusariaceae;g__Pertusaria;s__obruta
OTU3248	k__Fungi;p__;c__;o__;f__;g__;s__
OTU3249	k__Fungi;p__Ascomycota;c__Dothideomycetes;o__Pleosporales;f__Pleosporaceae;g__Alternaria;s__infectoria
OTU3250	k__Fungi;p__;c__;o__;f__;g__;s__
OTU3251	k__Fungi;p__;c__;o__;f__;g__;s__
OTU3252	k__Fungi;p__;c__;o__;f__;g__;s__
OTU3253	k__Fungi;p__Ascomycota;c__;o__;f__;g__;s__
OTU3254	k__Fungi;p__Ascomycota;c__Lecanoromycetes;o__;f__;g__;s__
OTU3255	k__Fungi;p__Ascomycota;c__Lecanoromycetes;o__Pertusariales;f__Pertusariaceae;g__Pertusaria;s__obruta
OTU3256	k__Fungi;p__Ascomycota;c__Lecanoromycetes;o__;f__;g__;s__
OTU3257	k__Fungi;p__Ascomycota;c__Lecanoromycetes;o__;f__;g__;s__
OTU3258	k__Fungi;p__Ascomycota;c__Lecanoromycetes;o__;f__;g__;s__
OTU3259	k__Fungi;p__;c__;o__;f__;g__;s__
OTU3260	k__Fungi;p__;c__;o__;f__;g__;s__
OTU3261	k__Fungi;p__;c__;o__;f__;g__;s__
OTU3262	k__Fungi;p__;c__;o__;f__;g__;s__
OTU3263	k__Fungi;p__Ascomycota;c__;o__;f__;g__;s__
OTU3264	k__Fungi;p__;c__;o__;f__;g__;s__
OTU3265	k__Fungi;p__Ascomycota;c__;o__;f__;g__;s__
OTU3266	k__Fungi;p__;c__;o__;f__;g__;s__
OTU3267	k__Fungi;p__;c__;o__;f__;g__;s__
OTU3268	k__Fungi;p__;c__;o__;f__;g__;s__
OTU3269	k__Fungi;p__;c__;o__;f__;g__;s__
OTU3270	k__Fungi;p__;c__;o__;f__;g__;s__
OTU3271	k__Fungi;p__;c__;o__;f__;g__;s__
OTU3272	k__Fungi;p__;c__;o__;f__;g__;s__
OTU3273	k__Fungi;p__Ascomycota;c__;o__;f__;g__;s__
OTU3274	k__Fungi;p__;c__;o__;f__;g__;s__
OTU3275	k__Fungi;p__Ascomycota;c__;o__;f__;g__;s__
OTU3276	k__Fungi;p__Chytridiomycota;c__;o__;f__;g__;s__
OTU3277	k__Fungi;p__;c__;o__;f__;g__;s__
OTU3278	k__Fungi;p__;c__;o__;f__;g__;s__
OTU3279	k__Fungi;p__Ascomycota;c__Lecanoromycetes;o__;f__;g__;s__
OTU3280	k__Fungi;p__Ascomycota;c__Lecanoromycetes;o__;f__;g__;s__
OTU3281	k__Fungi;p__;c__;o__;f__;g__;s__
OTU3282	k__Fungi;p__Chytridiomycota;c__Chytridiomycota_cls_Incertae_sedis;o__Chytridiomycota_ord_Incertae_sedis;f__Chytridiomycota_fam_Incertae_sedis;g__Chytridiomycota_gen_Incertae_sedis;s__
OTU3283	k__Fungi;p__Ascomycota;c__;o__;f__;g__;s__
OTU3284	k__Fungi;p__Ascomycota;c__;o__;f__;g__;s__
OTU3285	k__Fungi;p__Chytridiomycota;c__;o__;f__;g__;s__
OTU3286	k__Fungi;p__Ascomycota;c__Lecanoromycetes;o__;f__;g__;s__
OTU3287	k__Fungi;p__;c__;o__;f__;g__;s__
OTU3288	k__Fungi;p__Ascomycota;c__;o__;f__;g__;s__
OTU3289	k__Fungi;p__;c__;o__;f__;g__;s__
OTU3290	k__Fungi;p__Ascomycota;c__Lecanoromycetes;o__;f__;g__;s__
OTU3291	k__Fungi;p__Ascomycota;c__;o__;f__;g__;s__
OTU3292	k__Fungi;p__;c__;o__;f__;g__;s__
OTU3293	k__Fungi;p__Chytridiomycota;c__Chytridiomycota_cls_Incertae_sedis;o__Chytridiomycota_ord_Incertae_sedis;f__Chytridiomycota_fam_Incertae_sedis;g__Chytridiomycota_gen_Incertae_sedis;s__
OTU3294	k__Fungi;p__Ascomycota;c__Lecanoromycetes;o__Pertusariales;f__Pertusariaceae;g__Pertusaria;s__obruta
OTU3295	k__Fungi;p__Chytridiomycota;c__Chytridiomycota_cls_Incertae_sedis;o__Chytridiomycota_ord_Incertae_sedis;f__Chytridiomycota_fam_Incertae_sedis;g__Chytridiomycota_gen_Incertae_sedis;s__
OTU3296	k__Fungi;p__;c__;o__;f__;g__;s__
OTU3297	k__Fungi;p__Ascomycota;c__Lecanoromycetes;o__Pertusariales;f__Pertusariaceae;g__Pertusaria;s__obruta
OTU3298	k__Fungi;p__Chytridiomycota;c__;o__;f__;g__;s__
OTU3299	k__Fungi;p__;c__;o__;f__;g__;s__
OTU3300	k__Fungi;p__;c__;o__;f__;g__;s__
OTU3301	k__Fungi;p__Ascomycota;c__Lecanoromycetes;o__;f__;g__;s__
OTU3302	k__Fungi;p__Ascomycota;c__;o__;f__;g__;s__
OTU3303	k__Fungi;p__;c__;o__;f__;g__;s__
OTU3304	k__Fungi;p__Ascomycota;c__Lecanoromycetes;o__;f__;g__;s__
OTU3305	k__Fungi;p__;c__;o__;f__;g__;s__
OTU3306	k__Fungi;p__Ascomycota;c__;o__;f__;g__;s__
OTU3307	k__Fungi;p__Ascomycota;c__Lecanoromycetes;o__Pertusariales;f__Pertusariaceae;g__Pertusaria;s__obruta
OTU3308	k__Fungi;p__Chytridiomycota;c__Chytridiomycota_cls_Incertae_sedis;o__Chytridiomycota_ord_Incertae_sedis;f__Chytridiomycota_fam_Incertae_sedis;g__Chytridiomycota_gen_Incertae_sedis;s__
OTU3309	k__Fungi;p__;c__;o__;f__;g__;s__
OTU3310	k__Fungi;p__;c__;o__;f__;g__;s__
OTU3311	k__Fungi;p__Ascomycota;c__Lecanoromycetes;o__Pertusariales;f__Pertusariaceae;g__Pertusaria;s__obruta
OTU3312	k__Fungi;p__;c__;o__;f__;g__;s__
OTU3313	k__Fungi;p__;c__;o__;f__;g__;s__
OTU3314	k__Fungi;p__;c__;o__;f__;g__;s__
OTU3315	k__Fungi;p__;c__;o__;f__;g__;s__
OTU3316	k__Fungi;p__Ascomycota;c__Lecanoromycetes;o__;f__;g__;s__
OTU3317	k__Fungi;p__Chytridiomycota;c__;o__;f__;g__;s__
OTU3318	k__Fungi;p__Ascomycota;c__Lecanoromycetes;o__;f__;g__;s__
OTU3319	k__Fungi;p__Chytridiomycota;c__Chytridiomycota_cls_Incertae_sedis;o__Chytridiomycota_ord_Incertae_sedis;f__Chytridiomycota_fam_Incertae_sedis;g__Chytridiomycota_gen_Incertae_sedis;s__
OTU3320	k__Fungi;p__Ascomycota;c__;o__;f__;g__;s__
OTU3321	k__Fungi;p__Ascomycota;c__;o__;f__;g__;s__
OTU3322	k__Fungi;p__Ascomycota;c__Lecanoromycetes;o__;f__;g__;s__
OTU3323	k__Fungi;p__Chytridiomycota;c__;o__;f__;g__;s__
OTU3324	k__Fungi;p__Basidiomycota;c__Tremellomycetes;o__Cystofilobasidiales;f__Cystofilobasidiaceae;g__Cystofilobasidium;s__capitatum
OTU3325	k__Fungi;p__;c__;o__;f__;g__;s__
OTU3326	k__Fungi;p__Ascomycota;c__;o__;f__;g__;s__
OTU3327	k__Fungi;p__Chytridiomycota;c__;o__;f__;g__;s__
OTU3328	k__Fungi;p__;c__;o__;f__;g__;s__
OTU3329	k__Fungi;p__;c__;o__;f__;g__;s__
OTU3330	k__Fungi;p__;c__;o__;f__;g__;s__
OTU3331	k__Fungi;p__Chytridiomycota;c__;o__;f__;g__;s__
OTU3332	k__Fungi;p__Ascomycota;c__Laboulbeniomycetes;o__Pyxidiophorales;f__Pyxidiophoraceae;g__Pyxidiophora;s__arvernensis
OTU3333	k__Fungi;p__;c__;o__;f__;g__;s__
OTU3334	k__Fungi;p__;c__;o__;f__;g__;s__
OTU3335	k__Fungi;p__Ascomycota;c__Lecanoromycetes;o__;f__;g__;s__
OTU3336	k__Fungi;p__;c__;o__;f__;g__;s__
OTU3337	k__Fungi;p__Chytridiomycota;c__;o__;f__;g__;s__
OTU3338	k__Fungi;p__Ascomycota;c__Lecanoromycetes;o__;f__;g__;s__
OTU3339	k__Fungi;p__;c__;o__;f__;g__;s__
OTU3340	k__Fungi;p__Ascomycota;c__;o__;f__;g__;s__
OTU3341	k__Fungi;p__Ascomycota;c__;o__;f__;g__;s__
OTU3342	k__Fungi;p__;c__;o__;f__;g__;s__
OTU3343	k__Fungi;p__;c__;o__;f__;g__;s__
OTU3344	k__Fungi;p__;c__;o__;f__;g__;s__
OTU3345	k__Fungi;p__;c__;o__;f__;g__;s__
OTU3346	k__Fungi;p__;c__;o__;f__;g__;s__
OTU3347	k__Fungi;p__Ascomycota;c__;o__;f__;g__;s__
OTU3348	k__Fungi;p__Ascomycota;c__;o__;f__;g__;s__
OTU3349	k__Fungi;p__Chytridiomycota;c__;o__;f__;g__;s__
OTU3350	k__Fungi;p__;c__;o__;f__;g__;s__
OTU3351	k__Fungi;p__Ascomycota;c__Lecanoromycetes;o__;f__;g__;s__
OTU3352	k__Fungi;p__;c__;o__;f__;g__;s__
OTU3353	k__Fungi;p__;c__;o__;f__;g__;s__
OTU3354	k__Fungi;p__Chytridiomycota;c__Chytridiomycota_cls_Incertae_sedis;o__Chytridiomycota_ord_Incertae_sedis;f__Chytridiomycota_fam_Incertae_sedis;g__Chytridiomycota_gen_Incertae_sedis;s__
OTU3355	k__Fungi;p__;c__;o__;f__;g__;s__
OTU3356	k__Fungi;p__;c__;o__;f__;g__;s__
OTU3357	k__Fungi;p__;c__;o__;f__;g__;s__
OTU3358	k__Fungi;p__Ascomycota;c__Lecanoromycetes;o__;f__;g__;s__
OTU3359	k__Fungi;p__Ascomycota;c__;o__;f__;g__;s__
OTU3360	k__Fungi;p__;c__;o__;f__;g__;s__
OTU3361	k__Fungi;p__Chytridiomycota;c__;o__;f__;g__;s__
OTU3362	k__Fungi;p__;c__;o__;f__;g__;s__
OTU3363	k__Fungi;p__Ascomycota;c__;o__;f__;g__;s__
OTU3364	k__Fungi;p__;c__;o__;f__;g__;s__
OTU3365	k__Fungi;p__;c__;o__;f__;g__;s__
OTU3366	k__Fungi;p__Ascomycota;c__;o__;f__;g__;s__
OTU3367	k__Fungi;p__Chytridiomycota;c__;o__;f__;g__;s__
OTU3368	k__Fungi;p__Ascomycota;c__Lecanoromycetes;o__;f__;g__;s__
OTU3369	k__Fungi;p__Ascomycota;c__Lecanoromycetes;o__;f__;g__;s__
OTU3370	k__Fungi;p__Ascomycota;c__;o__;f__;g__;s__
OTU3371	k__Fungi;p__Ascomycota;c__Lecanoromycetes;o__;f__;g__;s__
OTU3372	k__Fungi;p__Ascomycota;c__Lecanoromycetes;o__;f__;g__;s__
OTU3373	k__Fungi;p__Ascomycota;c__;o__;f__;g__;s__
OTU3374	k__Fungi;p__Ascomycota;c__;o__;f__;g__;s__
OTU3375	k__Fungi;p__Ascomycota;c__Lecanoromycetes;o__;f__;g__;s__
OTU3376	k__Fungi;p__;c__;o__;f__;g__;s__
OTU3377	k__Fungi;p__Ascomycota;c__Lecanoromycetes;o__;f__;g__;s__
OTU3378	k__Fungi;p__Ascomycota;c__Lecanoromycetes;o__;f__;g__;s__
OTU3379	k__Fungi;p__;c__;o__;f__;g__;s__
OTU3380	k__Fungi;p__Ascomycota;c__Lecanoromycetes;o__;f__;g__;s__
OTU3381	k__Fungi;p__;c__;o__;f__;g__;s__
OTU3382	k__Fungi;p__Chytridiomycota;c__;o__;f__;g__;s__
OTU3383	k__Fungi;p__;c__;o__;f__;g__;s__
OTU3384	k__Fungi;p__Ascomycota;c__;o__;f__;g__;s__
OTU3385	k__Fungi;p__Ascomycota;c__Saccharomycetes;o__Saccharomycetales;f__Metschnikowiaceae;g__Metschnikowia;s__
OTU3386	k__Fungi;p__;c__;o__;f__;g__;s__
OTU3387	k__Fungi;p__;c__;o__;f__;g__;s__
OTU3388	k__Fungi;p__;c__;o__;f__;g__;s__
OTU3389	k__Fungi;p__Ascomycota;c__;o__;f__;g__;s__
OTU3390	k__Fungi;p__Ascomycota;c__;o__;f__;g__;s__
OTU3391	k__Fungi;p__Ascomycota;c__;o__;f__;g__;s__
OTU3392	k__Fungi;p__;c__;o__;f__;g__;s__
OTU3393	k__Fungi;p__Ascomycota;c__;o__;f__;g__;s__
OTU3394	k__Fungi;p__;c__;o__;f__;g__;s__
OTU3395	k__Fungi;p__;c__;o__;f__;g__;s__
OTU3396	k__Fungi;p__;c__;o__;f__;g__;s__
OTU3397	k__Fungi;p__;c__;o__;f__;g__;s__
OTU3398	k__Fungi;p__;c__;o__;f__;g__;s__
OTU3399	k__Fungi;p__;c__;o__;f__;g__;s__
OTU3400	k__Fungi;p__Ascomycota;c__;o__;f__;g__;s__
OTU3401	k__Fungi;p__Ascomycota;c__;o__;f__;g__;s__
OTU3402	k__Fungi;p__;c__;o__;f__;g__;s__
OTU3403	k__Fungi;p__Ascomycota;c__Lecanoromycetes;o__;f__;g__;s__
OTU3404	k__Fungi;p__Ascomycota;c__;o__;f__;g__;s__
OTU3405	k__Fungi;p__Ascomycota;c__;o__;f__;g__;s__
OTU3406	k__Fungi;p__;c__;o__;f__;g__;s__
OTU3407	k__Fungi;p__Chytridiomycota;c__;o__;f__;g__;s__
OTU3408	k__Fungi;p__Ascomycota;c__Lecanoromycetes;o__;f__;g__;s__
OTU3409	k__Fungi;p__Ascomycota;c__;o__;f__;g__;s__
OTU3410	k__Fungi;p__Ascomycota;c__;o__;f__;g__;s__
OTU3411	k__Fungi;p__;c__;o__;f__;g__;s__
OTU3412	k__Fungi;p__Ascomycota;c__Lecanoromycetes;o__Pertusariales;f__Pertusariaceae;g__Pertusaria;s__obruta
OTU3413	k__Fungi;p__;c__;o__;f__;g__;s__
OTU3414	k__Fungi;p__;c__;o__;f__;g__;s__
OTU3415	k__Fungi;p__;c__;o__;f__;g__;s__
OTU3416	k__Fungi;p__;c__;o__;f__;g__;s__
OTU3417	k__Fungi;p__Ascomycota;c__Lecanoromycetes;o__Pertusariales;f__Pertusariaceae;g__Pertusaria;s__obruta
OTU3418	k__Fungi;p__Ascomycota;c__Lecanoromycetes;o__Pertusariales;f__Pertusariaceae;g__Pertusaria;s__obruta
OTU3419	k__Fungi;p__;c__;o__;f__;g__;s__
OTU3420	k__Fungi;p__;c__;o__;f__;g__;s__
OTU3421	k__Fungi;p__;c__;o__;f__;g__;s__
OTU3422	k__Fungi;p__;c__;o__;f__;g__;s__
OTU3423	k__Fungi;p__Ascomycota;c__;o__;f__;g__;s__
OTU3424	k__Fungi;p__;c__;o__;f__;g__;s__
OTU3425	k__Fungi;p__;c__;o__;f__;g__;s__
OTU3426	k__Fungi;p__;c__;o__;f__;g__;s__
OTU3427	k__Fungi;p__Ascomycota;c__Lecanoromycetes;o__;f__;g__;s__
OTU3428	k__Fungi;p__Ascomycota;c__Lecanoromycetes;o__Pertusariales;f__Pertusariaceae;g__Pertusaria;s__obruta
OTU3429	k__Fungi;p__Ascomycota;c__;o__;f__;g__;s__
OTU3430	k__Fungi;p__Ascomycota;c__Lecanoromycetes;o__Pertusariales;f__Pertusariaceae;g__Pertusaria;s__obruta
OTU3431	k__Fungi;p__;c__;o__;f__;g__;s__
OTU3432	k__Fungi;p__Ascomycota;c__;o__;f__;g__;s__
OTU3433	k__Fungi;p__Ascomycota;c__Lecanoromycetes;o__;f__;g__;s__
OTU3434	k__Fungi;p__Ascomycota;c__Lecanoromycetes;o__;f__;g__;s__
OTU3435	k__Fungi;p__Ascomycota;c__;o__;f__;g__;s__
OTU3436	k__Fungi;p__;c__;o__;f__;g__;s__
OTU3437	k__Fungi;p__;c__;o__;f__;g__;s__
OTU3438	k__Fungi;p__Ascomycota;c__Lecanoromycetes;o__;f__;g__;s__
OTU3439	k__Fungi;p__Chytridiomycota;c__Chytridiomycota_cls_Incertae_sedis;o__Chytridiomycota_ord_Incertae_sedis;f__Chytridiomycota_fam_Incertae_sedis;g__Chytridiomycota_gen_Incertae_sedis;s__
OTU3440	k__Fungi;p__Ascomycota;c__Lecanoromycetes;o__Pertusariales;f__Pertusariaceae;g__Pertusaria;s__obruta
OTU3441	k__Fungi;p__Chytridiomycota;c__;o__;f__;g__;s__
OTU3442	k__Fungi;p__;c__;o__;f__;g__;s__
OTU3443	k__Fungi;p__;c__;o__;f__;g__;s__
OTU3444	k__Fungi;p__;c__;o__;f__;g__;s__
OTU3445	k__Fungi;p__;c__;o__;f__;g__;s__
OTU3446	k__Fungi;p__Ascomycota;c__Lecanoromycetes;o__;f__;g__;s__
OTU3447	k__Fungi;p__Ascomycota;c__Lecanoromycetes;o__;f__;g__;s__
OTU3448	k__Fungi;p__Ascomycota;c__Lecanoromycetes;o__;f__;g__;s__
OTU3449	k__Fungi;p__Ascomycota;c__Lecanoromycetes;o__;f__;g__;s__
OTU3450	k__Fungi;p__;c__;o__;f__;g__;s__
OTU3451	k__Fungi;p__Ascomycota;c__;o__;f__;g__;s__
OTU3452	k__Fungi;p__Ascomycota;c__Lecanoromycetes;o__;f__;g__;s__
OTU3453	k__Fungi;p__Ascomycota;c__;o__;f__;g__;s__
OTU3454	k__Fungi;p__Ascomycota;c__Lecanoromycetes;o__;f__;g__;s__
OTU3455	k__Fungi;p__Ascomycota;c__Lecanoromycetes;o__Pertusariales;f__Pertusariaceae;g__Pertusaria;s__obruta
OTU3456	k__Fungi;p__Ascomycota;c__Lecanoromycetes;o__;f__;g__;s__
OTU3457	k__Fungi;p__Ascomycota;c__;o__;f__;g__;s__
OTU3458	k__Fungi;p__Chytridiomycota;c__Chytridiomycota_cls_Incertae_sedis;o__Chytridiomycota_ord_Incertae_sedis;f__Chytridiomycota_fam_Incertae_sedis;g__Chytridiomycota_gen_Incertae_sedis;s__
OTU3459	k__Fungi;p__Ascomycota;c__;o__;f__;g__;s__
OTU3460	k__Fungi;p__;c__;o__;f__;g__;s__
OTU3461	k__Fungi;p__;c__;o__;f__;g__;s__
OTU3462	k__Fungi;p__Ascomycota;c__;o__;f__;g__;s__
OTU3463	k__Fungi;p__Ascomycota;c__;o__;f__;g__;s__
OTU3464	k__Fungi;p__;c__;o__;f__;g__;s__
OTU3465	k__Fungi;p__;c__;o__;f__;g__;s__
OTU3466	k__Fungi;p__;c__;o__;f__;g__;s__
OTU3467	k__Fungi;p__;c__;o__;f__;g__;s__
OTU3468	k__Fungi;p__;c__;o__;f__;g__;s__
OTU3469	k__Fungi;p__Ascomycota;c__Dothideomycetes;o__Pleosporales;f__Phaeosphaeriaceae;g__Septoriella;s__
OTU3470	k__Fungi;p__Ascomycota;c__;o__;f__;g__;s__
OTU3471	k__Fungi;p__Ascomycota;c__;o__;f__;g__;s__
OTU3472	k__Fungi;p__Chytridiomycota;c__;o__;f__;g__;s__
OTU3473	k__Fungi;p__;c__;o__;f__;g__;s__
OTU3474	k__Fungi;p__Ascomycota;c__;o__;f__;g__;s__
OTU3475	k__Fungi;p__;c__;o__;f__;g__;s__
OTU3476	k__Fungi;p__;c__;o__;f__;g__;s__
OTU3477	k__Fungi;p__Ascomycota;c__Dothideomycetes;o__Cladosporiales;f__Cladosporiaceae;g__Davidiella;s__
OTU3478	k__Fungi;p__Ascomycota;c__Lecanoromycetes;o__;f__;g__;s__
OTU3479	k__Fungi;p__Chytridiomycota;c__;o__;f__;g__;s__
OTU3480	k__Fungi;p__;c__;o__;f__;g__;s__
OTU3481	k__Fungi;p__Basidiomycota;c__Tremellomycetes;o__Filobasidiales;f__Filobasidiaceae;g__Filobasidium;s__floriforme
OTU3482	k__Fungi;p__;c__;o__;f__;g__;s__
OTU3483	k__Fungi;p__Ascomycota;c__;o__;f__;g__;s__
OTU3484	k__Fungi;p__;c__;o__;f__;g__;s__
OTU3485	k__Fungi;p__;c__;o__;f__;g__;s__
OTU3486	k__Fungi;p__Ascomycota;c__;o__;f__;g__;s__
OTU3487	k__Fungi;p__Ascomycota;c__Lecanoromycetes;o__;f__;g__;s__
OTU3488	k__Fungi;p__Ascomycota;c__Dothideomycetes;o__Pleosporales;f__Didymellaceae;g__Nothophoma;s__taboriae
OTU3489	k__Fungi;p__Ascomycota;c__Lecanoromycetes;o__;f__;g__;s__
OTU3490	k__Fungi;p__;c__;o__;f__;g__;s__
OTU3491	k__Fungi;p__;c__;o__;f__;g__;s__
OTU3492	k__Fungi;p__Ascomycota;c__;o__;f__;g__;s__
OTU3493	k__Fungi;p__Chytridiomycota;c__Chytridiomycota_cls_Incertae_sedis;o__Chytridiomycota_ord_Incertae_sedis;f__Chytridiomycota_fam_Incertae_sedis;g__Chytridiomycota_gen_Incertae_sedis;s__
OTU3494	k__Fungi;p__Ascomycota;c__Lecanoromycetes;o__Pertusariales;f__Pertusariaceae;g__Pertusaria;s__obruta
OTU3495	k__Fungi;p__;c__;o__;f__;g__;s__
OTU3496	k__Fungi;p__;c__;o__;f__;g__;s__
OTU3497	k__Fungi;p__Ascomycota;c__;o__;f__;g__;s__
OTU3498	k__Fungi;p__;c__;o__;f__;g__;s__
OTU3499	k__Fungi;p__Ascomycota;c__;o__;f__;g__;s__
OTU3500	k__Fungi;p__;c__;o__;f__;g__;s__
OTU3501	k__Fungi;p__Ascomycota;c__Lecanoromycetes;o__;f__;g__;s__
OTU3502	k__Fungi;p__Ascomycota;c__;o__;f__;g__;s__
OTU3503	k__Fungi;p__;c__;o__;f__;g__;s__
OTU3504	k__Fungi;p__;c__;o__;f__;g__;s__
OTU3505	k__Fungi;p__Ascomycota;c__;o__;f__;g__;s__
OTU3506	k__Fungi;p__;c__;o__;f__;g__;s__
OTU3507	k__Fungi;p__Ascomycota;c__Lecanoromycetes;o__Pertusariales;f__Pertusariaceae;g__Pertusaria;s__obruta
OTU3508	k__Fungi;p__Ascomycota;c__Lecanoromycetes;o__Pertusariales;f__Pertusariaceae;g__Pertusaria;s__obruta
OTU3509	k__Fungi;p__Chytridiomycota;c__Chytridiomycota_cls_Incertae_sedis;o__Chytridiomycota_ord_Incertae_sedis;f__Chytridiomycota_fam_Incertae_sedis;g__Chytridiomycota_gen_Incertae_sedis;s__
OTU3510	k__Fungi;p__;c__;o__;f__;g__;s__
OTU3511	k__Fungi;p__Ascomycota;c__Lecanoromycetes;o__;f__;g__;s__
OTU3512	k__Fungi;p__;c__;o__;f__;g__;s__
OTU3513	k__Fungi;p__Ascomycota;c__Lecanoromycetes;o__;f__;g__;s__
OTU3514	k__Fungi;p__Chytridiomycota;c__Chytridiomycota_cls_Incertae_sedis;o__Chytridiomycota_ord_Incertae_sedis;f__Chytridiomycota_fam_Incertae_sedis;g__Chytridiomycota_gen_Incertae_sedis;s__
OTU3515	k__Fungi;p__;c__;o__;f__;g__;s__
OTU3516	k__Fungi;p__Chytridiomycota;c__;o__;f__;g__;s__
OTU3517	k__Fungi;p__;c__;o__;f__;g__;s__
OTU3518	k__Fungi;p__Ascomycota;c__;o__;f__;g__;s__
OTU3519	k__Fungi;p__Ascomycota;c__Lecanoromycetes;o__Pertusariales;f__Pertusariaceae;g__Pertusaria;s__obruta
OTU3520	k__Fungi;p__;c__;o__;f__;g__;s__
OTU3521	k__Fungi;p__Ascomycota;c__Lecanoromycetes;o__;f__;g__;s__
OTU3522	k__Fungi;p__Ascomycota;c__Lecanoromycetes;o__;f__;g__;s__
OTU3523	k__Fungi;p__Ascomycota;c__Lecanoromycetes;o__;f__;g__;s__
OTU3524	k__Fungi;p__;c__;o__;f__;g__;s__
OTU3525	k__Fungi;p__;c__;o__;f__;g__;s__
OTU3526	k__Fungi;p__;c__;o__;f__;g__;s__
OTU3527	k__Fungi;p__Ascomycota;c__Lecanoromycetes;o__;f__;g__;s__
OTU3528	k__Fungi;p__Ascomycota;c__Lecanoromycetes;o__Pertusariales;f__Pertusariaceae;g__Pertusaria;s__obruta
OTU3529	k__Fungi;p__;c__;o__;f__;g__;s__
OTU3530	k__Fungi;p__;c__;o__;f__;g__;s__
OTU3531	k__Fungi;p__Ascomycota;c__Lecanoromycetes;o__;f__;g__;s__
OTU3532	k__Fungi;p__Ascomycota;c__;o__;f__;g__;s__
OTU3533	k__Fungi;p__Ascomycota;c__;o__;f__;g__;s__
OTU3534	k__Fungi;p__Ascomycota;c__;o__;f__;g__;s__
OTU3535	k__Fungi;p__Ascomycota;c__Lecanoromycetes;o__Pertusariales;f__Pertusariaceae;g__Pertusaria;s__obruta
OTU3536	k__Fungi;p__;c__;o__;f__;g__;s__
OTU3537	k__Fungi;p__;c__;o__;f__;g__;s__
OTU3538	k__Fungi;p__Ascomycota;c__;o__;f__;g__;s__
OTU3539	k__Fungi;p__;c__;o__;f__;g__;s__
OTU3540	k__Fungi;p__;c__;o__;f__;g__;s__
OTU3541	k__Fungi;p__;c__;o__;f__;g__;s__
OTU3542	k__Fungi;p__Ascomycota;c__Lecanoromycetes;o__;f__;g__;s__
OTU3543	k__Fungi;p__;c__;o__;f__;g__;s__
OTU3544	k__Fungi;p__Ascomycota;c__Lecanoromycetes;o__;f__;g__;s__
OTU3545	k__Fungi;p__Ascomycota;c__;o__;f__;g__;s__
OTU3546	k__Fungi;p__Ascomycota;c__Lecanoromycetes;o__;f__;g__;s__
OTU3547	k__Fungi;p__Ascomycota;c__Lecanoromycetes;o__Pertusariales;f__Pertusariaceae;g__Pertusaria;s__obruta
OTU3548	k__Fungi;p__Ascomycota;c__;o__;f__;g__;s__
OTU3549	k__Fungi;p__;c__;o__;f__;g__;s__
OTU3550	k__Fungi;p__Ascomycota;c__;o__;f__;g__;s__
OTU3551	k__Fungi;p__Ascomycota;c__Lecanoromycetes;o__;f__;g__;s__
OTU3552	k__Fungi;p__Ascomycota;c__Lecanoromycetes;o__Pertusariales;f__Pertusariaceae;g__Pertusaria;s__obruta
OTU3553	k__Fungi;p__Ascomycota;c__Lecanoromycetes;o__Pertusariales;f__Pertusariaceae;g__Pertusaria;s__obruta
OTU3554	k__Fungi;p__Ascomycota;c__;o__;f__;g__;s__
OTU3555	k__Fungi;p__Ascomycota;c__;o__;f__;g__;s__
OTU3556	k__Fungi;p__;c__;o__;f__;g__;s__
OTU3557	k__Fungi;p__;c__;o__;f__;g__;s__
OTU3558	k__Fungi;p__Ascomycota;c__Lecanoromycetes;o__;f__;g__;s__
OTU3559	k__Fungi;p__;c__;o__;f__;g__;s__
OTU3560	k__Fungi;p__Ascomycota;c__Lecanoromycetes;o__;f__;g__;s__
OTU3561	k__Fungi;p__;c__;o__;f__;g__;s__
OTU3562	k__Fungi;p__;c__;o__;f__;g__;s__
OTU3563	k__Fungi;p__;c__;o__;f__;g__;s__
OTU3564	k__Fungi;p__Chytridiomycota;c__Chytridiomycota_cls_Incertae_sedis;o__Chytridiomycota_ord_Incertae_sedis;f__;g__;s__
OTU3565	k__Fungi;p__;c__;o__;f__;g__;s__
OTU3566	k__Fungi;p__;c__;o__;f__;g__;s__
OTU3567	k__Fungi;p__Ascomycota;c__;o__;f__;g__;s__
OTU3568	k__Fungi;p__;c__;o__;f__;g__;s__
OTU3569	k__Fungi;p__;c__;o__;f__;g__;s__
OTU3570	k__Fungi;p__;c__;o__;f__;g__;s__
OTU3571	k__Fungi;p__;c__;o__;f__;g__;s__
OTU3572	k__Fungi;p__;c__;o__;f__;g__;s__
OTU3573	k__Fungi;p__;c__;o__;f__;g__;s__
OTU3574	k__Fungi;p__Ascomycota;c__;o__;f__;g__;s__
OTU3575	k__Fungi;p__Ascomycota;c__;o__;f__;g__;s__
OTU3576	k__Fungi;p__;c__;o__;f__;g__;s__
OTU3577	k__Fungi;p__;c__;o__;f__;g__;s__
OTU3578	k__Fungi;p__;c__;o__;f__;g__;s__
OTU3579	k__Fungi;p__;c__;o__;f__;g__;s__
OTU3580	k__Fungi;p__Ascomycota;c__Lecanoromycetes;o__Pertusariales;f__Pertusariaceae;g__Pertusaria;s__obruta
OTU3581	k__Fungi;p__Ascomycota;c__Lecanoromycetes;o__;f__;g__;s__
OTU3582	k__Fungi;p__;c__;o__;f__;g__;s__
OTU3583	k__Fungi;p__Ascomycota;c__Lecanoromycetes;o__Pertusariales;f__Pertusariaceae;g__Pertusaria;s__obruta
OTU3584	k__Fungi;p__Ascomycota;c__Lecanoromycetes;o__;f__;g__;s__
OTU3585	k__Fungi;p__;c__;o__;f__;g__;s__
OTU3586	k__Fungi;p__;c__;o__;f__;g__;s__
OTU3587	k__Fungi;p__Chytridiomycota;c__;o__;f__;g__;s__
OTU3588	k__Fungi;p__Ascomycota;c__Lecanoromycetes;o__Pertusariales;f__Pertusariaceae;g__Pertusaria;s__obruta
OTU3589	k__Fungi;p__Ascomycota;c__Lecanoromycetes;o__;f__;g__;s__
OTU3590	k__Fungi;p__;c__;o__;f__;g__;s__
OTU3591	k__Fungi;p__;c__;o__;f__;g__;s__
OTU3592	k__Fungi;p__;c__;o__;f__;g__;s__
OTU3593	k__Fungi;p__;c__;o__;f__;g__;s__
OTU3594	k__Fungi;p__Ascomycota;c__;o__;f__;g__;s__
OTU3595	k__Fungi;p__;c__;o__;f__;g__;s__
OTU3596	k__Fungi;p__;c__;o__;f__;g__;s__
OTU3597	k__Fungi;p__;c__;o__;f__;g__;s__
OTU3598	k__Fungi;p__Ascomycota;c__Lecanoromycetes;o__;f__;g__;s__
OTU3599	k__Fungi;p__Chytridiomycota;c__;o__;f__;g__;s__
OTU3600	k__Fungi;p__;c__;o__;f__;g__;s__
OTU3601	k__Fungi;p__;c__;o__;f__;g__;s__
OTU3602	k__Fungi;p__Ascomycota;c__Lecanoromycetes;o__Pertusariales;f__Pertusariaceae;g__Pertusaria;s__obruta
OTU3603	k__Fungi;p__;c__;o__;f__;g__;s__
OTU3604	k__Fungi;p__Ascomycota;c__Lecanoromycetes;o__;f__;g__;s__
OTU3605	k__Fungi;p__Ascomycota;c__Lecanoromycetes;o__;f__;g__;s__
OTU3606	k__Fungi;p__;c__;o__;f__;g__;s__
OTU3607	k__Fungi;p__;c__;o__;f__;g__;s__
OTU3608	k__Fungi;p__Ascomycota;c__Lecanoromycetes;o__Graphidales;f__Gomphillaceae;g__Gomphillus;s__calycioides
OTU3609	k__Fungi;p__;c__;o__;f__;g__;s__
OTU3610	k__Fungi;p__;c__;o__;f__;g__;s__
OTU3611	k__Fungi;p__Ascomycota;c__Dothideomycetes;o__Pleosporales;f__Phaeosphaeriaceae;g__Parastagonospora;s__allouniseptata
OTU3612	k__Fungi;p__Ascomycota;c__Lecanoromycetes;o__Pertusariales;f__Pertusariaceae;g__Pertusaria;s__obruta
OTU3613	k__Fungi;p__;c__;o__;f__;g__;s__
OTU3614	k__Fungi;p__Ascomycota;c__;o__;f__;g__;s__
OTU3615	k__Fungi;p__;c__;o__;f__;g__;s__
OTU3616	k__Fungi;p__Chytridiomycota;c__;o__;f__;g__;s__
OTU3617	k__Fungi;p__Chytridiomycota;c__;o__;f__;g__;s__
OTU3618	k__Fungi;p__;c__;o__;f__;g__;s__
OTU3619	k__Fungi;p__;c__;o__;f__;g__;s__
OTU3620	k__Fungi;p__;c__;o__;f__;g__;s__
OTU3621	k__Fungi;p__;c__;o__;f__;g__;s__
OTU3622	k__Fungi;p__;c__;o__;f__;g__;s__
OTU3623	k__Fungi;p__Ascomycota;c__Lecanoromycetes;o__;f__;g__;s__
OTU3624	k__Fungi;p__;c__;o__;f__;g__;s__
OTU3625	k__Fungi;p__;c__;o__;f__;g__;s__
OTU3626	k__Fungi;p__;c__;o__;f__;g__;s__
OTU3627	k__Fungi;p__Ascomycota;c__Lecanoromycetes;o__Pertusariales;f__Pertusariaceae;g__Pertusaria;s__obruta
OTU3628	k__Fungi;p__Ascomycota;c__Lecanoromycetes;o__;f__;g__;s__
OTU3629	k__Fungi;p__Ascomycota;c__Lecanoromycetes;o__;f__;g__;s__
OTU3630	k__Fungi;p__;c__;o__;f__;g__;s__
OTU3631	k__Fungi;p__Ascomycota;c__Lecanoromycetes;o__;f__;g__;s__
OTU3632	k__Fungi;p__Ascomycota;c__;o__;f__;g__;s__
OTU3633	k__Fungi;p__;c__;o__;f__;g__;s__
OTU3634	k__Fungi;p__;c__;o__;f__;g__;s__
OTU3635	k__Fungi;p__;c__;o__;f__;g__;s__
OTU3636	k__Fungi;p__Ascomycota;c__Lecanoromycetes;o__Pertusariales;f__Pertusariaceae;g__Pertusaria;s__obruta
OTU3637	k__Fungi;p__;c__;o__;f__;g__;s__
OTU3638	k__Fungi;p__;c__;o__;f__;g__;s__
OTU3639	k__Fungi;p__Chytridiomycota;c__;o__;f__;g__;s__
OTU3640	k__Fungi;p__;c__;o__;f__;g__;s__
OTU3641	k__Fungi;p__Ascomycota;c__Saccharomycetes;o__Saccharomycetales;f__Metschnikowiaceae;g__Metschnikowia;s__
OTU3642	k__Fungi;p__Ascomycota;c__Sordariomycetes;o__;f__;g__;s__
OTU3643	k__Fungi;p__Ascomycota;c__Lecanoromycetes;o__;f__;g__;s__
OTU3644	k__Fungi;p__Ascomycota;c__Lecanoromycetes;o__;f__;g__;s__
OTU3645	k__Fungi;p__;c__;o__;f__;g__;s__
OTU3646	k__Fungi;p__;c__;o__;f__;g__;s__
OTU3647	k__Fungi;p__;c__;o__;f__;g__;s__
OTU3648	k__Fungi;p__Ascomycota;c__Lecanoromycetes;o__;f__;g__;s__
OTU3649	k__Fungi;p__;c__;o__;f__;g__;s__
OTU3650	k__Fungi;p__Ascomycota;c__;o__;f__;g__;s__
OTU3651	k__Fungi;p__Ascomycota;c__Lecanoromycetes;o__;f__;g__;s__
OTU3652	k__Fungi;p__Ascomycota;c__Lecanoromycetes;o__Pertusariales;f__Pertusariaceae;g__Pertusaria;s__obruta
OTU3653	k__Fungi;p__Ascomycota;c__Lecanoromycetes;o__;f__;g__;s__
OTU3654	k__Fungi;p__;c__;o__;f__;g__;s__
OTU3655	k__Fungi;p__Ascomycota;c__Lecanoromycetes;o__Pertusariales;f__Pertusariaceae;g__Pertusaria;s__obruta
OTU3656	k__Fungi;p__Ascomycota;c__Lecanoromycetes;o__;f__;g__;s__
OTU3657	k__Fungi;p__Ascomycota;c__Lecanoromycetes;o__;f__;g__;s__
OTU3658	k__Fungi;p__;c__;o__;f__;g__;s__
OTU3659	k__Fungi;p__Ascomycota;c__Lecanoromycetes;o__;f__;g__;s__
OTU3660	k__Fungi;p__Ascomycota;c__;o__;f__;g__;s__
OTU3661	k__Fungi;p__Ascomycota;c__Lecanoromycetes;o__Pertusariales;f__Pertusariaceae;g__Pertusaria;s__obruta
OTU3662	k__Fungi;p__Ascomycota;c__;o__;f__;g__;s__
OTU3663	k__Fungi;p__;c__;o__;f__;g__;s__
OTU3664	k__Fungi;p__;c__;o__;f__;g__;s__
OTU3665	k__Fungi;p__;c__;o__;f__;g__;s__
OTU3666	k__Fungi;p__;c__;o__;f__;g__;s__
OTU3667	k__Fungi;p__;c__;o__;f__;g__;s__
OTU3668	k__Fungi;p__;c__;o__;f__;g__;s__
OTU3669	k__Fungi;p__Ascomycota;c__Lecanoromycetes;o__;f__;g__;s__
OTU3670	k__Fungi;p__Ascomycota;c__Lecanoromycetes;o__;f__;g__;s__
OTU3671	k__Fungi;p__Fungi_phy_Incertae_sedis;c__Fungi_cls_Incertae_sedis;o__Fungi_ord_Incertae_sedis;f__Fungi_fam_Incertae_sedis;g__Fungi_gen_Incertae_sedis;s__
OTU3672	k__Fungi;p__Ascomycota;c__Lecanoromycetes;o__;f__;g__;s__
OTU3673	k__Fungi;p__Ascomycota;c__Lecanoromycetes;o__;f__;g__;s__
OTU3674	k__Fungi;p__Ascomycota;c__Lecanoromycetes;o__;f__;g__;s__
OTU3675	k__Fungi;p__Ascomycota;c__Lecanoromycetes;o__;f__;g__;s__
OTU3676	k__Fungi;p__Ascomycota;c__;o__;f__;g__;s__
OTU3677	k__Fungi;p__Ascomycota;c__;o__;f__;g__;s__
OTU3678	k__Fungi;p__;c__;o__;f__;g__;s__
OTU3679	k__Fungi;p__Ascomycota;c__Lecanoromycetes;o__;f__;g__;s__
OTU3680	k__Fungi;p__Ascomycota;c__Lecanoromycetes;o__;f__;g__;s__
OTU3681	k__Fungi;p__Ascomycota;c__Lecanoromycetes;o__;f__;g__;s__
OTU3682	k__Fungi;p__Ascomycota;c__Lecanoromycetes;o__Pertusariales;f__Pertusariaceae;g__Pertusaria;s__obruta
OTU3683	k__Fungi;p__;c__;o__;f__;g__;s__
OTU3684	k__Fungi;p__Ascomycota;c__Lecanoromycetes;o__;f__;g__;s__
OTU3685	k__Fungi;p__;c__;o__;f__;g__;s__
OTU3686	k__Fungi;p__;c__;o__;f__;g__;s__
OTU3687	k__Fungi;p__Ascomycota;c__Lecanoromycetes;o__Pertusariales;f__Pertusariaceae;g__Pertusaria;s__obruta
OTU3688	k__Fungi;p__Ascomycota;c__Lecanoromycetes;o__;f__;g__;s__
OTU3689	k__Fungi;p__;c__;o__;f__;g__;s__
OTU3690	k__Fungi;p__Ascomycota;c__;o__;f__;g__;s__
OTU3691	k__Fungi;p__;c__;o__;f__;g__;s__
OTU3692	k__Fungi;p__;c__;o__;f__;g__;s__
OTU3693	k__Fungi;p__;c__;o__;f__;g__;s__
OTU3694	k__Fungi;p__;c__;o__;f__;g__;s__
OTU3695	k__Fungi;p__;c__;o__;f__;g__;s__
OTU3696	k__Fungi;p__;c__;o__;f__;g__;s__
OTU3697	k__Fungi;p__;c__;o__;f__;g__;s__
OTU3698	k__Fungi;p__;c__;o__;f__;g__;s__
OTU3699	k__Fungi;p__Ascomycota;c__Lecanoromycetes;o__;f__;g__;s__
OTU3700	k__Fungi;p__;c__;o__;f__;g__;s__
OTU3701	k__Fungi;p__;c__;o__;f__;g__;s__
OTU3702	k__Fungi;p__Chytridiomycota;c__Chytridiomycota_cls_Incertae_sedis;o__Chytridiomycota_ord_Incertae_sedis;f__Chytridiomycota_fam_Incertae_sedis;g__Chytridiomycota_gen_Incertae_sedis;s__
OTU3703	k__Fungi;p__Chytridiomycota;c__;o__;f__;g__;s__
OTU3704	k__Fungi;p__;c__;o__;f__;g__;s__
OTU3705	k__Fungi;p__;c__;o__;f__;g__;s__
OTU3706	k__Fungi;p__Ascomycota;c__Lecanoromycetes;o__;f__;g__;s__
OTU3707	k__Fungi;p__Chytridiomycota;c__Chytridiomycota_cls_Incertae_sedis;o__Chytridiomycota_ord_Incertae_sedis;f__Chytridiomycota_fam_Incertae_sedis;g__Chytridiomycota_gen_Incertae_sedis;s__
OTU3708	k__Fungi;p__Ascomycota;c__Lecanoromycetes;o__;f__;g__;s__
OTU3709	k__Fungi;p__;c__;o__;f__;g__;s__
OTU3710	k__Fungi;p__;c__;o__;f__;g__;s__
OTU3711	k__Fungi;p__;c__;o__;f__;g__;s__
OTU3712	k__Fungi;p__;c__;o__;f__;g__;s__
OTU3713	k__Fungi;p__;c__;o__;f__;g__;s__
OTU3714	k__Fungi;p__;c__;o__;f__;g__;s__
OTU3715	k__Fungi;p__;c__;o__;f__;g__;s__
OTU3716	k__Fungi;p__Ascomycota;c__Lecanoromycetes;o__;f__;g__;s__
OTU3717	k__Fungi;p__;c__;o__;f__;g__;s__
OTU3718	k__Fungi;p__;c__;o__;f__;g__;s__
OTU3719	k__Fungi;p__;c__;o__;f__;g__;s__
OTU3720	k__Fungi;p__;c__;o__;f__;g__;s__
OTU3721	k__Fungi;p__Chytridiomycota;c__Chytridiomycota_cls_Incertae_sedis;o__Chytridiomycota_ord_Incertae_sedis;f__Chytridiomycota_fam_Incertae_sedis;g__Chytridiomycota_gen_Incertae_sedis;s__
OTU3722	k__Fungi;p__;c__;o__;f__;g__;s__
OTU3723	k__Fungi;p__;c__;o__;f__;g__;s__
OTU3724	k__Fungi;p__;c__;o__;f__;g__;s__
OTU3725	k__Fungi;p__Ascomycota;c__;o__;f__;g__;s__
OTU3726	k__Fungi;p__;c__;o__;f__;g__;s__
OTU3727	k__Fungi;p__;c__;o__;f__;g__;s__
OTU3728	k__Fungi;p__Chytridiomycota;c__;o__;f__;g__;s__
OTU3729	k__Fungi;p__Chytridiomycota;c__Chytridiomycota_cls_Incertae_sedis;o__Chytridiomycota_ord_Incertae_sedis;f__Chytridiomycota_fam_Incertae_sedis;g__Chytridiomycota_gen_Incertae_sedis;s__
OTU3730	k__Fungi;p__;c__;o__;f__;g__;s__
OTU3731	k__Fungi;p__;c__;o__;f__;g__;s__
OTU3732	k__Fungi;p__;c__;o__;f__;g__;s__
OTU3733	k__Fungi;p__;c__;o__;f__;g__;s__
OTU3734	k__Fungi;p__;c__;o__;f__;g__;s__
OTU3735	k__Fungi;p__Ascomycota;c__Lecanoromycetes;o__Pertusariales;f__Pertusariaceae;g__Pertusaria;s__obruta
OTU3736	k__Fungi;p__Ascomycota;c__;o__;f__;g__;s__
OTU3737	k__Fungi;p__Ascomycota;c__Lecanoromycetes;o__Graphidales;f__Gomphillaceae;g__Gomphillus;s__calycioides
OTU3738	k__Fungi;p__Ascomycota;c__;o__;f__;g__;s__
OTU3739	k__Fungi;p__;c__;o__;f__;g__;s__
OTU3740	k__Fungi;p__Ascomycota;c__Lecanoromycetes;o__;f__;g__;s__
OTU3741	k__Fungi;p__Ascomycota;c__;o__;f__;g__;s__
OTU3742	k__Fungi;p__;c__;o__;f__;g__;s__
OTU3743	k__Fungi;p__;c__;o__;f__;g__;s__
OTU3744	k__Fungi;p__;c__;o__;f__;g__;s__
OTU3745	k__Fungi;p__;c__;o__;f__;g__;s__
OTU3746	k__Fungi;p__;c__;o__;f__;g__;s__
OTU3747	k__Fungi;p__Ascomycota;c__Lecanoromycetes;o__;f__;g__;s__
OTU3748	k__Fungi;p__;c__;o__;f__;g__;s__
OTU3749	k__Fungi;p__;c__;o__;f__;g__;s__
OTU3750	k__Fungi;p__Ascomycota;c__Lecanoromycetes;o__;f__;g__;s__
OTU3751	k__Fungi;p__;c__;o__;f__;g__;s__
OTU3752	k__Fungi;p__Chytridiomycota;c__;o__;f__;g__;s__
OTU3753	k__Fungi;p__;c__;o__;f__;g__;s__
OTU3754	k__Fungi;p__;c__;o__;f__;g__;s__
OTU3755	k__Fungi;p__;c__;o__;f__;g__;s__
OTU3756	k__Fungi;p__Ascomycota;c__Lecanoromycetes;o__;f__;g__;s__
OTU3757	k__Fungi;p__Ascomycota;c__Lecanoromycetes;o__;f__;g__;s__
OTU3758	k__Fungi;p__;c__;o__;f__;g__;s__
OTU3759	k__Fungi;p__Ascomycota;c__;o__;f__;g__;s__
OTU3760	k__Fungi;p__Ascomycota;c__;o__;f__;g__;s__
OTU3761	k__Fungi;p__Chytridiomycota;c__;o__;f__;g__;s__
OTU3762	k__Fungi;p__;c__;o__;f__;g__;s__
OTU3763	k__Fungi;p__;c__;o__;f__;g__;s__
OTU3764	k__Fungi;p__Ascomycota;c__;o__;f__;g__;s__
OTU3765	k__Fungi;p__Ascomycota;c__Lecanoromycetes;o__Pertusariales;f__Pertusariaceae;g__Pertusaria;s__obruta
OTU3766	k__Fungi;p__;c__;o__;f__;g__;s__
OTU3767	k__Fungi;p__Ascomycota;c__Dothideomycetes;o__Pleosporales;f__Didymellaceae;g__;s__
OTU3768	k__Fungi;p__;c__;o__;f__;g__;s__
OTU3769	k__Fungi;p__;c__;o__;f__;g__;s__
OTU3770	k__Fungi;p__Ascomycota;c__Lecanoromycetes;o__;f__;g__;s__
OTU3771	k__Fungi;p__Ascomycota;c__Lecanoromycetes;o__Graphidales;f__Gomphillaceae;g__Gomphillus;s__calycioides
OTU3772	k__Fungi;p__Chytridiomycota;c__;o__;f__;g__;s__
OTU3773	k__Fungi;p__;c__;o__;f__;g__;s__
OTU3774	k__Fungi;p__;c__;o__;f__;g__;s__
OTU3775	k__Fungi;p__Ascomycota;c__;o__;f__;g__;s__
OTU3776	k__Fungi;p__Chytridiomycota;c__;o__;f__;g__;s__
OTU3777	k__Fungi;p__Ascomycota;c__Lecanoromycetes;o__Pertusariales;f__Pertusariaceae;g__Pertusaria;s__obruta
OTU3778	k__Fungi;p__;c__;o__;f__;g__;s__
OTU3779	k__Fungi;p__Ascomycota;c__Lecanoromycetes;o__Pertusariales;f__Pertusariaceae;g__Pertusaria;s__obruta
OTU3780	k__Fungi;p__Ascomycota;c__Lecanoromycetes;o__;f__;g__;s__
OTU3781	k__Fungi;p__;c__;o__;f__;g__;s__
OTU3782	k__Fungi;p__Ascomycota;c__Lecanoromycetes;o__;f__;g__;s__
OTU3783	k__Fungi;p__Ascomycota;c__;o__;f__;g__;s__
OTU3784	k__Fungi;p__Ascomycota;c__Lecanoromycetes;o__;f__;g__;s__
OTU3785	k__Fungi;p__;c__;o__;f__;g__;s__
OTU3786	k__Fungi;p__;c__;o__;f__;g__;s__
OTU3787	k__Fungi;p__Ascomycota;c__Lecanoromycetes;o__;f__;g__;s__
OTU3788	k__Fungi;p__Ascomycota;c__;o__;f__;g__;s__
OTU3789	k__Fungi;p__Ascomycota;c__;o__;f__;g__;s__
OTU3790	k__Fungi;p__Ascomycota;c__Lecanoromycetes;o__;f__;g__;s__
OTU3791	k__Fungi;p__Ascomycota;c__Lecanoromycetes;o__;f__;g__;s__
OTU3792	k__Fungi;p__Chytridiomycota;c__Chytridiomycota_cls_Incertae_sedis;o__Chytridiomycota_ord_Incertae_sedis;f__Chytridiomycota_fam_Incertae_sedis;g__Chytridiomycota_gen_Incertae_sedis;s__
OTU3793	k__Fungi;p__;c__;o__;f__;g__;s__
OTU3794	k__Fungi;p__;c__;o__;f__;g__;s__
OTU3795	k__Fungi;p__Ascomycota;c__Lecanoromycetes;o__;f__;g__;s__
OTU3796	k__Fungi;p__Ascomycota;c__;o__;f__;g__;s__
OTU3797	k__Fungi;p__;c__;o__;f__;g__;s__
OTU3798	k__Fungi;p__Ascomycota;c__Lecanoromycetes;o__Pertusariales;f__Pertusariaceae;g__Pertusaria;s__obruta
OTU3799	k__Fungi;p__;c__;o__;f__;g__;s__
OTU3800	k__Fungi;p__Ascomycota;c__Lecanoromycetes;o__;f__;g__;s__
OTU3801	k__Fungi;p__;c__;o__;f__;g__;s__
OTU3802	k__Fungi;p__Ascomycota;c__;o__;f__;g__;s__
OTU3803	k__Fungi;p__;c__;o__;f__;g__;s__
OTU3804	k__Fungi;p__Ascomycota;c__;o__;f__;g__;s__
OTU3805	k__Fungi;p__Ascomycota;c__Lecanoromycetes;o__;f__;g__;s__
OTU3806	k__Fungi;p__;c__;o__;f__;g__;s__
OTU3807	k__Fungi;p__Ascomycota;c__Lecanoromycetes;o__;f__;g__;s__
OTU3808	k__Fungi;p__Ascomycota;c__Lecanoromycetes;o__;f__;g__;s__
OTU3809	k__Fungi;p__Mucoromycota;c__Mucoromycetes;o__Mucorales;f__Mucoraceae;g__Mucor;s__circinelloides
OTU3810	k__Fungi;p__;c__;o__;f__;g__;s__
OTU3811	k__Fungi;p__Chytridiomycota;c__Chytridiomycota_cls_Incertae_sedis;o__Chytridiomycota_ord_Incertae_sedis;f__Chytridiomycota_fam_Incertae_sedis;g__Chytridiomycota_gen_Incertae_sedis;s__
OTU3812	k__Fungi;p__;c__;o__;f__;g__;s__
OTU3813	k__Fungi;p__;c__;o__;f__;g__;s__
OTU3814	k__Fungi;p__;c__;o__;f__;g__;s__
OTU3815	k__Fungi;p__;c__;o__;f__;g__;s__
OTU3816	k__Fungi;p__Chytridiomycota;c__;o__;f__;g__;s__
OTU3817	k__Fungi;p__;c__;o__;f__;g__;s__
OTU3818	k__Fungi;p__;c__;o__;f__;g__;s__
OTU3819	k__Fungi;p__Ascomycota;c__;o__;f__;g__;s__
OTU3820	k__Fungi;p__Ascomycota;c__Lecanoromycetes;o__;f__;g__;s__
OTU3821	k__Fungi;p__;c__;o__;f__;g__;s__
OTU3822	k__Fungi;p__Ascomycota;c__;o__;f__;g__;s__
OTU3823	k__Fungi;p__Chytridiomycota;c__;o__;f__;g__;s__
OTU3824	k__Fungi;p__Ascomycota;c__;o__;f__;g__;s__
OTU3825	k__Fungi;p__;c__;o__;f__;g__;s__
OTU3826	k__Fungi;p__;c__;o__;f__;g__;s__
OTU3827	k__Fungi;p__;c__;o__;f__;g__;s__
OTU3828	k__Fungi;p__Ascomycota;c__;o__;f__;g__;s__
OTU3829	k__Fungi;p__;c__;o__;f__;g__;s__
OTU3830	k__Fungi;p__;c__;o__;f__;g__;s__
OTU3831	k__Fungi;p__Ascomycota;c__;o__;f__;g__;s__
OTU3832	k__Fungi;p__;c__;o__;f__;g__;s__
OTU3833	k__Fungi;p__Ascomycota;c__;o__;f__;g__;s__
OTU3834	k__Fungi;p__Ascomycota;c__;o__;f__;g__;s__
OTU3835	k__Fungi;p__;c__;o__;f__;g__;s__
OTU3836	k__Fungi;p__;c__;o__;f__;g__;s__
OTU3837	k__Fungi;p__Ascomycota;c__;o__;f__;g__;s__
OTU3838	k__Fungi;p__Ascomycota;c__Lecanoromycetes;o__;f__;g__;s__
OTU3839	k__Fungi;p__;c__;o__;f__;g__;s__
OTU3840	k__Fungi;p__;c__;o__;f__;g__;s__
OTU3841	k__Fungi;p__;c__;o__;f__;g__;s__
OTU3842	k__Fungi;p__;c__;o__;f__;g__;s__
OTU3843	k__Fungi;p__;c__;o__;f__;g__;s__
OTU3844	k__Fungi;p__;c__;o__;f__;g__;s__
OTU3845	k__Fungi;p__;c__;o__;f__;g__;s__
OTU3846	k__Fungi;p__;c__;o__;f__;g__;s__
OTU3847	k__Fungi;p__;c__;o__;f__;g__;s__
OTU3848	k__Fungi;p__;c__;o__;f__;g__;s__
OTU3849	k__Fungi;p__Chytridiomycota;c__Chytridiomycota_cls_Incertae_sedis;o__Chytridiomycota_ord_Incertae_sedis;f__Chytridiomycota_fam_Incertae_sedis;g__Chytridiomycota_gen_Incertae_sedis;s__
OTU3850	k__Fungi;p__Ascomycota;c__Lecanoromycetes;o__;f__;g__;s__
OTU3851	k__Fungi;p__Ascomycota;c__;o__;f__;g__;s__
OTU3852	k__Fungi;p__Ascomycota;c__Lecanoromycetes;o__;f__;g__;s__
OTU3853	k__Fungi;p__Ascomycota;c__Lecanoromycetes;o__;f__;g__;s__
OTU3854	k__Fungi;p__;c__;o__;f__;g__;s__
OTU3855	k__Fungi;p__;c__;o__;f__;g__;s__
OTU3856	k__Fungi;p__Ascomycota;c__Dothideomycetes;o__Pleosporales;f__Pleosporaceae;g__;s__
OTU3857	k__Fungi;p__Ascomycota;c__;o__;f__;g__;s__
OTU3858	k__Fungi;p__;c__;o__;f__;g__;s__
OTU3859	k__Fungi;p__Ascomycota;c__Lecanoromycetes;o__;f__;g__;s__
OTU3860	k__Fungi;p__Ascomycota;c__Lecanoromycetes;o__;f__;g__;s__
OTU3861	k__Fungi;p__;c__;o__;f__;g__;s__
OTU3862	k__Fungi;p__;c__;o__;f__;g__;s__
OTU3863	k__Fungi;p__Ascomycota;c__Lecanoromycetes;o__;f__;g__;s__
OTU3864	k__Fungi;p__Ascomycota;c__;o__;f__;g__;s__
OTU3865	k__Fungi;p__;c__;o__;f__;g__;s__
OTU3866	k__Fungi;p__;c__;o__;f__;g__;s__
OTU3867	k__Fungi;p__;c__;o__;f__;g__;s__
OTU3868	k__Fungi;p__Ascomycota;c__Lecanoromycetes;o__;f__;g__;s__
OTU3869	k__Fungi;p__Ascomycota;c__Lecanoromycetes;o__Pertusariales;f__Pertusariaceae;g__Pertusaria;s__obruta
OTU3870	k__Fungi;p__;c__;o__;f__;g__;s__
OTU3871	k__Fungi;p__Chytridiomycota;c__Chytridiomycota_cls_Incertae_sedis;o__Chytridiomycota_ord_Incertae_sedis;f__Chytridiomycota_fam_Incertae_sedis;g__Chytridiomycota_gen_Incertae_sedis;s__
OTU3872	k__Fungi;p__Ascomycota;c__Lecanoromycetes;o__Pertusariales;f__Pertusariaceae;g__Pertusaria;s__obruta
OTU3873	k__Fungi;p__Chytridiomycota;c__;o__;f__;g__;s__
OTU3874	k__Fungi;p__Ascomycota;c__Lecanoromycetes;o__;f__;g__;s__
OTU3875	k__Fungi;p__;c__;o__;f__;g__;s__
OTU3876	k__Fungi;p__Ascomycota;c__Lecanoromycetes;o__Pertusariales;f__Pertusariaceae;g__Pertusaria;s__obruta
OTU3877	k__Fungi;p__;c__;o__;f__;g__;s__
OTU3878	k__Fungi;p__Ascomycota;c__Lecanoromycetes;o__;f__;g__;s__
OTU3879	k__Fungi;p__Chytridiomycota;c__;o__;f__;g__;s__
OTU3880	k__Fungi;p__Ascomycota;c__Lecanoromycetes;o__;f__;g__;s__
OTU3881	k__Fungi;p__;c__;o__;f__;g__;s__
OTU3882	k__Fungi;p__;c__;o__;f__;g__;s__
OTU3883	k__Fungi;p__Ascomycota;c__;o__;f__;g__;s__
OTU3884	k__Fungi;p__Ascomycota;c__Lecanoromycetes;o__Pertusariales;f__Pertusariaceae;g__Pertusaria;s__obruta
OTU3885	k__Fungi;p__Ascomycota;c__;o__;f__;g__;s__
OTU3886	k__Fungi;p__;c__;o__;f__;g__;s__
OTU3887	k__Fungi;p__Chytridiomycota;c__;o__;f__;g__;s__
OTU3888	k__Fungi;p__;c__;o__;f__;g__;s__
OTU3889	k__Fungi;p__Basidiomycota;c__Wallemiomycetes;o__Wallemiales;f__Wallemiaceae;g__Wallemia;s__sebi
OTU3890	k__Fungi;p__;c__;o__;f__;g__;s__
OTU3891	k__Fungi;p__Chytridiomycota;c__;o__;f__;g__;s__
OTU3892	k__Fungi;p__;c__;o__;f__;g__;s__
OTU3893	k__Fungi;p__Chytridiomycota;c__;o__;f__;g__;s__
OTU3894	k__Fungi;p__Ascomycota;c__;o__;f__;g__;s__
OTU3895	k__Fungi;p__Ascomycota;c__;o__;f__;g__;s__
OTU3896	k__Fungi;p__Ascomycota;c__Lecanoromycetes;o__;f__;g__;s__
OTU3897	k__Fungi;p__Ascomycota;c__Lecanoromycetes;o__;f__;g__;s__
OTU3898	k__Fungi;p__Ascomycota;c__;o__;f__;g__;s__
OTU3899	k__Fungi;p__;c__;o__;f__;g__;s__
OTU3900	k__Fungi;p__;c__;o__;f__;g__;s__
OTU3901	k__Fungi;p__Ascomycota;c__;o__;f__;g__;s__
OTU3902	k__Fungi;p__;c__;o__;f__;g__;s__
OTU3903	k__Fungi;p__;c__;o__;f__;g__;s__
OTU3904	k__Fungi;p__Ascomycota;c__;o__;f__;g__;s__
OTU3905	k__Fungi;p__Ascomycota;c__;o__;f__;g__;s__
OTU3906	k__Fungi;p__Ascomycota;c__;o__;f__;g__;s__
OTU3907	k__Fungi;p__Ascomycota;c__;o__;f__;g__;s__
OTU3908	k__Fungi;p__Ascomycota;c__;o__;f__;g__;s__
OTU3909	k__Fungi;p__Ascomycota;c__;o__;f__;g__;s__
OTU3910	k__Fungi;p__Ascomycota;c__Lecanoromycetes;o__;f__;g__;s__
OTU3911	k__Fungi;p__Chytridiomycota;c__;o__;f__;g__;s__
OTU3912	k__Fungi;p__;c__;o__;f__;g__;s__
OTU3913	k__Fungi;p__Chytridiomycota;c__Chytridiomycota_cls_Incertae_sedis;o__Chytridiomycota_ord_Incertae_sedis;f__Chytridiomycota_fam_Incertae_sedis;g__Chytridiomycota_gen_Incertae_sedis;s__
OTU3914	k__Fungi;p__Ascomycota;c__Lecanoromycetes;o__;f__;g__;s__
OTU3915	k__Fungi;p__Ascomycota;c__Lecanoromycetes;o__;f__;g__;s__
OTU3916	k__Fungi;p__Ascomycota;c__Lecanoromycetes;o__Graphidales;f__Gomphillaceae;g__Gomphillus;s__calycioides
OTU3917	k__Fungi;p__;c__;o__;f__;g__;s__
OTU3918	k__Fungi;p__Ascomycota;c__Lecanoromycetes;o__;f__;g__;s__
OTU3919	k__Fungi;p__Chytridiomycota;c__;o__;f__;g__;s__
OTU3920	k__Fungi;p__;c__;o__;f__;g__;s__
OTU3921	k__Fungi;p__;c__;o__;f__;g__;s__
OTU3922	k__Fungi;p__;c__;o__;f__;g__;s__
OTU3923	k__Fungi;p__;c__;o__;f__;g__;s__
OTU3924	k__Fungi;p__;c__;o__;f__;g__;s__
OTU3925	k__Fungi;p__Ascomycota;c__Lecanoromycetes;o__;f__;g__;s__
OTU3926	k__Fungi;p__Ascomycota;c__Lecanoromycetes;o__Pertusariales;f__Pertusariaceae;g__Pertusaria;s__obruta
OTU3927	k__Fungi;p__Ascomycota;c__;o__;f__;g__;s__
OTU3928	k__Fungi;p__Ascomycota;c__Lecanoromycetes;o__Pertusariales;f__Pertusariaceae;g__Pertusaria;s__obruta
OTU3929	k__Fungi;p__Ascomycota;c__;o__;f__;g__;s__
OTU3930	k__Fungi;p__;c__;o__;f__;g__;s__
OTU3931	k__Fungi;p__;c__;o__;f__;g__;s__
OTU3932	k__Fungi;p__;c__;o__;f__;g__;s__
OTU3933	k__Fungi;p__Chytridiomycota;c__;o__;f__;g__;s__
OTU3934	k__Fungi;p__Ascomycota;c__Lecanoromycetes;o__;f__;g__;s__
OTU3935	k__Fungi;p__Ascomycota;c__;o__;f__;g__;s__
OTU3936	k__Fungi;p__;c__;o__;f__;g__;s__
OTU3937	k__Fungi;p__Chytridiomycota;c__;o__;f__;g__;s__
OTU3938	k__Fungi;p__Chytridiomycota;c__;o__;f__;g__;s__
OTU3939	k__Fungi;p__;c__;o__;f__;g__;s__
OTU3940	k__Fungi;p__;c__;o__;f__;g__;s__
OTU3941	k__Fungi;p__;c__;o__;f__;g__;s__
OTU3942	k__Fungi;p__Ascomycota;c__Lecanoromycetes;o__;f__;g__;s__
OTU3943	k__Fungi;p__;c__;o__;f__;g__;s__
OTU3944	k__Fungi;p__Ascomycota;c__Lecanoromycetes;o__;f__;g__;s__
OTU3945	k__Fungi;p__Ascomycota;c__;o__;f__;g__;s__
OTU3946	k__Fungi;p__Ascomycota;c__Lecanoromycetes;o__;f__;g__;s__
OTU3947	k__Fungi;p__;c__;o__;f__;g__;s__
OTU3948	k__Fungi;p__Ascomycota;c__;o__;f__;g__;s__
OTU3949	k__Fungi;p__;c__;o__;f__;g__;s__
OTU3950	k__Fungi;p__Ascomycota;c__;o__;f__;g__;s__
OTU3951	k__Fungi;p__;c__;o__;f__;g__;s__
OTU3952	k__Fungi;p__Ascomycota;c__Lecanoromycetes;o__Pertusariales;f__Pertusariaceae;g__Pertusaria;s__obruta
OTU3953	k__Fungi;p__;c__;o__;f__;g__;s__
OTU3954	k__Fungi;p__Ascomycota;c__;o__;f__;g__;s__
OTU3955	k__Fungi;p__Ascomycota;c__;o__;f__;g__;s__
OTU3956	k__Fungi;p__Ascomycota;c__;o__;f__;g__;s__
OTU3957	k__Fungi;p__;c__;o__;f__;g__;s__
OTU3958	k__Fungi;p__Ascomycota;c__;o__;f__;g__;s__
OTU3959	k__Fungi;p__;c__;o__;f__;g__;s__
OTU3960	k__Fungi;p__Ascomycota;c__;o__;f__;g__;s__
OTU3961	k__Fungi;p__Ascomycota;c__Lecanoromycetes;o__;f__;g__;s__
OTU3962	k__Fungi;p__;c__;o__;f__;g__;s__
OTU3963	k__Fungi;p__;c__;o__;f__;g__;s__
OTU3964	k__Fungi;p__Chytridiomycota;c__Chytridiomycota_cls_Incertae_sedis;o__Chytridiomycota_ord_Incertae_sedis;f__Chytridiomycota_fam_Incertae_sedis;g__Chytridiomycota_gen_Incertae_sedis;s__
OTU3965	k__Fungi;p__;c__;o__;f__;g__;s__
OTU3966	k__Fungi;p__;c__;o__;f__;g__;s__
OTU3967	k__Fungi;p__Ascomycota;c__;o__;f__;g__;s__
OTU3968	k__Fungi;p__;c__;o__;f__;g__;s__
OTU3969	k__Fungi;p__;c__;o__;f__;g__;s__
OTU3970	k__Fungi;p__;c__;o__;f__;g__;s__
OTU3971	k__Fungi;p__Ascomycota;c__;o__;f__;g__;s__
OTU3972	k__Fungi;p__Ascomycota;c__Lecanoromycetes;o__;f__;g__;s__
OTU3973	k__Fungi;p__Chytridiomycota;c__;o__;f__;g__;s__
OTU3974	k__Fungi;p__Chytridiomycota;c__Chytridiomycota_cls_Incertae_sedis;o__Chytridiomycota_ord_Incertae_sedis;f__Chytridiomycota_fam_Incertae_sedis;g__Chytridiomycota_gen_Incertae_sedis;s__
OTU3975	k__Fungi;p__Chytridiomycota;c__Chytridiomycota_cls_Incertae_sedis;o__Chytridiomycota_ord_Incertae_sedis;f__Chytridiomycota_fam_Incertae_sedis;g__Chytridiomycota_gen_Incertae_sedis;s__
OTU3976	k__Fungi;p__;c__;o__;f__;g__;s__
OTU3977	k__Fungi;p__Ascomycota;c__Lecanoromycetes;o__;f__;g__;s__
OTU3978	k__Fungi;p__;c__;o__;f__;g__;s__
OTU3979	k__Fungi;p__Ascomycota;c__Lecanoromycetes;o__;f__;g__;s__
OTU3980	k__Fungi;p__;c__;o__;f__;g__;s__
OTU3981	k__Fungi;p__Ascomycota;c__Lecanoromycetes;o__;f__;g__;s__
OTU3982	k__Fungi;p__;c__;o__;f__;g__;s__
OTU3983	k__Fungi;p__;c__;o__;f__;g__;s__
OTU3984	k__Fungi;p__Ascomycota;c__;o__;f__;g__;s__
OTU3985	k__Fungi;p__;c__;o__;f__;g__;s__
OTU3986	k__Fungi;p__;c__;o__;f__;g__;s__
OTU3987	k__Fungi;p__;c__;o__;f__;g__;s__
OTU3988	k__Fungi;p__Ascomycota;c__Lecanoromycetes;o__Pertusariales;f__Pertusariaceae;g__Pertusaria;s__obruta
OTU3989	k__Fungi;p__Chytridiomycota;c__Chytridiomycota_cls_Incertae_sedis;o__Chytridiomycota_ord_Incertae_sedis;f__Chytridiomycota_fam_Incertae_sedis;g__Chytridiomycota_gen_Incertae_sedis;s__
OTU3990	k__Fungi;p__Chytridiomycota;c__Chytridiomycota_cls_Incertae_sedis;o__Chytridiomycota_ord_Incertae_sedis;f__Chytridiomycota_fam_Incertae_sedis;g__Chytridiomycota_gen_Incertae_sedis;s__
OTU3991	k__Fungi;p__Ascomycota;c__Lecanoromycetes;o__Pertusariales;f__Pertusariaceae;g__Pertusaria;s__obruta
OTU3992	k__Fungi;p__;c__;o__;f__;g__;s__
OTU3993	k__Fungi;p__Ascomycota;c__Lecanoromycetes;o__;f__;g__;s__
OTU3994	k__Fungi;p__Chytridiomycota;c__;o__;f__;g__;s__
OTU3995	k__Fungi;p__;c__;o__;f__;g__;s__
OTU3996	k__Fungi;p__Ascomycota;c__;o__;f__;g__;s__
OTU3997	k__Fungi;p__;c__;o__;f__;g__;s__
OTU3998	k__Fungi;p__;c__;o__;f__;g__;s__
OTU3999	k__Fungi;p__;c__;o__;f__;g__;s__
OTU4000	k__Fungi;p__Ascomycota;c__;o__;f__;g__;s__
OTU4001	k__Fungi;p__Chytridiomycota;c__;o__;f__;g__;s__
OTU4002	k__Fungi;p__Ascomycota;c__;o__;f__;g__;s__
OTU4003	k__Fungi;p__Ascomycota;c__;o__;f__;g__;s__
OTU4004	k__Fungi;p__;c__;o__;f__;g__;s__
OTU4005	k__Fungi;p__;c__;o__;f__;g__;s__
OTU4006	k__Fungi;p__Ascomycota;c__Lecanoromycetes;o__Pertusariales;f__Pertusariaceae;g__Pertusaria;s__obruta
OTU4007	k__Fungi;p__Ascomycota;c__Lecanoromycetes;o__;f__;g__;s__
OTU4008	k__Fungi;p__Chytridiomycota;c__Chytridiomycota_cls_Incertae_sedis;o__Chytridiomycota_ord_Incertae_sedis;f__Chytridiomycota_fam_Incertae_sedis;g__Chytridiomycota_gen_Incertae_sedis;s__
OTU4009	k__Fungi;p__Ascomycota;c__;o__;f__;g__;s__
OTU4010	k__Fungi;p__Ascomycota;c__;o__;f__;g__;s__
OTU4011	k__Fungi;p__;c__;o__;f__;g__;s__
OTU4012	k__Fungi;p__;c__;o__;f__;g__;s__
OTU4013	k__Fungi;p__Ascomycota;c__Lecanoromycetes;o__Pertusariales;f__Pertusariaceae;g__Pertusaria;s__obruta
OTU4014	k__Fungi;p__;c__;o__;f__;g__;s__
OTU4015	k__Fungi;p__;c__;o__;f__;g__;s__
OTU4016	k__Fungi;p__;c__;o__;f__;g__;s__
OTU4017	k__Fungi;p__;c__;o__;f__;g__;s__
OTU4018	k__Fungi;p__;c__;o__;f__;g__;s__
OTU4019	k__Fungi;p__;c__;o__;f__;g__;s__
OTU4020	k__Fungi;p__;c__;o__;f__;g__;s__
OTU4021	k__Fungi;p__;c__;o__;f__;g__;s__
OTU4022	k__Fungi;p__Ascomycota;c__;o__;f__;g__;s__
OTU4023	k__Fungi;p__;c__;o__;f__;g__;s__
OTU4024	k__Fungi;p__Ascomycota;c__;o__;f__;g__;s__
OTU4025	k__Fungi;p__;c__;o__;f__;g__;s__
OTU4026	k__Fungi;p__Ascomycota;c__;o__;f__;g__;s__
OTU4027	k__Fungi;p__Ascomycota;c__Lecanoromycetes;o__Pertusariales;f__Pertusariaceae;g__Pertusaria;s__obruta
OTU4028	k__Fungi;p__Ascomycota;c__;o__;f__;g__;s__
OTU4029	k__Fungi;p__Ascomycota;c__;o__;f__;g__;s__
OTU4030	k__Fungi;p__;c__;o__;f__;g__;s__
OTU4031	k__Fungi;p__Ascomycota;c__;o__;f__;g__;s__
OTU4032	k__Fungi;p__;c__;o__;f__;g__;s__
OTU4033	k__Fungi;p__;c__;o__;f__;g__;s__
OTU4034	k__Fungi;p__Ascomycota;c__Lecanoromycetes;o__Pertusariales;f__Pertusariaceae;g__Pertusaria;s__obruta
OTU4035	k__Fungi;p__;c__;o__;f__;g__;s__
OTU4036	k__Fungi;p__;c__;o__;f__;g__;s__
OTU4037	k__Fungi;p__;c__;o__;f__;g__;s__
OTU4038	k__Fungi;p__;c__;o__;f__;g__;s__
OTU4039	k__Fungi;p__Ascomycota;c__Lecanoromycetes;o__;f__;g__;s__
OTU4040	k__Fungi;p__Ascomycota;c__Lecanoromycetes;o__;f__;g__;s__
OTU4041	k__Fungi;p__Ascomycota;c__Lecanoromycetes;o__;f__;g__;s__
OTU4042	k__Fungi;p__Ascomycota;c__Lecanoromycetes;o__;f__;g__;s__
OTU4043	k__Fungi;p__;c__;o__;f__;g__;s__
OTU4044	k__Fungi;p__;c__;o__;f__;g__;s__
OTU4045	k__Fungi;p__Ascomycota;c__Lecanoromycetes;o__;f__;g__;s__
OTU4046	k__Fungi;p__Ascomycota;c__;o__;f__;g__;s__
OTU4047	k__Fungi;p__;c__;o__;f__;g__;s__
OTU4048	k__Fungi;p__Ascomycota;c__;o__;f__;g__;s__
OTU4049	k__Fungi;p__;c__;o__;f__;g__;s__
OTU4050	k__Fungi;p__;c__;o__;f__;g__;s__
OTU4051	k__Fungi;p__;c__;o__;f__;g__;s__
OTU4052	k__Fungi;p__;c__;o__;f__;g__;s__
OTU4053	k__Fungi;p__;c__;o__;f__;g__;s__
OTU4054	k__Fungi;p__;c__;o__;f__;g__;s__
OTU4055	k__Fungi;p__;c__;o__;f__;g__;s__
OTU4056	k__Fungi;p__Ascomycota;c__Lecanoromycetes;o__Pertusariales;f__Pertusariaceae;g__Pertusaria;s__obruta
OTU4057	k__Fungi;p__Chytridiomycota;c__Chytridiomycota_cls_Incertae_sedis;o__Chytridiomycota_ord_Incertae_sedis;f__Chytridiomycota_fam_Incertae_sedis;g__Chytridiomycota_gen_Incertae_sedis;s__
OTU4058	k__Fungi;p__;c__;o__;f__;g__;s__
OTU4059	k__Fungi;p__;c__;o__;f__;g__;s__
OTU4060	k__Fungi;p__Ascomycota;c__Lecanoromycetes;o__;f__;g__;s__
OTU4061	k__Fungi;p__Ascomycota;c__;o__;f__;g__;s__
OTU4062	k__Fungi;p__;c__;o__;f__;g__;s__
OTU4063	k__Fungi;p__;c__;o__;f__;g__;s__
OTU4064	k__Fungi;p__;c__;o__;f__;g__;s__
OTU4065	k__Fungi;p__;c__;o__;f__;g__;s__
OTU4066	k__Fungi;p__;c__;o__;f__;g__;s__
OTU4067	k__Fungi;p__Chytridiomycota;c__;o__;f__;g__;s__
OTU4068	k__Fungi;p__Ascomycota;c__;o__;f__;g__;s__
OTU4069	k__Fungi;p__Ascomycota;c__;o__;f__;g__;s__
OTU4070	k__Fungi;p__;c__;o__;f__;g__;s__
OTU4071	k__Fungi;p__Chytridiomycota;c__;o__;f__;g__;s__
OTU4072	k__Fungi;p__;c__;o__;f__;g__;s__
OTU4073	k__Fungi;p__;c__;o__;f__;g__;s__
OTU4074	k__Fungi;p__Ascomycota;c__;o__;f__;g__;s__
OTU4075	k__Fungi;p__Ascomycota;c__Lecanoromycetes;o__;f__;g__;s__
OTU4076	k__Fungi;p__Ascomycota;c__Lecanoromycetes;o__;f__;g__;s__
OTU4077	k__Fungi;p__Ascomycota;c__Lecanoromycetes;o__;f__;g__;s__
OTU4078	k__Fungi;p__;c__;o__;f__;g__;s__
OTU4079	k__Fungi;p__Chytridiomycota;c__;o__;f__;g__;s__
OTU4080	k__Fungi;p__;c__;o__;f__;g__;s__
OTU4081	k__Fungi;p__Ascomycota;c__Saccharomycetes;o__Saccharomycetales;f__Metschnikowiaceae;g__Metschnikowia;s__
OTU4082	k__Fungi;p__;c__;o__;f__;g__;s__
OTU4083	k__Fungi;p__;c__;o__;f__;g__;s__
OTU4084	k__Fungi;p__Ascomycota;c__;o__;f__;g__;s__
OTU4085	k__Fungi;p__Ascomycota;c__Lecanoromycetes;o__;f__;g__;s__
OTU4086	k__Fungi;p__;c__;o__;f__;g__;s__
OTU4087	k__Fungi;p__;c__;o__;f__;g__;s__
OTU4088	k__Fungi;p__Ascomycota;c__;o__;f__;g__;s__
OTU4089	k__Fungi;p__Ascomycota;c__;o__;f__;g__;s__
OTU4090	k__Fungi;p__;c__;o__;f__;g__;s__
OTU4091	k__Fungi;p__Chytridiomycota;c__;o__;f__;g__;s__
OTU4092	k__Fungi;p__Chytridiomycota;c__;o__;f__;g__;s__
OTU4093	k__Fungi;p__Ascomycota;c__;o__;f__;g__;s__
OTU4094	k__Fungi;p__Ascomycota;c__;o__;f__;g__;s__
OTU4095	k__Fungi;p__Ascomycota;c__Lecanoromycetes;o__Pertusariales;f__Pertusariaceae;g__Pertusaria;s__obruta
OTU4096	k__Fungi;p__Ascomycota;c__Lecanoromycetes;o__;f__;g__;s__
OTU4097	k__Fungi;p__;c__;o__;f__;g__;s__
OTU4098	k__Fungi;p__;c__;o__;f__;g__;s__
OTU4099	k__Fungi;p__Ascomycota;c__Lecanoromycetes;o__;f__;g__;s__
OTU4100	k__Fungi;p__Ascomycota;c__Lecanoromycetes;o__;f__;g__;s__
OTU4101	k__Fungi;p__;c__;o__;f__;g__;s__
OTU4102	k__Fungi;p__;c__;o__;f__;g__;s__
OTU4103	k__Fungi;p__Chytridiomycota;c__;o__;f__;g__;s__
OTU4104	k__Fungi;p__;c__;o__;f__;g__;s__
OTU4105	k__Fungi;p__Ascomycota;c__;o__;f__;g__;s__
OTU4106	k__Fungi;p__;c__;o__;f__;g__;s__
OTU4107	k__Fungi;p__Ascomycota;c__;o__;f__;g__;s__
OTU4108	k__Fungi;p__Ascomycota;c__;o__;f__;g__;s__
OTU4109	k__Fungi;p__;c__;o__;f__;g__;s__
OTU4110	k__Fungi;p__;c__;o__;f__;g__;s__
OTU4111	k__Fungi;p__;c__;o__;f__;g__;s__
OTU4112	k__Fungi;p__;c__;o__;f__;g__;s__
OTU4113	k__Fungi;p__Ascomycota;c__;o__;f__;g__;s__
OTU4114	k__Fungi;p__;c__;o__;f__;g__;s__
OTU4115	k__Fungi;p__;c__;o__;f__;g__;s__
OTU4116	k__Fungi;p__Chytridiomycota;c__;o__;f__;g__;s__
OTU4117	k__Fungi;p__Ascomycota;c__Lecanoromycetes;o__;f__;g__;s__
OTU4118	k__Fungi;p__;c__;o__;f__;g__;s__
OTU4119	k__Fungi;p__;c__;o__;f__;g__;s__
OTU4120	k__Fungi;p__Ascomycota;c__Lecanoromycetes;o__;f__;g__;s__
OTU4121	k__Fungi;p__Ascomycota;c__;o__;f__;g__;s__
OTU4122	k__Fungi;p__;c__;o__;f__;g__;s__
OTU4123	k__Fungi;p__Ascomycota;c__;o__;f__;g__;s__
OTU4124	k__Fungi;p__;c__;o__;f__;g__;s__
OTU4125	k__Fungi;p__Chytridiomycota;c__;o__;f__;g__;s__
OTU4126	k__Fungi;p__Ascomycota;c__Dothideomycetes;o__Pleosporales;f__Pleosporaceae;g__Pyrenophora;s__biseptata
OTU4127	k__Fungi;p__Ascomycota;c__Lecanoromycetes;o__;f__;g__;s__
OTU4128	k__Fungi;p__Chytridiomycota;c__Chytridiomycota_cls_Incertae_sedis;o__Chytridiomycota_ord_Incertae_sedis;f__Chytridiomycota_fam_Incertae_sedis;g__Chytridiomycota_gen_Incertae_sedis;s__
OTU4129	k__Fungi;p__Chytridiomycota;c__;o__;f__;g__;s__
OTU4130	k__Fungi;p__;c__;o__;f__;g__;s__
OTU4131	k__Fungi;p__;c__;o__;f__;g__;s__
OTU4132	k__Fungi;p__Chytridiomycota;c__Chytridiomycota_cls_Incertae_sedis;o__Chytridiomycota_ord_Incertae_sedis;f__Chytridiomycota_fam_Incertae_sedis;g__Chytridiomycota_gen_Incertae_sedis;s__
OTU4133	k__Fungi;p__Chytridiomycota;c__Chytridiomycota_cls_Incertae_sedis;o__Chytridiomycota_ord_Incertae_sedis;f__Chytridiomycota_fam_Incertae_sedis;g__Chytridiomycota_gen_Incertae_sedis;s__
OTU4134	k__Fungi;p__Ascomycota;c__Lecanoromycetes;o__Pertusariales;f__Pertusariaceae;g__Pertusaria;s__obruta
OTU4135	k__Fungi;p__Ascomycota;c__Lecanoromycetes;o__;f__;g__;s__
OTU4136	k__Fungi;p__;c__;o__;f__;g__;s__
OTU4137	k__Fungi;p__;c__;o__;f__;g__;s__
OTU4138	k__Fungi;p__Ascomycota;c__;o__;f__;g__;s__
OTU4139	k__Fungi;p__Ascomycota;c__Lecanoromycetes;o__Pertusariales;f__Pertusariaceae;g__Pertusaria;s__obruta
OTU4140	k__Fungi;p__;c__;o__;f__;g__;s__
OTU4141	k__Fungi;p__;c__;o__;f__;g__;s__
OTU4142	k__Fungi;p__Ascomycota;c__Lecanoromycetes;o__;f__;g__;s__
OTU4143	k__Fungi;p__;c__;o__;f__;g__;s__
OTU4144	k__Fungi;p__;c__;o__;f__;g__;s__
OTU4145	k__Fungi;p__;c__;o__;f__;g__;s__
OTU4146	k__Fungi;p__Ascomycota;c__Lecanoromycetes;o__;f__;g__;s__
OTU4147	k__Fungi;p__;c__;o__;f__;g__;s__
OTU4148	k__Fungi;p__Ascomycota;c__;o__;f__;g__;s__
OTU4149	k__Fungi;p__;c__;o__;f__;g__;s__
OTU4150	k__Fungi;p__Ascomycota;c__;o__;f__;g__;s__
OTU4151	k__Fungi;p__;c__;o__;f__;g__;s__
OTU4152	k__Fungi;p__;c__;o__;f__;g__;s__
OTU4153	k__Fungi;p__Ascomycota;c__;o__;f__;g__;s__
OTU4154	k__Fungi;p__;c__;o__;f__;g__;s__
OTU4155	k__Fungi;p__;c__;o__;f__;g__;s__
OTU4156	k__Fungi;p__;c__;o__;f__;g__;s__
OTU4157	k__Fungi;p__;c__;o__;f__;g__;s__
OTU4158	k__Fungi;p__Ascomycota;c__Lecanoromycetes;o__;f__;g__;s__
OTU4159	k__Fungi;p__;c__;o__;f__;g__;s__
OTU4160	k__Fungi;p__;c__;o__;f__;g__;s__
OTU4161	k__Fungi;p__Ascomycota;c__Lecanoromycetes;o__;f__;g__;s__
OTU4162	k__Fungi;p__;c__;o__;f__;g__;s__
OTU4163	k__Fungi;p__;c__;o__;f__;g__;s__
OTU4164	k__Fungi;p__Chytridiomycota;c__;o__;f__;g__;s__
OTU4165	k__Fungi;p__;c__;o__;f__;g__;s__
OTU4166	k__Fungi;p__;c__;o__;f__;g__;s__
OTU4167	k__Fungi;p__Ascomycota;c__Lecanoromycetes;o__;f__;g__;s__
OTU4168	k__Fungi;p__Chytridiomycota;c__;o__;f__;g__;s__
OTU4169	k__Fungi;p__;c__;o__;f__;g__;s__
OTU4170	k__Fungi;p__Ascomycota;c__Lecanoromycetes;o__;f__;g__;s__
OTU4171	k__Fungi;p__;c__;o__;f__;g__;s__
OTU4172	k__Fungi;p__Ascomycota;c__;o__;f__;g__;s__
OTU4173	k__Fungi;p__;c__;o__;f__;g__;s__
OTU4174	k__Fungi;p__Ascomycota;c__;o__;f__;g__;s__
OTU4175	k__Fungi;p__;c__;o__;f__;g__;s__
OTU4176	k__Fungi;p__;c__;o__;f__;g__;s__
OTU4177	k__Fungi;p__Ascomycota;c__Lecanoromycetes;o__;f__;g__;s__
OTU4178	k__Fungi;p__;c__;o__;f__;g__;s__
OTU4179	k__Fungi;p__;c__;o__;f__;g__;s__
OTU4180	k__Fungi;p__Ascomycota;c__;o__;f__;g__;s__
OTU4181	k__Fungi;p__Chytridiomycota;c__;o__;f__;g__;s__
OTU4182	k__Fungi;p__Ascomycota;c__Lecanoromycetes;o__;f__;g__;s__
OTU4183	k__Fungi;p__Ascomycota;c__Lecanoromycetes;o__;f__;g__;s__
OTU4184	k__Fungi;p__Ascomycota;c__Lecanoromycetes;o__;f__;g__;s__
OTU4185	k__Fungi;p__;c__;o__;f__;g__;s__
OTU4186	k__Fungi;p__;c__;o__;f__;g__;s__
OTU4187	k__Fungi;p__;c__;o__;f__;g__;s__
OTU4188	k__Fungi;p__Chytridiomycota;c__;o__;f__;g__;s__
OTU4189	k__Fungi;p__Ascomycota;c__Lecanoromycetes;o__;f__;g__;s__
OTU4190	k__Fungi;p__;c__;o__;f__;g__;s__
OTU4191	k__Fungi;p__Ascomycota;c__;o__;f__;g__;s__
OTU4192	k__Fungi;p__;c__;o__;f__;g__;s__
OTU4193	k__Fungi;p__;c__;o__;f__;g__;s__
OTU4194	k__Fungi;p__Ascomycota;c__;o__;f__;g__;s__
OTU4195	k__Fungi;p__;c__;o__;f__;g__;s__
OTU4196	k__Fungi;p__;c__;o__;f__;g__;s__
OTU4197	k__Fungi;p__;c__;o__;f__;g__;s__
OTU4198	k__Fungi;p__Ascomycota;c__Lecanoromycetes;o__;f__;g__;s__
OTU4199	k__Fungi;p__;c__;o__;f__;g__;s__
OTU4200	k__Fungi;p__Chytridiomycota;c__;o__;f__;g__;s__
OTU4201	k__Fungi;p__;c__;o__;f__;g__;s__
OTU4202	k__Fungi;p__Ascomycota;c__;o__;f__;g__;s__
OTU4203	k__Fungi;p__Ascomycota;c__Lecanoromycetes;o__;f__;g__;s__
OTU4204	k__Fungi;p__Ascomycota;c__;o__;f__;g__;s__
OTU4205	k__Fungi;p__;c__;o__;f__;g__;s__
OTU4206	k__Fungi;p__Ascomycota;c__;o__;f__;g__;s__
OTU4207	k__Fungi;p__;c__;o__;f__;g__;s__
OTU4208	k__Fungi;p__;c__;o__;f__;g__;s__
OTU4209	k__Fungi;p__Ascomycota;c__Lecanoromycetes;o__;f__;g__;s__
OTU4210	k__Fungi;p__Ascomycota;c__Lecanoromycetes;o__;f__;g__;s__
OTU4211	k__Fungi;p__;c__;o__;f__;g__;s__
OTU4212	k__Fungi;p__;c__;o__;f__;g__;s__
OTU4213	k__Fungi;p__;c__;o__;f__;g__;s__
OTU4214	k__Fungi;p__Ascomycota;c__Lecanoromycetes;o__;f__;g__;s__
OTU4215	k__Fungi;p__Ascomycota;c__;o__;f__;g__;s__
OTU4216	k__Fungi;p__Ascomycota;c__Lecanoromycetes;o__;f__;g__;s__
OTU4217	k__Fungi;p__Ascomycota;c__Lecanoromycetes;o__;f__;g__;s__
OTU4218	k__Fungi;p__;c__;o__;f__;g__;s__
OTU4219	k__Fungi;p__;c__;o__;f__;g__;s__
OTU4220	k__Fungi;p__;c__;o__;f__;g__;s__
OTU4221	k__Fungi;p__Ascomycota;c__;o__;f__;g__;s__
OTU4222	k__Fungi;p__Ascomycota;c__;o__;f__;g__;s__
OTU4223	k__Fungi;p__;c__;o__;f__;g__;s__
OTU4224	k__Fungi;p__Ascomycota;c__;o__;f__;g__;s__
OTU4225	k__Fungi;p__Ascomycota;c__Lecanoromycetes;o__Pertusariales;f__Pertusariaceae;g__Pertusaria;s__obruta
OTU4226	k__Fungi;p__Ascomycota;c__Lecanoromycetes;o__;f__;g__;s__
OTU4227	k__Fungi;p__;c__;o__;f__;g__;s__
OTU4228	k__Fungi;p__Chytridiomycota;c__;o__;f__;g__;s__
OTU4229	k__Fungi;p__;c__;o__;f__;g__;s__
OTU4230	k__Fungi;p__;c__;o__;f__;g__;s__
OTU4231	k__Fungi;p__;c__;o__;f__;g__;s__
OTU4232	k__Fungi;p__;c__;o__;f__;g__;s__
OTU4233	k__Fungi;p__Ascomycota;c__;o__;f__;g__;s__
OTU4234	k__Fungi;p__;c__;o__;f__;g__;s__
OTU4235	k__Fungi;p__;c__;o__;f__;g__;s__
OTU4236	k__Fungi;p__Ascomycota;c__Lecanoromycetes;o__;f__;g__;s__
OTU4237	k__Fungi;p__;c__;o__;f__;g__;s__
OTU4238	k__Fungi;p__;c__;o__;f__;g__;s__
OTU4239	k__Fungi;p__;c__;o__;f__;g__;s__
OTU4240	k__Fungi;p__;c__;o__;f__;g__;s__
OTU4241	k__Fungi;p__Ascomycota;c__;o__;f__;g__;s__
OTU4242	k__Fungi;p__Ascomycota;c__Lecanoromycetes;o__;f__;g__;s__
OTU4243	k__Fungi;p__Ascomycota;c__Lecanoromycetes;o__;f__;g__;s__
OTU4244	k__Fungi;p__;c__;o__;f__;g__;s__
OTU4245	k__Fungi;p__Ascomycota;c__;o__;f__;g__;s__
OTU4246	k__Fungi;p__;c__;o__;f__;g__;s__
OTU4247	k__Fungi;p__;c__;o__;f__;g__;s__
OTU4248	k__Fungi;p__;c__;o__;f__;g__;s__
OTU4249	k__Fungi;p__Ascomycota;c__Lecanoromycetes;o__;f__;g__;s__
OTU4250	k__Fungi;p__;c__;o__;f__;g__;s__
OTU4251	k__Fungi;p__;c__;o__;f__;g__;s__
OTU4252	k__Fungi;p__Ascomycota;c__;o__;f__;g__;s__
OTU4253	k__Fungi;p__Ascomycota;c__Lecanoromycetes;o__;f__;g__;s__
OTU4254	k__Fungi;p__Ascomycota;c__;o__;f__;g__;s__
OTU4255	k__Fungi;p__;c__;o__;f__;g__;s__
OTU4256	k__Fungi;p__Ascomycota;c__;o__;f__;g__;s__
OTU4257	k__Fungi;p__;c__;o__;f__;g__;s__
OTU4258	k__Fungi;p__;c__;o__;f__;g__;s__
OTU4259	k__Fungi;p__;c__;o__;f__;g__;s__
OTU4260	k__Fungi;p__;c__;o__;f__;g__;s__
OTU4261	k__Fungi;p__Ascomycota;c__;o__;f__;g__;s__
OTU4262	k__Fungi;p__Ascomycota;c__;o__;f__;g__;s__
OTU4263	k__Fungi;p__;c__;o__;f__;g__;s__
OTU4264	k__Fungi;p__;c__;o__;f__;g__;s__
OTU4265	k__Fungi;p__Ascomycota;c__;o__;f__;g__;s__
OTU4266	k__Fungi;p__;c__;o__;f__;g__;s__
OTU4267	k__Fungi;p__Ascomycota;c__;o__;f__;g__;s__
OTU4268	k__Fungi;p__Ascomycota;c__Lecanoromycetes;o__;f__;g__;s__
OTU4269	k__Fungi;p__Ascomycota;c__Lecanoromycetes;o__;f__;g__;s__
OTU4270	k__Fungi;p__;c__;o__;f__;g__;s__
OTU4271	k__Fungi;p__Ascomycota;c__Lecanoromycetes;o__;f__;g__;s__
OTU4272	k__Fungi;p__;c__;o__;f__;g__;s__
OTU4273	k__Fungi;p__Ascomycota;c__;o__;f__;g__;s__
OTU4274	k__Fungi;p__Ascomycota;c__;o__;f__;g__;s__
OTU4275	k__Fungi;p__Ascomycota;c__Lecanoromycetes;o__;f__;g__;s__
OTU4276	k__Fungi;p__Ascomycota;c__Lecanoromycetes;o__;f__;g__;s__
OTU4277	k__Fungi;p__;c__;o__;f__;g__;s__
OTU4278	k__Fungi;p__Ascomycota;c__;o__;f__;g__;s__
OTU4279	k__Fungi;p__Chytridiomycota;c__Chytridiomycota_cls_Incertae_sedis;o__Chytridiomycota_ord_Incertae_sedis;f__Chytridiomycota_fam_Incertae_sedis;g__Chytridiomycota_gen_Incertae_sedis;s__
OTU4280	k__Fungi;p__Chytridiomycota;c__;o__;f__;g__;s__
OTU4281	k__Fungi;p__;c__;o__;f__;g__;s__
OTU4282	k__Fungi;p__;c__;o__;f__;g__;s__
OTU4283	k__Fungi;p__Ascomycota;c__Lecanoromycetes;o__;f__;g__;s__
OTU4284	k__Fungi;p__;c__;o__;f__;g__;s__
OTU4285	k__Fungi;p__Ascomycota;c__Lecanoromycetes;o__;f__;g__;s__
OTU4286	k__Fungi;p__;c__;o__;f__;g__;s__
OTU4287	k__Fungi;p__;c__;o__;f__;g__;s__
OTU4288	k__Fungi;p__Chytridiomycota;c__;o__;f__;g__;s__
OTU4289	k__Fungi;p__Ascomycota;c__Lecanoromycetes;o__;f__;g__;s__
OTU4290	k__Fungi;p__Ascomycota;c__;o__;f__;g__;s__
OTU4291	k__Fungi;p__Ascomycota;c__;o__;f__;g__;s__
OTU4292	k__Fungi;p__Ascomycota;c__Lecanoromycetes;o__Pertusariales;f__Pertusariaceae;g__Pertusaria;s__obruta
OTU4293	k__Fungi;p__Ascomycota;c__;o__;f__;g__;s__
OTU4294	k__Fungi;p__Ascomycota;c__Lecanoromycetes;o__;f__;g__;s__
OTU4295	k__Fungi;p__Chytridiomycota;c__;o__;f__;g__;s__
OTU4296	k__Fungi;p__Ascomycota;c__;o__;f__;g__;s__
OTU4297	k__Fungi;p__Chytridiomycota;c__;o__;f__;g__;s__
OTU4298	k__Fungi;p__;c__;o__;f__;g__;s__
OTU4299	k__Fungi;p__;c__;o__;f__;g__;s__
OTU4300	k__Fungi;p__;c__;o__;f__;g__;s__
OTU4301	k__Fungi;p__Ascomycota;c__Lecanoromycetes;o__;f__;g__;s__
OTU4302	k__Fungi;p__Ascomycota;c__;o__;f__;g__;s__
OTU4303	k__Fungi;p__;c__;o__;f__;g__;s__
OTU4304	k__Fungi;p__Ascomycota;c__Lecanoromycetes;o__;f__;g__;s__
OTU4305	k__Fungi;p__Ascomycota;c__Lecanoromycetes;o__Pertusariales;f__Pertusariaceae;g__Pertusaria;s__obruta
OTU4306	k__Fungi;p__;c__;o__;f__;g__;s__
OTU4307	k__Fungi;p__Ascomycota;c__Lecanoromycetes;o__;f__;g__;s__
OTU4308	k__Fungi;p__Ascomycota;c__;o__;f__;g__;s__
OTU4309	k__Fungi;p__Ascomycota;c__Lecanoromycetes;o__;f__;g__;s__
OTU4310	k__Fungi;p__Ascomycota;c__;o__;f__;g__;s__
OTU4311	k__Fungi;p__Chytridiomycota;c__;o__;f__;g__;s__
OTU4312	k__Fungi;p__Chytridiomycota;c__;o__;f__;g__;s__
OTU4313	k__Fungi;p__;c__;o__;f__;g__;s__
OTU4314	k__Fungi;p__;c__;o__;f__;g__;s__
OTU4315	k__Fungi;p__;c__;o__;f__;g__;s__
OTU4316	k__Fungi;p__;c__;o__;f__;g__;s__
OTU4317	k__Fungi;p__;c__;o__;f__;g__;s__
OTU4318	k__Fungi;p__;c__;o__;f__;g__;s__
OTU4319	k__Fungi;p__;c__;o__;f__;g__;s__
OTU4320	k__Fungi;p__Ascomycota;c__;o__;f__;g__;s__
OTU4321	k__Fungi;p__Ascomycota;c__;o__;f__;g__;s__
OTU4322	k__Fungi;p__Ascomycota;c__;o__;f__;g__;s__
OTU4323	k__Fungi;p__Ascomycota;c__;o__;f__;g__;s__
OTU4324	k__Fungi;p__Ascomycota;c__;o__;f__;g__;s__
OTU4325	k__Fungi;p__;c__;o__;f__;g__;s__
OTU4326	k__Fungi;p__Ascomycota;c__Lecanoromycetes;o__;f__;g__;s__
OTU4327	k__Fungi;p__;c__;o__;f__;g__;s__
OTU4328	k__Fungi;p__Ascomycota;c__;o__;f__;g__;s__
OTU4329	k__Fungi;p__Chytridiomycota;c__;o__;f__;g__;s__
OTU4330	k__Fungi;p__;c__;o__;f__;g__;s__
OTU4331	k__Fungi;p__;c__;o__;f__;g__;s__
OTU4332	k__Fungi;p__;c__;o__;f__;g__;s__
OTU4333	k__Fungi;p__;c__;o__;f__;g__;s__
OTU4334	k__Fungi;p__;c__;o__;f__;g__;s__
OTU4335	k__Fungi;p__;c__;o__;f__;g__;s__
OTU4336	k__Fungi;p__;c__;o__;f__;g__;s__
OTU4337	k__Fungi;p__Ascomycota;c__;o__;f__;g__;s__
OTU4338	k__Fungi;p__Ascomycota;c__Lecanoromycetes;o__;f__;g__;s__
OTU4339	k__Fungi;p__Ascomycota;c__Lecanoromycetes;o__;f__;g__;s__
OTU4340	k__Fungi;p__;c__;o__;f__;g__;s__
OTU4341	k__Fungi;p__Ascomycota;c__;o__;f__;g__;s__
OTU4342	k__Fungi;p__Chytridiomycota;c__Chytridiomycota_cls_Incertae_sedis;o__Chytridiomycota_ord_Incertae_sedis;f__Chytridiomycota_fam_Incertae_sedis;g__Chytridiomycota_gen_Incertae_sedis;s__
OTU4343	k__Fungi;p__;c__;o__;f__;g__;s__
OTU4344	k__Fungi;p__;c__;o__;f__;g__;s__
OTU4345	k__Fungi;p__;c__;o__;f__;g__;s__
OTU4346	k__Fungi;p__Ascomycota;c__;o__;f__;g__;s__
OTU4347	k__Fungi;p__;c__;o__;f__;g__;s__
OTU4348	k__Fungi;p__;c__;o__;f__;g__;s__
OTU4349	k__Fungi;p__Ascomycota;c__;o__;f__;g__;s__
OTU4350	k__Fungi;p__Ascomycota;c__;o__;f__;g__;s__
OTU4351	k__Fungi;p__;c__;o__;f__;g__;s__
OTU4352	k__Fungi;p__Ascomycota;c__;o__;f__;g__;s__
OTU4353	k__Fungi;p__;c__;o__;f__;g__;s__
OTU4354	k__Fungi;p__;c__;o__;f__;g__;s__
OTU4355	k__Fungi;p__;c__;o__;f__;g__;s__
OTU4356	k__Fungi;p__Ascomycota;c__;o__;f__;g__;s__
OTU4357	k__Fungi;p__Ascomycota;c__Lecanoromycetes;o__;f__;g__;s__
OTU4358	k__Fungi;p__Ascomycota;c__;o__;f__;g__;s__
OTU4359	k__Fungi;p__Chytridiomycota;c__;o__;f__;g__;s__
OTU4360	k__Fungi;p__;c__;o__;f__;g__;s__
OTU4361	k__Fungi;p__;c__;o__;f__;g__;s__
OTU4362	k__Fungi;p__;c__;o__;f__;g__;s__
OTU4363	k__Fungi;p__;c__;o__;f__;g__;s__
OTU4364	k__Fungi;p__;c__;o__;f__;g__;s__
OTU4365	k__Fungi;p__Chytridiomycota;c__Chytridiomycota_cls_Incertae_sedis;o__Chytridiomycota_ord_Incertae_sedis;f__Chytridiomycota_fam_Incertae_sedis;g__Chytridiomycota_gen_Incertae_sedis;s__
OTU4366	k__Fungi;p__;c__;o__;f__;g__;s__
OTU4367	k__Fungi;p__Ascomycota;c__;o__;f__;g__;s__
OTU4368	k__Fungi;p__;c__;o__;f__;g__;s__
OTU4369	k__Fungi;p__;c__;o__;f__;g__;s__
OTU4370	k__Fungi;p__Chytridiomycota;c__Chytridiomycota_cls_Incertae_sedis;o__Chytridiomycota_ord_Incertae_sedis;f__Chytridiomycota_fam_Incertae_sedis;g__Chytridiomycota_gen_Incertae_sedis;s__
OTU4371	k__Fungi;p__Ascomycota;c__;o__;f__;g__;s__
OTU4372	k__Fungi;p__Ascomycota;c__;o__;f__;g__;s__
OTU4373	k__Fungi;p__;c__;o__;f__;g__;s__
OTU4374	k__Fungi;p__;c__;o__;f__;g__;s__
OTU4375	k__Fungi;p__;c__;o__;f__;g__;s__
OTU4376	k__Fungi;p__;c__;o__;f__;g__;s__
OTU4377	k__Fungi;p__;c__;o__;f__;g__;s__
OTU4378	k__Fungi;p__;c__;o__;f__;g__;s__
OTU4379	k__Fungi;p__Ascomycota;c__;o__;f__;g__;s__
OTU4380	k__Fungi;p__;c__;o__;f__;g__;s__
OTU4381	k__Fungi;p__;c__;o__;f__;g__;s__
OTU4382	k__Fungi;p__Ascomycota;c__;o__;f__;g__;s__
OTU4383	k__Fungi;p__;c__;o__;f__;g__;s__
OTU4384	k__Fungi;p__Ascomycota;c__;o__;f__;g__;s__
OTU4385	k__Fungi;p__Ascomycota;c__;o__;f__;g__;s__
OTU4386	k__Fungi;p__Chytridiomycota;c__;o__;f__;g__;s__
OTU4387	k__Fungi;p__;c__;o__;f__;g__;s__
OTU4388	k__Fungi;p__;c__;o__;f__;g__;s__
OTU4389	k__Fungi;p__;c__;o__;f__;g__;s__
OTU4390	k__Fungi;p__Ascomycota;c__Lecanoromycetes;o__;f__;g__;s__
OTU4391	k__Fungi;p__Ascomycota;c__;o__;f__;g__;s__
OTU4392	k__Fungi;p__;c__;o__;f__;g__;s__
OTU4393	k__Fungi;p__;c__;o__;f__;g__;s__
OTU4394	k__Fungi;p__Ascomycota;c__Lecanoromycetes;o__Pertusariales;f__Pertusariaceae;g__Pertusaria;s__obruta
OTU4395	k__Fungi;p__;c__;o__;f__;g__;s__
OTU4396	k__Fungi;p__Ascomycota;c__;o__;f__;g__;s__
OTU4397	k__Fungi;p__;c__;o__;f__;g__;s__
OTU4398	k__Fungi;p__;c__;o__;f__;g__;s__
OTU4399	k__Fungi;p__;c__;o__;f__;g__;s__
OTU4400	k__Fungi;p__;c__;o__;f__;g__;s__
OTU4401	k__Fungi;p__;c__;o__;f__;g__;s__
OTU4402	k__Fungi;p__Chytridiomycota;c__Chytridiomycota_cls_Incertae_sedis;o__Chytridiomycota_ord_Incertae_sedis;f__;g__;s__
OTU4403	k__Fungi;p__;c__;o__;f__;g__;s__
OTU4404	k__Fungi;p__;c__;o__;f__;g__;s__
OTU4405	k__Fungi;p__Ascomycota;c__Lecanoromycetes;o__Graphidales;f__Gomphillaceae;g__Gomphillus;s__calycioides
OTU4406	k__Fungi;p__Chytridiomycota;c__Chytridiomycota_cls_Incertae_sedis;o__Chytridiomycota_ord_Incertae_sedis;f__Chytridiomycota_fam_Incertae_sedis;g__Chytridiomycota_gen_Incertae_sedis;s__
OTU4407	k__Fungi;p__Ascomycota;c__;o__;f__;g__;s__
OTU4408	k__Fungi;p__;c__;o__;f__;g__;s__
OTU4409	k__Fungi;p__;c__;o__;f__;g__;s__
OTU4410	k__Fungi;p__Ascomycota;c__Lecanoromycetes;o__;f__;g__;s__
OTU4411	k__Fungi;p__;c__;o__;f__;g__;s__
OTU4412	k__Fungi;p__;c__;o__;f__;g__;s__
OTU4413	k__Fungi;p__Ascomycota;c__;o__;f__;g__;s__
OTU4414	k__Fungi;p__;c__;o__;f__;g__;s__
OTU4415	k__Fungi;p__Chytridiomycota;c__;o__;f__;g__;s__
OTU4416	k__Fungi;p__;c__;o__;f__;g__;s__
OTU4417	k__Fungi;p__;c__;o__;f__;g__;s__
OTU4418	k__Fungi;p__;c__;o__;f__;g__;s__
OTU4419	k__Fungi;p__Ascomycota;c__;o__;f__;g__;s__
OTU4420	k__Fungi;p__Ascomycota;c__;o__;f__;g__;s__
OTU4421	k__Fungi;p__Ascomycota;c__;o__;f__;g__;s__
OTU4422	k__Fungi;p__Ascomycota;c__;o__;f__;g__;s__
OTU4423	k__Fungi;p__Chytridiomycota;c__;o__;f__;g__;s__
OTU4424	k__Fungi;p__;c__;o__;f__;g__;s__
OTU4425	k__Fungi;p__;c__;o__;f__;g__;s__
OTU4426	k__Fungi;p__;c__;o__;f__;g__;s__
OTU4427	k__Fungi;p__;c__;o__;f__;g__;s__
OTU4428	k__Fungi;p__Ascomycota;c__Lecanoromycetes;o__;f__;g__;s__
OTU4429	k__Fungi;p__;c__;o__;f__;g__;s__
OTU4430	k__Fungi;p__Ascomycota;c__Lecanoromycetes;o__;f__;g__;s__
OTU4431	k__Fungi;p__Chytridiomycota;c__Chytridiomycota_cls_Incertae_sedis;o__Chytridiomycota_ord_Incertae_sedis;f__Chytridiomycota_fam_Incertae_sedis;g__Chytridiomycota_gen_Incertae_sedis;s__
OTU4432	k__Fungi;p__Ascomycota;c__Lecanoromycetes;o__;f__;g__;s__
OTU4433	k__Fungi;p__;c__;o__;f__;g__;s__
OTU4434	k__Fungi;p__Ascomycota;c__;o__;f__;g__;s__
OTU4435	k__Fungi;p__Ascomycota;c__;o__;f__;g__;s__
OTU4436	k__Fungi;p__Ascomycota;c__;o__;f__;g__;s__
OTU4437	k__Fungi;p__;c__;o__;f__;g__;s__
OTU4438	k__Fungi;p__;c__;o__;f__;g__;s__
OTU4439	k__Fungi;p__;c__;o__;f__;g__;s__
OTU4440	k__Fungi;p__Ascomycota;c__Lecanoromycetes;o__;f__;g__;s__
OTU4441	k__Fungi;p__;c__;o__;f__;g__;s__
OTU4442	k__Fungi;p__Ascomycota;c__Lecanoromycetes;o__Pertusariales;f__Pertusariaceae;g__Pertusaria;s__obruta
OTU4443	k__Fungi;p__Ascomycota;c__;o__;f__;g__;s__
OTU4444	k__Fungi;p__;c__;o__;f__;g__;s__
OTU4445	k__Fungi;p__;c__;o__;f__;g__;s__
OTU4446	k__Fungi;p__;c__;o__;f__;g__;s__
OTU4447	k__Fungi;p__;c__;o__;f__;g__;s__
OTU4448	k__Fungi;p__Ascomycota;c__Lecanoromycetes;o__;f__;g__;s__
OTU4449	k__Fungi;p__;c__;o__;f__;g__;s__
OTU4450	k__Fungi;p__;c__;o__;f__;g__;s__
OTU4451	k__Fungi;p__Ascomycota;c__;o__;f__;g__;s__
OTU4452	k__Fungi;p__Ascomycota;c__Lecanoromycetes;o__;f__;g__;s__
OTU4453	k__Fungi;p__Ascomycota;c__;o__;f__;g__;s__
OTU4454	k__Fungi;p__Ascomycota;c__Lecanoromycetes;o__;f__;g__;s__
OTU4455	k__Fungi;p__;c__;o__;f__;g__;s__
OTU4456	k__Fungi;p__Ascomycota;c__Lecanoromycetes;o__;f__;g__;s__
OTU4457	k__Fungi;p__Chytridiomycota;c__Chytridiomycota_cls_Incertae_sedis;o__Chytridiomycota_ord_Incertae_sedis;f__Chytridiomycota_fam_Incertae_sedis;g__Chytridiomycota_gen_Incertae_sedis;s__
OTU4458	k__Fungi;p__;c__;o__;f__;g__;s__
OTU4459	k__Fungi;p__Ascomycota;c__Lecanoromycetes;o__;f__;g__;s__
OTU4460	k__Fungi;p__Ascomycota;c__;o__;f__;g__;s__
OTU4461	k__Fungi;p__Ascomycota;c__;o__;f__;g__;s__
OTU4462	k__Fungi;p__;c__;o__;f__;g__;s__
OTU4463	k__Fungi;p__Ascomycota;c__;o__;f__;g__;s__
OTU4464	k__Fungi;p__Basidiomycota;c__Agaricomycetes;o__Russulales;f__;g__;s__
OTU4465	k__Fungi;p__;c__;o__;f__;g__;s__
OTU4466	k__Fungi;p__Ascomycota;c__;o__;f__;g__;s__
OTU4467	k__Fungi;p__;c__;o__;f__;g__;s__
OTU4468	k__Fungi;p__;c__;o__;f__;g__;s__
OTU4469	k__Fungi;p__;c__;o__;f__;g__;s__
OTU4470	k__Fungi;p__;c__;o__;f__;g__;s__
OTU4471	k__Fungi;p__;c__;o__;f__;g__;s__
OTU4472	k__Fungi;p__;c__;o__;f__;g__;s__
OTU4473	k__Fungi;p__Ascomycota;c__;o__;f__;g__;s__
OTU4474	k__Fungi;p__Chytridiomycota;c__;o__;f__;g__;s__
OTU4475	k__Fungi;p__Ascomycota;c__Lecanoromycetes;o__;f__;g__;s__
OTU4476	k__Fungi;p__;c__;o__;f__;g__;s__
OTU4477	k__Fungi;p__;c__;o__;f__;g__;s__
OTU4478	k__Fungi;p__Ascomycota;c__Lecanoromycetes;o__;f__;g__;s__
OTU4479	k__Fungi;p__Ascomycota;c__;o__;f__;g__;s__
OTU4480	k__Fungi;p__;c__;o__;f__;g__;s__
OTU4481	k__Fungi;p__;c__;o__;f__;g__;s__
OTU4482	k__Fungi;p__Ascomycota;c__;o__;f__;g__;s__
OTU4483	k__Fungi;p__Ascomycota;c__Lecanoromycetes;o__;f__;g__;s__
OTU4484	k__Fungi;p__;c__;o__;f__;g__;s__
OTU4485	k__Fungi;p__;c__;o__;f__;g__;s__
OTU4486	k__Fungi;p__Ascomycota;c__Lecanoromycetes;o__;f__;g__;s__
OTU4487	k__Fungi;p__;c__;o__;f__;g__;s__
OTU4488	k__Fungi;p__;c__;o__;f__;g__;s__
OTU4489	k__Fungi;p__Ascomycota;c__Lecanoromycetes;o__;f__;g__;s__
OTU4490	k__Fungi;p__;c__;o__;f__;g__;s__
OTU4491	k__Fungi;p__Ascomycota;c__Lecanoromycetes;o__;f__;g__;s__
OTU4492	k__Fungi;p__Ascomycota;c__Lecanoromycetes;o__Pertusariales;f__Pertusariaceae;g__Pertusaria;s__obruta
OTU4493	k__Fungi;p__Ascomycota;c__;o__;f__;g__;s__
OTU4494	k__Fungi;p__;c__;o__;f__;g__;s__
OTU4495	k__Fungi;p__Chytridiomycota;c__;o__;f__;g__;s__
OTU4496	k__Fungi;p__Ascomycota;c__Lecanoromycetes;o__Graphidales;f__Gomphillaceae;g__Gomphillus;s__
OTU4497	k__Fungi;p__Ascomycota;c__;o__;f__;g__;s__
OTU4498	k__Fungi;p__;c__;o__;f__;g__;s__
OTU4499	k__Fungi;p__;c__;o__;f__;g__;s__
OTU4500	k__Fungi;p__Ascomycota;c__;o__;f__;g__;s__
OTU4501	k__Fungi;p__Fungi_phy_Incertae_sedis;c__Fungi_cls_Incertae_sedis;o__Fungi_ord_Incertae_sedis;f__Fungi_fam_Incertae_sedis;g__Fungi_gen_Incertae_sedis;s__
OTU4502	k__Fungi;p__;c__;o__;f__;g__;s__
OTU4503	k__Fungi;p__;c__;o__;f__;g__;s__
OTU4504	k__Fungi;p__;c__;o__;f__;g__;s__
OTU4505	k__Fungi;p__Ascomycota;c__;o__;f__;g__;s__
OTU4506	k__Fungi;p__;c__;o__;f__;g__;s__
OTU4507	k__Fungi;p__Ascomycota;c__;o__;f__;g__;s__
OTU4508	k__Fungi;p__Ascomycota;c__;o__;f__;g__;s__
OTU4509	k__Fungi;p__;c__;o__;f__;g__;s__
OTU4510	k__Fungi;p__;c__;o__;f__;g__;s__
OTU4511	k__Fungi;p__;c__;o__;f__;g__;s__
OTU4512	k__Fungi;p__Ascomycota;c__Lecanoromycetes;o__;f__;g__;s__
OTU4513	k__Fungi;p__Ascomycota;c__;o__;f__;g__;s__
OTU4514	k__Fungi;p__Ascomycota;c__;o__;f__;g__;s__
OTU4515	k__Fungi;p__Ascomycota;c__Lecanoromycetes;o__;f__;g__;s__
OTU4516	k__Fungi;p__;c__;o__;f__;g__;s__
OTU4517	k__Fungi;p__;c__;o__;f__;g__;s__
OTU4518	k__Fungi;p__Chytridiomycota;c__Chytridiomycota_cls_Incertae_sedis;o__Chytridiomycota_ord_Incertae_sedis;f__Chytridiomycota_fam_Incertae_sedis;g__Chytridiomycota_gen_Incertae_sedis;s__
OTU4519	k__Fungi;p__Ascomycota;c__Lecanoromycetes;o__;f__;g__;s__
OTU4520	k__Fungi;p__;c__;o__;f__;g__;s__
OTU4521	k__Fungi;p__;c__;o__;f__;g__;s__
OTU4522	k__Fungi;p__;c__;o__;f__;g__;s__
OTU4523	k__Fungi;p__;c__;o__;f__;g__;s__
OTU4524	k__Fungi;p__;c__;o__;f__;g__;s__
OTU4525	k__Fungi;p__Ascomycota;c__;o__;f__;g__;s__
OTU4526	k__Fungi;p__Ascomycota;c__;o__;f__;g__;s__
OTU4527	k__Fungi;p__;c__;o__;f__;g__;s__
OTU4528	k__Fungi;p__;c__;o__;f__;g__;s__
OTU4529	k__Fungi;p__Ascomycota;c__Sordariomycetes;o__Pleurotheciales;f__Pleurotheciaceae;g__Helgardiomyces;s__anguioides
OTU4530	k__Fungi;p__Ascomycota;c__;o__;f__;g__;s__
OTU4531	k__Fungi;p__Ascomycota;c__;o__;f__;g__;s__
OTU4532	k__Fungi;p__Ascomycota;c__Lecanoromycetes;o__;f__;g__;s__
OTU4533	k__Fungi;p__Ascomycota;c__;o__;f__;g__;s__
OTU4534	k__Fungi;p__Ascomycota;c__Lecanoromycetes;o__;f__;g__;s__
OTU4535	k__Fungi;p__;c__;o__;f__;g__;s__
OTU4536	k__Fungi;p__;c__;o__;f__;g__;s__
OTU4537	k__Fungi;p__Ascomycota;c__Lecanoromycetes;o__;f__;g__;s__
OTU4538	k__Fungi;p__;c__;o__;f__;g__;s__
OTU4539	k__Fungi;p__;c__;o__;f__;g__;s__
OTU4540	k__Fungi;p__Ascomycota;c__Lecanoromycetes;o__Pertusariales;f__Pertusariaceae;g__Pertusaria;s__obruta
OTU4541	k__Fungi;p__Ascomycota;c__;o__;f__;g__;s__
OTU4542	k__Fungi;p__;c__;o__;f__;g__;s__
OTU4543	k__Fungi;p__;c__;o__;f__;g__;s__
OTU4544	k__Fungi;p__;c__;o__;f__;g__;s__
OTU4545	k__Fungi;p__Ascomycota;c__Lecanoromycetes;o__;f__;g__;s__
OTU4546	k__Fungi;p__;c__;o__;f__;g__;s__
OTU4547	k__Fungi;p__Ascomycota;c__Saccharomycetes;o__Saccharomycetales;f__Metschnikowiaceae;g__Metschnikowia;s__
OTU4548	k__Fungi;p__Ascomycota;c__;o__;f__;g__;s__
OTU4549	k__Fungi;p__;c__;o__;f__;g__;s__
OTU4550	k__Fungi;p__Ascomycota;c__;o__;f__;g__;s__
OTU4551	k__Fungi;p__;c__;o__;f__;g__;s__
OTU4552	k__Fungi;p__Chytridiomycota;c__;o__;f__;g__;s__
OTU4553	k__Fungi;p__;c__;o__;f__;g__;s__
OTU4554	k__Fungi;p__;c__;o__;f__;g__;s__
OTU4555	k__Fungi;p__;c__;o__;f__;g__;s__
OTU4556	k__Fungi;p__Ascomycota;c__;o__;f__;g__;s__
OTU4557	k__Fungi;p__Ascomycota;c__;o__;f__;g__;s__
OTU4558	k__Fungi;p__Ascomycota;c__Lecanoromycetes;o__Pertusariales;f__Pertusariaceae;g__Pertusaria;s__obruta
OTU4559	k__Fungi;p__Chytridiomycota;c__Chytridiomycota_cls_Incertae_sedis;o__Chytridiomycota_ord_Incertae_sedis;f__Chytridiomycota_fam_Incertae_sedis;g__Chytridiomycota_gen_Incertae_sedis;s__
OTU4560	k__Fungi;p__Ascomycota;c__Lecanoromycetes;o__Pertusariales;f__Pertusariaceae;g__Pertusaria;s__obruta
OTU4561	k__Fungi;p__;c__;o__;f__;g__;s__
OTU4562	k__Fungi;p__;c__;o__;f__;g__;s__
OTU4563	k__Fungi;p__Ascomycota;c__Lecanoromycetes;o__;f__;g__;s__
OTU4564	k__Fungi;p__Chytridiomycota;c__Chytridiomycota_cls_Incertae_sedis;o__Chytridiomycota_ord_Incertae_sedis;f__Chytridiomycota_fam_Incertae_sedis;g__Chytridiomycota_gen_Incertae_sedis;s__
OTU4565	k__Fungi;p__Ascomycota;c__Lecanoromycetes;o__;f__;g__;s__
OTU4566	k__Fungi;p__Ascomycota;c__;o__;f__;g__;s__
OTU4567	k__Fungi;p__Chytridiomycota;c__;o__;f__;g__;s__
OTU4568	k__Fungi;p__;c__;o__;f__;g__;s__
OTU4569	k__Fungi;p__;c__;o__;f__;g__;s__
OTU4570	k__Fungi;p__;c__;o__;f__;g__;s__
OTU4571	k__Fungi;p__Ascomycota;c__Lecanoromycetes;o__;f__;g__;s__
OTU4572	k__Fungi;p__Ascomycota;c__;o__;f__;g__;s__
OTU4573	k__Fungi;p__Chytridiomycota;c__;o__;f__;g__;s__
OTU4574	k__Fungi;p__;c__;o__;f__;g__;s__
OTU4575	k__Fungi;p__;c__;o__;f__;g__;s__
OTU4576	k__Fungi;p__;c__;o__;f__;g__;s__
OTU4577	k__Fungi;p__Ascomycota;c__;o__;f__;g__;s__
OTU4578	k__Fungi;p__Ascomycota;c__;o__;f__;g__;s__
OTU4579	k__Fungi;p__;c__;o__;f__;g__;s__
OTU4580	k__Fungi;p__Ascomycota;c__;o__;f__;g__;s__
OTU4581	k__Fungi;p__;c__;o__;f__;g__;s__
OTU4582	k__Fungi;p__;c__;o__;f__;g__;s__
OTU4583	k__Fungi;p__Chytridiomycota;c__;o__;f__;g__;s__
OTU4584	k__Fungi;p__;c__;o__;f__;g__;s__
OTU4585	k__Fungi;p__;c__;o__;f__;g__;s__
OTU4586	k__Fungi;p__Ascomycota;c__Lecanoromycetes;o__;f__;g__;s__
OTU4587	k__Fungi;p__;c__;o__;f__;g__;s__
OTU4588	k__Fungi;p__Ascomycota;c__Lecanoromycetes;o__;f__;g__;s__
OTU4589	k__Fungi;p__;c__;o__;f__;g__;s__
OTU4590	k__Fungi;p__;c__;o__;f__;g__;s__
OTU4591	k__Fungi;p__Ascomycota;c__Lecanoromycetes;o__;f__;g__;s__
OTU4592	k__Fungi;p__;c__;o__;f__;g__;s__
OTU4593	k__Fungi;p__;c__;o__;f__;g__;s__
OTU4594	k__Fungi;p__Ascomycota;c__Lecanoromycetes;o__Pertusariales;f__Pertusariaceae;g__Pertusaria;s__obruta
OTU4595	k__Fungi;p__Ascomycota;c__;o__;f__;g__;s__
OTU4596	k__Fungi;p__Ascomycota;c__;o__;f__;g__;s__
OTU4597	k__Fungi;p__Ascomycota;c__Lecanoromycetes;o__;f__;g__;s__
OTU4598	k__Fungi;p__;c__;o__;f__;g__;s__
OTU4599	k__Fungi;p__Ascomycota;c__;o__;f__;g__;s__
OTU4600	k__Fungi;p__Ascomycota;c__Lecanoromycetes;o__;f__;g__;s__
OTU4601	k__Fungi;p__;c__;o__;f__;g__;s__
OTU4602	k__Fungi;p__Chytridiomycota;c__;o__;f__;g__;s__
OTU4603	k__Fungi;p__Ascomycota;c__;o__;f__;g__;s__
OTU4604	k__Fungi;p__Ascomycota;c__Lecanoromycetes;o__;f__;g__;s__
OTU4605	k__Fungi;p__;c__;o__;f__;g__;s__
OTU4606	k__Fungi;p__;c__;o__;f__;g__;s__
OTU4607	k__Fungi;p__Ascomycota;c__;o__;f__;g__;s__
OTU4608	k__Fungi;p__Ascomycota;c__Lecanoromycetes;o__;f__;g__;s__
OTU4609	k__Fungi;p__;c__;o__;f__;g__;s__
OTU4610	k__Fungi;p__;c__;o__;f__;g__;s__
OTU4611	k__Fungi;p__;c__;o__;f__;g__;s__
OTU4612	k__Fungi;p__;c__;o__;f__;g__;s__
OTU4613	k__Fungi;p__Ascomycota;c__;o__;f__;g__;s__
OTU4614	k__Fungi;p__Ascomycota;c__Lecanoromycetes;o__Pertusariales;f__Pertusariaceae;g__Pertusaria;s__obruta
OTU4615	k__Fungi;p__Ascomycota;c__Lecanoromycetes;o__;f__;g__;s__
OTU4616	k__Fungi;p__;c__;o__;f__;g__;s__
OTU4617	k__Fungi;p__;c__;o__;f__;g__;s__
OTU4618	k__Fungi;p__;c__;o__;f__;g__;s__
OTU4619	k__Fungi;p__;c__;o__;f__;g__;s__
OTU4620	k__Fungi;p__;c__;o__;f__;g__;s__
OTU4621	k__Fungi;p__Ascomycota;c__;o__;f__;g__;s__
OTU4622	k__Fungi;p__;c__;o__;f__;g__;s__
OTU4623	k__Fungi;p__Ascomycota;c__;o__;f__;g__;s__
OTU4624	k__Fungi;p__;c__;o__;f__;g__;s__
OTU4625	k__Fungi;p__;c__;o__;f__;g__;s__
OTU4626	k__Fungi;p__;c__;o__;f__;g__;s__
OTU4627	k__Fungi;p__;c__;o__;f__;g__;s__
OTU4628	k__Fungi;p__Ascomycota;c__;o__;f__;g__;s__
OTU4629	k__Fungi;p__;c__;o__;f__;g__;s__
OTU4630	k__Fungi;p__;c__;o__;f__;g__;s__
OTU4631	k__Fungi;p__Ascomycota;c__Lecanoromycetes;o__;f__;g__;s__
OTU4632	k__Fungi;p__Ascomycota;c__;o__;f__;g__;s__
OTU4633	k__Fungi;p__;c__;o__;f__;g__;s__
OTU4634	k__Fungi;p__;c__;o__;f__;g__;s__
OTU4635	k__Fungi;p__Chytridiomycota;c__;o__;f__;g__;s__
OTU4636	k__Fungi;p__;c__;o__;f__;g__;s__
OTU4637	k__Fungi;p__;c__;o__;f__;g__;s__
OTU4638	k__Fungi;p__Ascomycota;c__;o__;f__;g__;s__
OTU4639	k__Fungi;p__Ascomycota;c__;o__;f__;g__;s__
OTU4640	k__Fungi;p__Ascomycota;c__;o__;f__;g__;s__
OTU4641	k__Fungi;p__;c__;o__;f__;g__;s__
OTU4642	k__Fungi;p__Chytridiomycota;c__;o__;f__;g__;s__
OTU4643	k__Fungi;p__;c__;o__;f__;g__;s__
OTU4644	k__Fungi;p__Ascomycota;c__Lecanoromycetes;o__;f__;g__;s__
OTU4645	k__Fungi;p__Ascomycota;c__Lecanoromycetes;o__;f__;g__;s__
OTU4646	k__Fungi;p__Ascomycota;c__Lecanoromycetes;o__;f__;g__;s__
OTU4647	k__Fungi;p__Ascomycota;c__Lecanoromycetes;o__;f__;g__;s__
OTU4648	k__Fungi;p__;c__;o__;f__;g__;s__
OTU4649	k__Fungi;p__Ascomycota;c__;o__;f__;g__;s__
OTU4650	k__Fungi;p__;c__;o__;f__;g__;s__
OTU4651	k__Fungi;p__Ascomycota;c__Lecanoromycetes;o__;f__;g__;s__
OTU4652	k__Fungi;p__Ascomycota;c__;o__;f__;g__;s__
OTU4653	k__Fungi;p__Ascomycota;c__Lecanoromycetes;o__;f__;g__;s__
OTU4654	k__Fungi;p__Ascomycota;c__Lecanoromycetes;o__;f__;g__;s__
OTU4655	k__Fungi;p__Chytridiomycota;c__;o__;f__;g__;s__
OTU4656	k__Fungi;p__Ascomycota;c__Lecanoromycetes;o__;f__;g__;s__
OTU4657	k__Fungi;p__Ascomycota;c__Lecanoromycetes;o__;f__;g__;s__
OTU4658	k__Fungi;p__;c__;o__;f__;g__;s__
OTU4659	k__Fungi;p__;c__;o__;f__;g__;s__
OTU4660	k__Fungi;p__Chytridiomycota;c__;o__;f__;g__;s__
OTU4661	k__Fungi;p__Ascomycota;c__;o__;f__;g__;s__
OTU4662	k__Fungi;p__Ascomycota;c__Lecanoromycetes;o__Pertusariales;f__Pertusariaceae;g__Pertusaria;s__obruta
OTU4663	k__Fungi;p__Ascomycota;c__Lecanoromycetes;o__;f__;g__;s__
OTU4664	k__Fungi;p__Ascomycota;c__;o__;f__;g__;s__
OTU4665	k__Fungi;p__;c__;o__;f__;g__;s__
OTU4666	k__Fungi;p__Chytridiomycota;c__Chytridiomycota_cls_Incertae_sedis;o__Chytridiomycota_ord_Incertae_sedis;f__Chytridiomycota_fam_Incertae_sedis;g__Chytridiomycota_gen_Incertae_sedis;s__
OTU4667	k__Fungi;p__;c__;o__;f__;g__;s__
OTU4668	k__Fungi;p__Ascomycota;c__;o__;f__;g__;s__
OTU4669	k__Fungi;p__Ascomycota;c__Lecanoromycetes;o__;f__;g__;s__
OTU4670	k__Fungi;p__;c__;o__;f__;g__;s__
OTU4671	k__Fungi;p__Chytridiomycota;c__;o__;f__;g__;s__
OTU4672	k__Fungi;p__;c__;o__;f__;g__;s__
OTU4673	k__Fungi;p__Chytridiomycota;c__;o__;f__;g__;s__
OTU4674	k__Fungi;p__;c__;o__;f__;g__;s__
OTU4675	k__Fungi;p__;c__;o__;f__;g__;s__
OTU4676	k__Fungi;p__Ascomycota;c__Lecanoromycetes;o__;f__;g__;s__
OTU4677	k__Fungi;p__;c__;o__;f__;g__;s__
OTU4678	k__Fungi;p__Ascomycota;c__;o__;f__;g__;s__
OTU4679	k__Fungi;p__;c__;o__;f__;g__;s__
OTU4680	k__Fungi;p__Chytridiomycota;c__;o__;f__;g__;s__
OTU4681	k__Fungi;p__;c__;o__;f__;g__;s__
OTU4682	k__Fungi;p__Ascomycota;c__;o__;f__;g__;s__
OTU4683	k__Fungi;p__;c__;o__;f__;g__;s__
OTU4684	k__Fungi;p__;c__;o__;f__;g__;s__
OTU4685	k__Fungi;p__Chytridiomycota;c__Chytridiomycota_cls_Incertae_sedis;o__Chytridiomycota_ord_Incertae_sedis;f__Chytridiomycota_fam_Incertae_sedis;g__Chytridiomycota_gen_Incertae_sedis;s__
OTU4686	k__Fungi;p__Chytridiomycota;c__;o__;f__;g__;s__
OTU4687	k__Fungi;p__Chytridiomycota;c__;o__;f__;g__;s__
OTU4688	k__Fungi;p__Ascomycota;c__;o__;f__;g__;s__
OTU4689	k__Fungi;p__;c__;o__;f__;g__;s__
OTU4690	k__Fungi;p__;c__;o__;f__;g__;s__
OTU4691	k__Fungi;p__;c__;o__;f__;g__;s__
OTU4692	k__Fungi;p__;c__;o__;f__;g__;s__
OTU4693	k__Fungi;p__;c__;o__;f__;g__;s__
OTU4694	k__Fungi;p__;c__;o__;f__;g__;s__
OTU4695	k__Fungi;p__Ascomycota;c__;o__;f__;g__;s__
OTU4696	k__Fungi;p__;c__;o__;f__;g__;s__
OTU4697	k__Fungi;p__Chytridiomycota;c__Chytridiomycota_cls_Incertae_sedis;o__Chytridiomycota_ord_Incertae_sedis;f__Chytridiomycota_fam_Incertae_sedis;g__Chytridiomycota_gen_Incertae_sedis;s__
OTU4698	k__Fungi;p__;c__;o__;f__;g__;s__
OTU4699	k__Fungi;p__;c__;o__;f__;g__;s__
OTU4700	k__Fungi;p__Ascomycota;c__;o__;f__;g__;s__
OTU4701	k__Fungi;p__;c__;o__;f__;g__;s__
OTU4702	k__Fungi;p__;c__;o__;f__;g__;s__
OTU4703	k__Fungi;p__;c__;o__;f__;g__;s__
OTU4704	k__Fungi;p__Ascomycota;c__;o__;f__;g__;s__
OTU4705	k__Fungi;p__Ascomycota;c__Lecanoromycetes;o__;f__;g__;s__
OTU4706	k__Fungi;p__;c__;o__;f__;g__;s__
OTU4707	k__Fungi;p__Ascomycota;c__Sordariomycetes;o__Glomerellales;f__Glomerellaceae;g__Colletotrichum;s__shivasii
OTU4708	k__Fungi;p__Ascomycota;c__;o__;f__;g__;s__
OTU4709	k__Fungi;p__Ascomycota;c__;o__;f__;g__;s__
OTU4710	k__Fungi;p__Ascomycota;c__;o__;f__;g__;s__
OTU4711	k__Fungi;p__;c__;o__;f__;g__;s__
OTU4712	k__Fungi;p__Ascomycota;c__Lecanoromycetes;o__Pertusariales;f__Pertusariaceae;g__Pertusaria;s__obruta
OTU4713	k__Fungi;p__Chytridiomycota;c__;o__;f__;g__;s__
OTU4714	k__Fungi;p__;c__;o__;f__;g__;s__
OTU4715	k__Fungi;p__;c__;o__;f__;g__;s__
OTU4716	k__Fungi;p__Ascomycota;c__;o__;f__;g__;s__
OTU4717	k__Fungi;p__Ascomycota;c__;o__;f__;g__;s__
OTU4718	k__Fungi;p__;c__;o__;f__;g__;s__
OTU4719	k__Fungi;p__Ascomycota;c__Saccharomycetes;o__Saccharomycetales;f__Saccharomycetales_fam_Incertae_sedis;g__Candida;s__albicans
OTU4720	k__Fungi;p__Ascomycota;c__Lecanoromycetes;o__Pertusariales;f__Pertusariaceae;g__Pertusaria;s__obruta
OTU4721	k__Fungi;p__Ascomycota;c__Lecanoromycetes;o__;f__;g__;s__
OTU4722	k__Fungi;p__Ascomycota;c__Lecanoromycetes;o__;f__;g__;s__
OTU4723	k__Fungi;p__;c__;o__;f__;g__;s__
OTU4724	k__Fungi;p__;c__;o__;f__;g__;s__
OTU4725	k__Fungi;p__Ascomycota;c__Lecanoromycetes;o__;f__;g__;s__
OTU4726	k__Fungi;p__;c__;o__;f__;g__;s__
OTU4727	k__Fungi;p__Chytridiomycota;c__Chytridiomycota_cls_Incertae_sedis;o__Chytridiomycota_ord_Incertae_sedis;f__Chytridiomycota_fam_Incertae_sedis;g__Chytridiomycota_gen_Incertae_sedis;s__
OTU4728	k__Fungi;p__;c__;o__;f__;g__;s__
OTU4729	k__Fungi;p__Ascomycota;c__Lecanoromycetes;o__;f__;g__;s__
OTU4730	k__Fungi;p__;c__;o__;f__;g__;s__
OTU4731	k__Fungi;p__Ascomycota;c__Lecanoromycetes;o__;f__;g__;s__
OTU4732	k__Fungi;p__Ascomycota;c__;o__;f__;g__;s__
OTU4733	k__Fungi;p__;c__;o__;f__;g__;s__
OTU4734	k__Fungi;p__Chytridiomycota;c__Chytridiomycota_cls_Incertae_sedis;o__Chytridiomycota_ord_Incertae_sedis;f__Chytridiomycota_fam_Incertae_sedis;g__Chytridiomycota_gen_Incertae_sedis;s__
OTU4735	k__Fungi;p__Chytridiomycota;c__;o__;f__;g__;s__
OTU4736	k__Fungi;p__Chytridiomycota;c__Chytridiomycota_cls_Incertae_sedis;o__Chytridiomycota_ord_Incertae_sedis;f__Chytridiomycota_fam_Incertae_sedis;g__Chytridiomycota_gen_Incertae_sedis;s__
OTU4737	k__Fungi;p__;c__;o__;f__;g__;s__
OTU4738	k__Fungi;p__;c__;o__;f__;g__;s__
OTU4739	k__Fungi;p__Ascomycota;c__;o__;f__;g__;s__
OTU4740	k__Fungi;p__Ascomycota;c__Lecanoromycetes;o__Caliciales;f__Physciaceae;g__Kurokawia;s__palmulata
OTU4741	k__Fungi;p__Ascomycota;c__;o__;f__;g__;s__
OTU4742	k__Fungi;p__Ascomycota;c__Lecanoromycetes;o__;f__;g__;s__
OTU4743	k__Fungi;p__Ascomycota;c__Lecanoromycetes;o__;f__;g__;s__
OTU4744	k__Fungi;p__;c__;o__;f__;g__;s__
OTU4745	k__Fungi;p__Chytridiomycota;c__;o__;f__;g__;s__
OTU4746	k__Fungi;p__;c__;o__;f__;g__;s__
OTU4747	k__Fungi;p__Ascomycota;c__Dothideomycetes;o__Pleosporales;f__Pleosporaceae;g__Alternaria;s__
OTU4748	k__Fungi;p__Chytridiomycota;c__;o__;f__;g__;s__
OTU4749	k__Fungi;p__Ascomycota;c__;o__;f__;g__;s__
OTU4750	k__Fungi;p__Ascomycota;c__Lecanoromycetes;o__;f__;g__;s__
OTU4751	k__Fungi;p__;c__;o__;f__;g__;s__
OTU4752	k__Fungi;p__;c__;o__;f__;g__;s__
OTU4753	k__Fungi;p__Ascomycota;c__;o__;f__;g__;s__
OTU4754	k__Fungi;p__Chytridiomycota;c__;o__;f__;g__;s__
OTU4755	k__Fungi;p__Chytridiomycota;c__;o__;f__;g__;s__
OTU4756	k__Fungi;p__Ascomycota;c__Lecanoromycetes;o__;f__;g__;s__
OTU4757	k__Fungi;p__;c__;o__;f__;g__;s__
OTU4758	k__Fungi;p__;c__;o__;f__;g__;s__
OTU4759	k__Fungi;p__;c__;o__;f__;g__;s__
OTU4760	k__Fungi;p__Ascomycota;c__Lecanoromycetes;o__;f__;g__;s__
OTU4761	k__Fungi;p__Ascomycota;c__Lecanoromycetes;o__;f__;g__;s__
OTU4762	k__Fungi;p__Basidiomycota;c__Agaricomycetes;o__Polyporales;f__Irpicaceae;g__Irpex;s__lacteus
OTU4763	k__Fungi;p__Ascomycota;c__;o__;f__;g__;s__
OTU4764	k__Fungi;p__;c__;o__;f__;g__;s__
OTU4765	k__Fungi;p__Ascomycota;c__;o__;f__;g__;s__
OTU4766	k__Fungi;p__Chytridiomycota;c__;o__;f__;g__;s__
OTU4767	k__Fungi;p__;c__;o__;f__;g__;s__
OTU4768	k__Fungi;p__;c__;o__;f__;g__;s__
OTU4769	k__Fungi;p__Ascomycota;c__Lecanoromycetes;o__;f__;g__;s__
OTU4770	k__Fungi;p__;c__;o__;f__;g__;s__
OTU4771	k__Fungi;p__;c__;o__;f__;g__;s__
OTU4772	k__Fungi;p__Chytridiomycota;c__;o__;f__;g__;s__
OTU4773	k__Fungi;p__;c__;o__;f__;g__;s__
OTU4774	k__Fungi;p__Ascomycota;c__;o__;f__;g__;s__
OTU4775	k__Fungi;p__;c__;o__;f__;g__;s__
OTU4776	k__Fungi;p__;c__;o__;f__;g__;s__
OTU4777	k__Fungi;p__Ascomycota;c__;o__;f__;g__;s__
OTU4778	k__Fungi;p__;c__;o__;f__;g__;s__
OTU4779	k__Fungi;p__Ascomycota;c__Lecanoromycetes;o__Pertusariales;f__Pertusariaceae;g__Pertusaria;s__obruta
OTU4780	k__Fungi;p__;c__;o__;f__;g__;s__
OTU4781	k__Fungi;p__Ascomycota;c__Lecanoromycetes;o__;f__;g__;s__
OTU4782	k__Fungi;p__;c__;o__;f__;g__;s__
OTU4783	k__Fungi;p__;c__;o__;f__;g__;s__
OTU4784	k__Fungi;p__Ascomycota;c__;o__;f__;g__;s__
OTU4785	k__Fungi;p__;c__;o__;f__;g__;s__
OTU4786	k__Fungi;p__;c__;o__;f__;g__;s__
OTU4787	k__Fungi;p__;c__;o__;f__;g__;s__
OTU4788	k__Fungi;p__Fungi_phy_Incertae_sedis;c__Fungi_cls_Incertae_sedis;o__Fungi_ord_Incertae_sedis;f__Fungi_fam_Incertae_sedis;g__Fungi_gen_Incertae_sedis;s__
OTU4789	k__Fungi;p__Ascomycota;c__Lecanoromycetes;o__;f__;g__;s__
OTU4790	k__Fungi;p__;c__;o__;f__;g__;s__
OTU4791	k__Fungi;p__;c__;o__;f__;g__;s__
OTU4792	k__Fungi;p__Ascomycota;c__Lecanoromycetes;o__;f__;g__;s__
OTU4793	k__Fungi;p__;c__;o__;f__;g__;s__
OTU4794	k__Fungi;p__Chytridiomycota;c__;o__;f__;g__;s__
OTU4795	k__Fungi;p__Chytridiomycota;c__;o__;f__;g__;s__
OTU4796	k__Fungi;p__Chytridiomycota;c__;o__;f__;g__;s__
OTU4797	k__Fungi;p__;c__;o__;f__;g__;s__
OTU4798	k__Fungi;p__Ascomycota;c__Lecanoromycetes;o__;f__;g__;s__
OTU4799	k__Fungi;p__;c__;o__;f__;g__;s__
OTU4800	k__Fungi;p__;c__;o__;f__;g__;s__
OTU4801	k__Fungi;p__Chytridiomycota;c__;o__;f__;g__;s__
OTU4802	k__Fungi;p__;c__;o__;f__;g__;s__
OTU4803	k__Fungi;p__;c__;o__;f__;g__;s__
OTU4804	k__Fungi;p__Ascomycota;c__Lecanoromycetes;o__;f__;g__;s__
OTU4805	k__Fungi;p__Ascomycota;c__Lecanoromycetes;o__;f__;g__;s__
OTU4806	k__Fungi;p__;c__;o__;f__;g__;s__
OTU4807	k__Fungi;p__Ascomycota;c__Lecanoromycetes;o__;f__;g__;s__
OTU4808	k__Fungi;p__;c__;o__;f__;g__;s__
OTU4809	k__Fungi;p__;c__;o__;f__;g__;s__
OTU4810	k__Fungi;p__Ascomycota;c__Lecanoromycetes;o__;f__;g__;s__
OTU4811	k__Fungi;p__Ascomycota;c__;o__;f__;g__;s__
OTU4812	k__Fungi;p__;c__;o__;f__;g__;s__
OTU4813	k__Fungi;p__Ascomycota;c__;o__;f__;g__;s__
OTU4814	k__Fungi;p__Ascomycota;c__;o__;f__;g__;s__
OTU4815	k__Fungi;p__;c__;o__;f__;g__;s__
OTU4816	k__Fungi;p__;c__;o__;f__;g__;s__
OTU4817	k__Fungi;p__Ascomycota;c__Lecanoromycetes;o__Pertusariales;f__Pertusariaceae;g__Pertusaria;s__obruta
OTU4818	k__Fungi;p__Chytridiomycota;c__Chytridiomycota_cls_Incertae_sedis;o__Chytridiomycota_ord_Incertae_sedis;f__Chytridiomycota_fam_Incertae_sedis;g__Chytridiomycota_gen_Incertae_sedis;s__
OTU4819	k__Fungi;p__Ascomycota;c__;o__;f__;g__;s__
OTU4820	k__Fungi;p__;c__;o__;f__;g__;s__
OTU4821	k__Fungi;p__Chytridiomycota;c__Chytridiomycota_cls_Incertae_sedis;o__Chytridiomycota_ord_Incertae_sedis;f__Chytridiomycota_fam_Incertae_sedis;g__Chytridiomycota_gen_Incertae_sedis;s__
OTU4822	k__Fungi;p__Ascomycota;c__Lecanoromycetes;o__Pertusariales;f__Pertusariaceae;g__Pertusaria;s__obruta
OTU4823	k__Fungi;p__Ascomycota;c__;o__;f__;g__;s__
OTU4824	k__Fungi;p__Chytridiomycota;c__;o__;f__;g__;s__
OTU4825	k__Fungi;p__;c__;o__;f__;g__;s__
OTU4826	k__Fungi;p__Ascomycota;c__;o__;f__;g__;s__
OTU4827	k__Fungi;p__;c__;o__;f__;g__;s__
OTU4828	k__Fungi;p__;c__;o__;f__;g__;s__
OTU4829	k__Fungi;p__;c__;o__;f__;g__;s__
OTU4830	k__Fungi;p__Ascomycota;c__Lecanoromycetes;o__;f__;g__;s__
OTU4831	k__Fungi;p__Chytridiomycota;c__;o__;f__;g__;s__
OTU4832	k__Fungi;p__;c__;o__;f__;g__;s__
OTU4833	k__Fungi;p__Chytridiomycota;c__Chytridiomycota_cls_Incertae_sedis;o__Chytridiomycota_ord_Incertae_sedis;f__Chytridiomycota_fam_Incertae_sedis;g__Chytridiomycota_gen_Incertae_sedis;s__
OTU4834	k__Fungi;p__Ascomycota;c__;o__;f__;g__;s__
OTU4835	k__Fungi;p__;c__;o__;f__;g__;s__
OTU4836	k__Fungi;p__;c__;o__;f__;g__;s__
OTU4837	k__Fungi;p__Ascomycota;c__Lecanoromycetes;o__Pertusariales;f__Pertusariaceae;g__Pertusaria;s__obruta
OTU4838	k__Fungi;p__Ascomycota;c__;o__;f__;g__;s__
OTU4839	k__Fungi;p__Ascomycota;c__;o__;f__;g__;s__
OTU4840	k__Fungi;p__;c__;o__;f__;g__;s__
OTU4841	k__Fungi;p__;c__;o__;f__;g__;s__
OTU4842	k__Fungi;p__;c__;o__;f__;g__;s__
OTU4843	k__Fungi;p__;c__;o__;f__;g__;s__
OTU4844	k__Fungi;p__Ascomycota;c__;o__;f__;g__;s__
OTU4845	k__Fungi;p__Chytridiomycota;c__;o__;f__;g__;s__
OTU4846	k__Fungi;p__;c__;o__;f__;g__;s__
OTU4847	k__Fungi;p__;c__;o__;f__;g__;s__
OTU4848	k__Fungi;p__;c__;o__;f__;g__;s__
OTU4849	k__Fungi;p__;c__;o__;f__;g__;s__
OTU4850	k__Fungi;p__;c__;o__;f__;g__;s__
OTU4851	k__Fungi;p__Ascomycota;c__;o__;f__;g__;s__
OTU4852	k__Fungi;p__;c__;o__;f__;g__;s__
OTU4853	k__Fungi;p__;c__;o__;f__;g__;s__
OTU4854	k__Fungi;p__;c__;o__;f__;g__;s__
OTU4855	k__Fungi;p__;c__;o__;f__;g__;s__
OTU4856	k__Fungi;p__Ascomycota;c__;o__;f__;g__;s__
OTU4857	k__Fungi;p__Ascomycota;c__Lecanoromycetes;o__;f__;g__;s__
OTU4858	k__Fungi;p__;c__;o__;f__;g__;s__
OTU4859	k__Fungi;p__Chytridiomycota;c__Chytridiomycota_cls_Incertae_sedis;o__Chytridiomycota_ord_Incertae_sedis;f__Chytridiomycota_fam_Incertae_sedis;g__Chytridiomycota_gen_Incertae_sedis;s__
OTU4860	k__Fungi;p__;c__;o__;f__;g__;s__
OTU4861	k__Fungi;p__;c__;o__;f__;g__;s__
OTU4862	k__Fungi;p__;c__;o__;f__;g__;s__
OTU4863	k__Fungi;p__Ascomycota;c__Dothideomycetes;o__Pleosporales;f__Pleosporaceae;g__Alternaria;s__rosae
OTU4864	k__Fungi;p__;c__;o__;f__;g__;s__
OTU4865	k__Fungi;p__Ascomycota;c__Dothideomycetes;o__Pleosporales;f__Pleosporaceae;g__Alternaria;s__infectoria
OTU4866	k__Fungi;p__Basidiomycota;c__Agaricomycetes;o__Corticiales;f__Corticiaceae;g__Limonomyces;s__roseipellis
OTU4867	k__Fungi;p__Ascomycota;c__;o__;f__;g__;s__
OTU4868	k__Fungi;p__;c__;o__;f__;g__;s__
OTU4869	k__Fungi;p__Ascomycota;c__;o__;f__;g__;s__
OTU4870	k__Fungi;p__Chytridiomycota;c__;o__;f__;g__;s__
OTU4871	k__Fungi;p__Ascomycota;c__;o__;f__;g__;s__
OTU4872	k__Fungi;p__;c__;o__;f__;g__;s__
OTU4873	k__Fungi;p__;c__;o__;f__;g__;s__
OTU4874	k__Fungi;p__;c__;o__;f__;g__;s__
OTU4875	k__Fungi;p__Ascomycota;c__;o__;f__;g__;s__
OTU4876	k__Fungi;p__Ascomycota;c__Lecanoromycetes;o__;f__;g__;s__
OTU4877	k__Fungi;p__Ascomycota;c__;o__;f__;g__;s__
OTU4878	k__Fungi;p__;c__;o__;f__;g__;s__
OTU4879	k__Fungi;p__Ascomycota;c__Lecanoromycetes;o__;f__;g__;s__
OTU4880	k__Fungi;p__;c__;o__;f__;g__;s__
OTU4881	k__Fungi;p__;c__;o__;f__;g__;s__
OTU4882	k__Fungi;p__;c__;o__;f__;g__;s__
OTU4883	k__Fungi;p__;c__;o__;f__;g__;s__
OTU4884	k__Fungi;p__;c__;o__;f__;g__;s__
OTU4885	k__Fungi;p__Ascomycota;c__Lecanoromycetes;o__;f__;g__;s__
OTU4886	k__Fungi;p__;c__;o__;f__;g__;s__
OTU4887	k__Fungi;p__;c__;o__;f__;g__;s__
OTU4888	k__Fungi;p__Chytridiomycota;c__;o__;f__;g__;s__
OTU4889	k__Fungi;p__;c__;o__;f__;g__;s__
OTU4890	k__Fungi;p__Ascomycota;c__Lecanoromycetes;o__Pertusariales;f__Pertusariaceae;g__Pertusaria;s__obruta
OTU4891	k__Fungi;p__;c__;o__;f__;g__;s__
OTU4892	k__Fungi;p__Ascomycota;c__Lecanoromycetes;o__;f__;g__;s__
OTU4893	k__Fungi;p__;c__;o__;f__;g__;s__
OTU4894	k__Fungi;p__Chytridiomycota;c__Chytridiomycota_cls_Incertae_sedis;o__Chytridiomycota_ord_Incertae_sedis;f__Chytridiomycota_fam_Incertae_sedis;g__Chytridiomycota_gen_Incertae_sedis;s__
OTU4895	k__Fungi;p__;c__;o__;f__;g__;s__
OTU4896	k__Fungi;p__;c__;o__;f__;g__;s__
OTU4897	k__Fungi;p__;c__;o__;f__;g__;s__
OTU4898	k__Fungi;p__Ascomycota;c__Lecanoromycetes;o__;f__;g__;s__
OTU4899	k__Fungi;p__;c__;o__;f__;g__;s__
OTU4900	k__Fungi;p__;c__;o__;f__;g__;s__
OTU4901	k__Fungi;p__Ascomycota;c__;o__;f__;g__;s__
OTU4902	k__Fungi;p__;c__;o__;f__;g__;s__
OTU4903	k__Fungi;p__;c__;o__;f__;g__;s__
OTU4904	k__Fungi;p__Ascomycota;c__Lecanoromycetes;o__Pertusariales;f__Pertusariaceae;g__Pertusaria;s__obruta
OTU4905	k__Fungi;p__;c__;o__;f__;g__;s__
OTU4906	k__Fungi;p__;c__;o__;f__;g__;s__
OTU4907	k__Fungi;p__Ascomycota;c__;o__;f__;g__;s__
OTU4908	k__Fungi;p__;c__;o__;f__;g__;s__
OTU4909	k__Fungi;p__Chytridiomycota;c__;o__;f__;g__;s__
OTU4910	k__Fungi;p__Ascomycota;c__;o__;f__;g__;s__
OTU4911	k__Fungi;p__Ascomycota;c__;o__;f__;g__;s__
OTU4912	k__Fungi;p__;c__;o__;f__;g__;s__
OTU4913	k__Fungi;p__;c__;o__;f__;g__;s__
OTU4914	k__Fungi;p__;c__;o__;f__;g__;s__
OTU4915	k__Fungi;p__Ascomycota;c__Lecanoromycetes;o__;f__;g__;s__
OTU4916	k__Fungi;p__Ascomycota;c__;o__;f__;g__;s__
OTU4917	k__Fungi;p__Ascomycota;c__Lecanoromycetes;o__;f__;g__;s__
OTU4918	k__Fungi;p__;c__;o__;f__;g__;s__
OTU4919	k__Fungi;p__Ascomycota;c__Lecanoromycetes;o__;f__;g__;s__
OTU4920	k__Fungi;p__;c__;o__;f__;g__;s__
OTU4921	k__Fungi;p__Chytridiomycota;c__;o__;f__;g__;s__
OTU4922	k__Fungi;p__;c__;o__;f__;g__;s__
OTU4923	k__Fungi;p__;c__;o__;f__;g__;s__
OTU4924	k__Fungi;p__Ascomycota;c__Lecanoromycetes;o__;f__;g__;s__
OTU4925	k__Fungi;p__;c__;o__;f__;g__;s__
OTU4926	k__Fungi;p__;c__;o__;f__;g__;s__
OTU4927	k__Fungi;p__Ascomycota;c__;o__;f__;g__;s__
OTU4928	k__Fungi;p__Ascomycota;c__Lecanoromycetes;o__;f__;g__;s__
OTU4929	k__Fungi;p__Ascomycota;c__;o__;f__;g__;s__
OTU4930	k__Fungi;p__;c__;o__;f__;g__;s__
OTU4931	k__Fungi;p__Chytridiomycota;c__;o__;f__;g__;s__
OTU4932	k__Fungi;p__;c__;o__;f__;g__;s__
OTU4933	k__Fungi;p__Chytridiomycota;c__;o__;f__;g__;s__
OTU4934	k__Fungi;p__Ascomycota;c__;o__;f__;g__;s__
OTU4935	k__Fungi;p__;c__;o__;f__;g__;s__
OTU4936	k__Fungi;p__;c__;o__;f__;g__;s__
OTU4937	k__Fungi;p__Ascomycota;c__Lecanoromycetes;o__;f__;g__;s__
OTU4938	k__Fungi;p__;c__;o__;f__;g__;s__
OTU4939	k__Fungi;p__;c__;o__;f__;g__;s__
OTU4940	k__Fungi;p__Chytridiomycota;c__Chytridiomycota_cls_Incertae_sedis;o__Chytridiomycota_ord_Incertae_sedis;f__Chytridiomycota_fam_Incertae_sedis;g__Chytridiomycota_gen_Incertae_sedis;s__
OTU4941	k__Fungi;p__Ascomycota;c__;o__;f__;g__;s__
OTU4942	k__Fungi;p__Ascomycota;c__;o__;f__;g__;s__
OTU4943	k__Fungi;p__Ascomycota;c__Lecanoromycetes;o__;f__;g__;s__
OTU4944	k__Fungi;p__;c__;o__;f__;g__;s__
OTU4945	k__Fungi;p__;c__;o__;f__;g__;s__
OTU4946	k__Fungi;p__Ascomycota;c__Lecanoromycetes;o__;f__;g__;s__
OTU4947	k__Fungi;p__;c__;o__;f__;g__;s__
OTU4948	k__Fungi;p__Ascomycota;c__;o__;f__;g__;s__
OTU4949	k__Fungi;p__Ascomycota;c__Lecanoromycetes;o__;f__;g__;s__
OTU4950	k__Fungi;p__Chytridiomycota;c__;o__;f__;g__;s__
OTU4951	k__Fungi;p__;c__;o__;f__;g__;s__
OTU4952	k__Fungi;p__Ascomycota;c__;o__;f__;g__;s__
OTU4953	k__Fungi;p__;c__;o__;f__;g__;s__
OTU4954	k__Fungi;p__;c__;o__;f__;g__;s__
OTU4955	k__Fungi;p__Ascomycota;c__Lecanoromycetes;o__;f__;g__;s__
OTU4956	k__Fungi;p__Chytridiomycota;c__Chytridiomycota_cls_Incertae_sedis;o__Chytridiomycota_ord_Incertae_sedis;f__Chytridiomycota_fam_Incertae_sedis;g__Chytridiomycota_gen_Incertae_sedis;s__
OTU4957	k__Fungi;p__;c__;o__;f__;g__;s__
OTU4958	k__Fungi;p__Ascomycota;c__;o__;f__;g__;s__
OTU4959	k__Fungi;p__Chytridiomycota;c__;o__;f__;g__;s__
OTU4960	k__Fungi;p__Ascomycota;c__Lecanoromycetes;o__;f__;g__;s__
OTU4961	k__Fungi;p__Chytridiomycota;c__Chytridiomycota_cls_Incertae_sedis;o__Chytridiomycota_ord_Incertae_sedis;f__Chytridiomycota_fam_Incertae_sedis;g__Chytridiomycota_gen_Incertae_sedis;s__
OTU4962	k__Fungi;p__Ascomycota;c__;o__;f__;g__;s__
OTU4963	k__Fungi;p__;c__;o__;f__;g__;s__
OTU4964	k__Fungi;p__;c__;o__;f__;g__;s__
OTU4965	k__Fungi;p__Ascomycota;c__;o__;f__;g__;s__
OTU4966	k__Fungi;p__;c__;o__;f__;g__;s__
OTU4967	k__Fungi;p__Ascomycota;c__;o__;f__;g__;s__
OTU4968	k__Fungi;p__Chytridiomycota;c__Chytridiomycota_cls_Incertae_sedis;o__Chytridiomycota_ord_Incertae_sedis;f__Chytridiomycota_fam_Incertae_sedis;g__Chytridiomycota_gen_Incertae_sedis;s__
OTU4969	k__Fungi;p__Chytridiomycota;c__;o__;f__;g__;s__
OTU4970	k__Fungi;p__Ascomycota;c__;o__;f__;g__;s__
OTU4971	k__Fungi;p__Ascomycota;c__Lecanoromycetes;o__;f__;g__;s__
OTU4972	k__Fungi;p__Chytridiomycota;c__;o__;f__;g__;s__
OTU4973	k__Fungi;p__;c__;o__;f__;g__;s__
OTU4974	k__Fungi;p__Ascomycota;c__Lecanoromycetes;o__;f__;g__;s__
OTU4975	k__Fungi;p__;c__;o__;f__;g__;s__
OTU4976	k__Fungi;p__Ascomycota;c__;o__;f__;g__;s__
OTU4977	k__Fungi;p__;c__;o__;f__;g__;s__
OTU4978	k__Fungi;p__;c__;o__;f__;g__;s__
OTU4979	k__Fungi;p__Ascomycota;c__Lecanoromycetes;o__;f__;g__;s__
OTU4980	k__Fungi;p__;c__;o__;f__;g__;s__
OTU4981	k__Fungi;p__Ascomycota;c__;o__;f__;g__;s__
OTU4982	k__Fungi;p__Chytridiomycota;c__;o__;f__;g__;s__
OTU4983	k__Fungi;p__;c__;o__;f__;g__;s__
OTU4984	k__Fungi;p__Chytridiomycota;c__;o__;f__;g__;s__
OTU4985	k__Fungi;p__Ascomycota;c__Lecanoromycetes;o__Pertusariales;f__Pertusariaceae;g__Pertusaria;s__obruta
OTU4986	k__Fungi;p__;c__;o__;f__;g__;s__
OTU4987	k__Fungi;p__;c__;o__;f__;g__;s__
OTU4988	k__Fungi;p__Ascomycota;c__;o__;f__;g__;s__
OTU4989	k__Fungi;p__Chytridiomycota;c__Chytridiomycota_cls_Incertae_sedis;o__Chytridiomycota_ord_Incertae_sedis;f__Chytridiomycota_fam_Incertae_sedis;g__Chytridiomycota_gen_Incertae_sedis;s__
OTU4990	k__Fungi;p__Ascomycota;c__Lecanoromycetes;o__;f__;g__;s__
OTU4991	k__Fungi;p__;c__;o__;f__;g__;s__
OTU4992	k__Fungi;p__;c__;o__;f__;g__;s__
OTU4993	k__Fungi;p__;c__;o__;f__;g__;s__
OTU4994	k__Fungi;p__Ascomycota;c__Lecanoromycetes;o__Pertusariales;f__Pertusariaceae;g__Pertusaria;s__obruta
OTU4995	k__Fungi;p__Ascomycota;c__Sordariomycetes;o__Xylariales;f__Microdochiaceae;g__Microdochium;s__seminicola
OTU4996	k__Fungi;p__Ascomycota;c__;o__;f__;g__;s__
OTU4997	k__Fungi;p__Ascomycota;c__Lecanoromycetes;o__;f__;g__;s__
OTU4998	k__Fungi;p__Ascomycota;c__;o__;f__;g__;s__
OTU4999	k__Fungi;p__Ascomycota;c__Lecanoromycetes;o__;f__;g__;s__
OTU5000	k__Fungi;p__Ascomycota;c__;o__;f__;g__;s__
OTU5001	k__Fungi;p__;c__;o__;f__;g__;s__
OTU5002	k__Fungi;p__Ascomycota;c__Lecanoromycetes;o__Pertusariales;f__Pertusariaceae;g__Pertusaria;s__obruta
OTU5003	k__Fungi;p__Ascomycota;c__Lecanoromycetes;o__Pertusariales;f__Pertusariaceae;g__Pertusaria;s__obruta
OTU5004	k__Fungi;p__Ascomycota;c__Lecanoromycetes;o__;f__;g__;s__
OTU5005	k__Fungi;p__Ascomycota;c__;o__;f__;g__;s__
OTU5006	k__Fungi;p__;c__;o__;f__;g__;s__
OTU5007	k__Fungi;p__Ascomycota;c__Lecanoromycetes;o__;f__;g__;s__
OTU5008	k__Fungi;p__Ascomycota;c__Lecanoromycetes;o__;f__;g__;s__
OTU5009	k__Fungi;p__Ascomycota;c__Lecanoromycetes;o__;f__;g__;s__
OTU5010	k__Fungi;p__;c__;o__;f__;g__;s__
OTU5011	k__Fungi;p__;c__;o__;f__;g__;s__
OTU5012	k__Fungi;p__Ascomycota;c__Lecanoromycetes;o__;f__;g__;s__
OTU5013	k__Fungi;p__Ascomycota;c__Lecanoromycetes;o__;f__;g__;s__
OTU5014	k__Fungi;p__;c__;o__;f__;g__;s__
OTU5015	k__Fungi;p__;c__;o__;f__;g__;s__
OTU5016	k__Fungi;p__;c__;o__;f__;g__;s__
OTU5017	k__Fungi;p__;c__;o__;f__;g__;s__
OTU5018	k__Fungi;p__Ascomycota;c__Lecanoromycetes;o__;f__;g__;s__
OTU5019	k__Fungi;p__Ascomycota;c__Lecanoromycetes;o__;f__;g__;s__
OTU5020	k__Fungi;p__;c__;o__;f__;g__;s__
OTU5021	k__Fungi;p__;c__;o__;f__;g__;s__
OTU5022	k__Fungi;p__;c__;o__;f__;g__;s__
OTU5023	k__Fungi;p__Ascomycota;c__Lecanoromycetes;o__;f__;g__;s__
OTU5024	k__Fungi;p__;c__;o__;f__;g__;s__
OTU5025	k__Fungi;p__Ascomycota;c__Lecanoromycetes;o__;f__;g__;s__
OTU5026	k__Fungi;p__Chytridiomycota;c__;o__;f__;g__;s__
OTU5027	k__Fungi;p__;c__;o__;f__;g__;s__
OTU5028	k__Fungi;p__;c__;o__;f__;g__;s__
OTU5029	k__Fungi;p__;c__;o__;f__;g__;s__
OTU5030	k__Fungi;p__;c__;o__;f__;g__;s__
OTU5031	k__Fungi;p__Ascomycota;c__;o__;f__;g__;s__
OTU5032	k__Fungi;p__Ascomycota;c__;o__;f__;g__;s__
OTU5033	k__Fungi;p__;c__;o__;f__;g__;s__
OTU5034	k__Fungi;p__;c__;o__;f__;g__;s__
OTU5035	k__Fungi;p__;c__;o__;f__;g__;s__
OTU5036	k__Fungi;p__Ascomycota;c__;o__;f__;g__;s__
OTU5037	k__Fungi;p__Ascomycota;c__Lecanoromycetes;o__;f__;g__;s__
OTU5038	k__Fungi;p__;c__;o__;f__;g__;s__
OTU5039	k__Fungi;p__Ascomycota;c__;o__;f__;g__;s__
OTU5040	k__Fungi;p__;c__;o__;f__;g__;s__
OTU5041	k__Fungi;p__;c__;o__;f__;g__;s__
OTU5042	k__Fungi;p__;c__;o__;f__;g__;s__
OTU5043	k__Fungi;p__Ascomycota;c__;o__;f__;g__;s__
OTU5044	k__Fungi;p__Ascomycota;c__;o__;f__;g__;s__
OTU5045	k__Fungi;p__;c__;o__;f__;g__;s__
OTU5046	k__Fungi;p__;c__;o__;f__;g__;s__
OTU5047	k__Fungi;p__;c__;o__;f__;g__;s__
OTU5048	k__Fungi;p__Ascomycota;c__;o__;f__;g__;s__
OTU5049	k__Fungi;p__Ascomycota;c__Lecanoromycetes;o__;f__;g__;s__
OTU5050	k__Fungi;p__Ascomycota;c__Lecanoromycetes;o__Graphidales;f__Gomphillaceae;g__Gomphillus;s__calycioides
OTU5051	k__Fungi;p__Ascomycota;c__;o__;f__;g__;s__
OTU5052	k__Fungi;p__Ascomycota;c__Lecanoromycetes;o__;f__;g__;s__
OTU5053	k__Fungi;p__;c__;o__;f__;g__;s__
OTU5054	k__Fungi;p__;c__;o__;f__;g__;s__
OTU5055	k__Fungi;p__Ascomycota;c__;o__;f__;g__;s__
OTU5056	k__Fungi;p__;c__;o__;f__;g__;s__
OTU5057	k__Fungi;p__Chytridiomycota;c__;o__;f__;g__;s__
OTU5058	k__Fungi;p__Ascomycota;c__;o__;f__;g__;s__
OTU5059	k__Fungi;p__;c__;o__;f__;g__;s__
OTU5060	k__Fungi;p__Chytridiomycota;c__Chytridiomycota_cls_Incertae_sedis;o__Chytridiomycota_ord_Incertae_sedis;f__Chytridiomycota_fam_Incertae_sedis;g__Chytridiomycota_gen_Incertae_sedis;s__
OTU5061	k__Fungi;p__Ascomycota;c__;o__;f__;g__;s__
OTU5062	k__Fungi;p__Ascomycota;c__Lecanoromycetes;o__Pertusariales;f__Pertusariaceae;g__Pertusaria;s__obruta
OTU5063	k__Fungi;p__;c__;o__;f__;g__;s__
OTU5064	k__Fungi;p__;c__;o__;f__;g__;s__
OTU5065	k__Fungi;p__Ascomycota;c__;o__;f__;g__;s__
OTU5066	k__Fungi;p__;c__;o__;f__;g__;s__
OTU5067	k__Fungi;p__Chytridiomycota;c__;o__;f__;g__;s__
OTU5068	k__Fungi;p__;c__;o__;f__;g__;s__
OTU5069	k__Fungi;p__Ascomycota;c__Lecanoromycetes;o__;f__;g__;s__
OTU5070	k__Fungi;p__;c__;o__;f__;g__;s__
OTU5071	k__Fungi;p__Ascomycota;c__Lecanoromycetes;o__Pertusariales;f__Pertusariaceae;g__Pertusaria;s__obruta
OTU5072	k__Fungi;p__Ascomycota;c__Lecanoromycetes;o__;f__;g__;s__
OTU5073	k__Fungi;p__Chytridiomycota;c__;o__;f__;g__;s__
OTU5074	k__Fungi;p__Ascomycota;c__;o__;f__;g__;s__
OTU5075	k__Fungi;p__Ascomycota;c__;o__;f__;g__;s__
OTU5076	k__Fungi;p__;c__;o__;f__;g__;s__
OTU5077	k__Fungi;p__;c__;o__;f__;g__;s__
OTU5078	k__Fungi;p__Ascomycota;c__;o__;f__;g__;s__
OTU5079	k__Fungi;p__Ascomycota;c__Lecanoromycetes;o__;f__;g__;s__
OTU5080	k__Fungi;p__;c__;o__;f__;g__;s__
OTU5081	k__Fungi;p__;c__;o__;f__;g__;s__
OTU5082	k__Fungi;p__Ascomycota;c__Lecanoromycetes;o__;f__;g__;s__
OTU5083	k__Fungi;p__Ascomycota;c__Lecanoromycetes;o__;f__;g__;s__
OTU5084	k__Fungi;p__Ascomycota;c__;o__;f__;g__;s__
OTU5085	k__Fungi;p__Ascomycota;c__Lecanoromycetes;o__;f__;g__;s__
OTU5086	k__Fungi;p__;c__;o__;f__;g__;s__
OTU5087	k__Fungi;p__Chytridiomycota;c__Chytridiomycota_cls_Incertae_sedis;o__Chytridiomycota_ord_Incertae_sedis;f__Chytridiomycota_fam_Incertae_sedis;g__Chytridiomycota_gen_Incertae_sedis;s__
OTU5088	k__Fungi;p__Ascomycota;c__;o__;f__;g__;s__
OTU5089	k__Fungi;p__;c__;o__;f__;g__;s__
OTU5090	k__Fungi;p__Ascomycota;c__Lecanoromycetes;o__;f__;g__;s__
OTU5091	k__Fungi;p__Ascomycota;c__;o__;f__;g__;s__
OTU5092	k__Fungi;p__Chytridiomycota;c__;o__;f__;g__;s__
OTU5093	k__Fungi;p__Ascomycota;c__;o__;f__;g__;s__
OTU5094	k__Fungi;p__;c__;o__;f__;g__;s__
OTU5095	k__Fungi;p__Ascomycota;c__Lecanoromycetes;o__;f__;g__;s__
OTU5096	k__Fungi;p__;c__;o__;f__;g__;s__
OTU5097	k__Fungi;p__Chytridiomycota;c__;o__;f__;g__;s__
OTU5098	k__Fungi;p__;c__;o__;f__;g__;s__
OTU5099	k__Fungi;p__;c__;o__;f__;g__;s__
OTU5100	k__Fungi;p__Ascomycota;c__;o__;f__;g__;s__
OTU5101	k__Fungi;p__Ascomycota;c__;o__;f__;g__;s__
OTU5102	k__Fungi;p__Ascomycota;c__;o__;f__;g__;s__
OTU5103	k__Fungi;p__Ascomycota;c__Lecanoromycetes;o__;f__;g__;s__
OTU5104	k__Fungi;p__Chytridiomycota;c__;o__;f__;g__;s__
OTU5105	k__Fungi;p__;c__;o__;f__;g__;s__
OTU5106	k__Fungi;p__Ascomycota;c__;o__;f__;g__;s__
OTU5107	k__Fungi;p__;c__;o__;f__;g__;s__
OTU5108	k__Fungi;p__;c__;o__;f__;g__;s__
OTU5109	k__Fungi;p__;c__;o__;f__;g__;s__
OTU5110	k__Fungi;p__;c__;o__;f__;g__;s__
OTU5111	k__Fungi;p__Chytridiomycota;c__;o__;f__;g__;s__
OTU5112	k__Fungi;p__;c__;o__;f__;g__;s__
OTU5113	k__Fungi;p__Ascomycota;c__;o__;f__;g__;s__
OTU5114	k__Fungi;p__Chytridiomycota;c__;o__;f__;g__;s__
OTU5115	k__Fungi;p__;c__;o__;f__;g__;s__
OTU5116	k__Fungi;p__;c__;o__;f__;g__;s__
OTU5117	k__Fungi;p__Ascomycota;c__Lecanoromycetes;o__Pertusariales;f__Pertusariaceae;g__Pertusaria;s__obruta
OTU5118	k__Fungi;p__;c__;o__;f__;g__;s__
OTU5119	k__Fungi;p__Ascomycota;c__;o__;f__;g__;s__
OTU5120	k__Fungi;p__;c__;o__;f__;g__;s__
OTU5121	k__Fungi;p__Chytridiomycota;c__Chytridiomycota_cls_Incertae_sedis;o__Chytridiomycota_ord_Incertae_sedis;f__Chytridiomycota_fam_Incertae_sedis;g__Chytridiomycota_gen_Incertae_sedis;s__
OTU5122	k__Fungi;p__;c__;o__;f__;g__;s__
OTU5123	k__Fungi;p__Chytridiomycota;c__;o__;f__;g__;s__
OTU5124	k__Fungi;p__;c__;o__;f__;g__;s__
OTU5125	k__Fungi;p__Ascomycota;c__Lecanoromycetes;o__Graphidales;f__Gomphillaceae;g__Gomphillus;s__calycioides
OTU5126	k__Fungi;p__;c__;o__;f__;g__;s__
OTU5127	k__Fungi;p__Ascomycota;c__Lecanoromycetes;o__Pertusariales;f__Pertusariaceae;g__Pertusaria;s__obruta
OTU5128	k__Fungi;p__;c__;o__;f__;g__;s__
OTU5129	k__Fungi;p__;c__;o__;f__;g__;s__
OTU5130	k__Fungi;p__;c__;o__;f__;g__;s__
OTU5131	k__Fungi;p__Chytridiomycota;c__Chytridiomycota_cls_Incertae_sedis;o__Chytridiomycota_ord_Incertae_sedis;f__Chytridiomycota_fam_Incertae_sedis;g__Chytridiomycota_gen_Incertae_sedis;s__
OTU5132	k__Fungi;p__;c__;o__;f__;g__;s__
OTU5133	k__Fungi;p__;c__;o__;f__;g__;s__
OTU5134	k__Fungi;p__Chytridiomycota;c__Chytridiomycota_cls_Incertae_sedis;o__Chytridiomycota_ord_Incertae_sedis;f__Chytridiomycota_fam_Incertae_sedis;g__Chytridiomycota_gen_Incertae_sedis;s__
OTU5135	k__Fungi;p__;c__;o__;f__;g__;s__
OTU5136	k__Fungi;p__Ascomycota;c__Lecanoromycetes;o__Graphidales;f__Gomphillaceae;g__Gomphillus;s__calycioides
OTU5137	k__Fungi;p__;c__;o__;f__;g__;s__
OTU5138	k__Fungi;p__Ascomycota;c__Lecanoromycetes;o__;f__;g__;s__
OTU5139	k__Fungi;p__Ascomycota;c__;o__;f__;g__;s__
OTU5140	k__Fungi;p__;c__;o__;f__;g__;s__
OTU5141	k__Fungi;p__Chytridiomycota;c__Chytridiomycota_cls_Incertae_sedis;o__Chytridiomycota_ord_Incertae_sedis;f__Chytridiomycota_fam_Incertae_sedis;g__Chytridiomycota_gen_Incertae_sedis;s__
OTU5142	k__Fungi;p__;c__;o__;f__;g__;s__
OTU5143	k__Fungi;p__Ascomycota;c__;o__;f__;g__;s__
OTU5144	k__Fungi;p__Ascomycota;c__Lecanoromycetes;o__;f__;g__;s__
OTU5145	k__Fungi;p__;c__;o__;f__;g__;s__
OTU5146	k__Fungi;p__Chytridiomycota;c__Chytridiomycota_cls_Incertae_sedis;o__Chytridiomycota_ord_Incertae_sedis;f__Chytridiomycota_fam_Incertae_sedis;g__Chytridiomycota_gen_Incertae_sedis;s__
OTU5147	k__Fungi;p__Ascomycota;c__Saccharomycetes;o__Saccharomycetales;f__;g__;s__
OTU5148	k__Fungi;p__;c__;o__;f__;g__;s__
OTU5149	k__Fungi;p__;c__;o__;f__;g__;s__
OTU5150	k__Fungi;p__;c__;o__;f__;g__;s__
OTU5151	k__Fungi;p__Ascomycota;c__Lecanoromycetes;o__Graphidales;f__Gomphillaceae;g__Gomphillus;s__calycioides
OTU5152	k__Fungi;p__Chytridiomycota;c__Chytridiomycota_cls_Incertae_sedis;o__Chytridiomycota_ord_Incertae_sedis;f__Chytridiomycota_fam_Incertae_sedis;g__Chytridiomycota_gen_Incertae_sedis;s__
OTU5153	k__Fungi;p__;c__;o__;f__;g__;s__
OTU5154	k__Fungi;p__Ascomycota;c__;o__;f__;g__;s__
OTU5155	k__Fungi;p__;c__;o__;f__;g__;s__
OTU5156	k__Fungi;p__Ascomycota;c__;o__;f__;g__;s__
OTU5157	k__Fungi;p__Ascomycota;c__Lecanoromycetes;o__;f__;g__;s__
OTU5158	k__Fungi;p__Ascomycota;c__Lecanoromycetes;o__;f__;g__;s__
OTU5159	k__Fungi;p__Chytridiomycota;c__;o__;f__;g__;s__
OTU5160	k__Fungi;p__;c__;o__;f__;g__;s__
OTU5161	k__Fungi;p__Ascomycota;c__;o__;f__;g__;s__
OTU5162	k__Fungi;p__;c__;o__;f__;g__;s__
OTU5163	k__Fungi;p__Chytridiomycota;c__;o__;f__;g__;s__
OTU5164	k__Fungi;p__Ascomycota;c__;o__;f__;g__;s__
OTU5165	k__Fungi;p__Ascomycota;c__Lecanoromycetes;o__Pertusariales;f__Pertusariaceae;g__Pertusaria;s__obruta
OTU5166	k__Fungi;p__Ascomycota;c__;o__;f__;g__;s__
OTU5167	k__Fungi;p__Chytridiomycota;c__;o__;f__;g__;s__
OTU5168	k__Fungi;p__Ascomycota;c__Lecanoromycetes;o__;f__;g__;s__
OTU5169	k__Fungi;p__;c__;o__;f__;g__;s__
OTU5170	k__Fungi;p__Ascomycota;c__Lecanoromycetes;o__;f__;g__;s__
OTU5171	k__Fungi;p__;c__;o__;f__;g__;s__
OTU5172	k__Fungi;p__;c__;o__;f__;g__;s__
OTU5173	k__Fungi;p__Ascomycota;c__Lecanoromycetes;o__Graphidales;f__Gomphillaceae;g__Gomphillus;s__calycioides
OTU5174	k__Fungi;p__Ascomycota;c__Lecanoromycetes;o__;f__;g__;s__
OTU5175	k__Fungi;p__Ascomycota;c__Lecanoromycetes;o__;f__;g__;s__
OTU5176	k__Fungi;p__;c__;o__;f__;g__;s__
OTU5177	k__Fungi;p__Ascomycota;c__;o__;f__;g__;s__
OTU5178	k__Fungi;p__Ascomycota;c__Lecanoromycetes;o__Pertusariales;f__Pertusariaceae;g__Pertusaria;s__obruta
OTU5179	k__Fungi;p__Fungi_phy_Incertae_sedis;c__Fungi_cls_Incertae_sedis;o__Fungi_ord_Incertae_sedis;f__Fungi_fam_Incertae_sedis;g__Fungi_gen_Incertae_sedis;s__
OTU5180	k__Fungi;p__;c__;o__;f__;g__;s__
OTU5181	k__Fungi;p__;c__;o__;f__;g__;s__
OTU5182	k__Fungi;p__Ascomycota;c__;o__;f__;g__;s__
OTU5183	k__Fungi;p__;c__;o__;f__;g__;s__
OTU5184	k__Fungi;p__;c__;o__;f__;g__;s__
OTU5185	k__Fungi;p__Ascomycota;c__Lecanoromycetes;o__Pertusariales;f__Pertusariaceae;g__Pertusaria;s__obruta
OTU5186	k__Fungi;p__;c__;o__;f__;g__;s__
OTU5187	k__Fungi;p__Ascomycota;c__Lecanoromycetes;o__;f__;g__;s__
OTU5188	k__Fungi;p__;c__;o__;f__;g__;s__
OTU5189	k__Fungi;p__Ascomycota;c__;o__;f__;g__;s__
OTU5190	k__Fungi;p__;c__;o__;f__;g__;s__
OTU5191	k__Fungi;p__;c__;o__;f__;g__;s__
OTU5192	k__Fungi;p__Ascomycota;c__;o__;f__;g__;s__
OTU5193	k__Fungi;p__Ascomycota;c__Lecanoromycetes;o__Pertusariales;f__Pertusariaceae;g__Pertusaria;s__obruta
OTU5194	k__Fungi;p__Ascomycota;c__Lecanoromycetes;o__;f__;g__;s__
OTU5195	k__Fungi;p__;c__;o__;f__;g__;s__
OTU5196	k__Fungi;p__;c__;o__;f__;g__;s__
OTU5197	k__Fungi;p__Chytridiomycota;c__;o__;f__;g__;s__
OTU5198	k__Fungi;p__;c__;o__;f__;g__;s__
OTU5199	k__Fungi;p__;c__;o__;f__;g__;s__
OTU5200	k__Fungi;p__Mucoromycota;c__Mucoromycetes;o__Mucorales;f__Mucoraceae;g__Mucor;s__circinelloides
OTU5201	k__Fungi;p__Ascomycota;c__Lecanoromycetes;o__;f__;g__;s__
OTU5202	k__Fungi;p__;c__;o__;f__;g__;s__
OTU5203	k__Fungi;p__;c__;o__;f__;g__;s__
OTU5204	k__Fungi;p__;c__;o__;f__;g__;s__
OTU5205	k__Fungi;p__Ascomycota;c__Lecanoromycetes;o__;f__;g__;s__
OTU5206	k__Fungi;p__Ascomycota;c__Lecanoromycetes;o__Pertusariales;f__Pertusariaceae;g__Pertusaria;s__obruta
OTU5207	k__Fungi;p__Ascomycota;c__Lecanoromycetes;o__;f__;g__;s__
OTU5208	k__Fungi;p__;c__;o__;f__;g__;s__
OTU5209	k__Fungi;p__Ascomycota;c__;o__;f__;g__;s__
OTU5210	k__Fungi;p__;c__;o__;f__;g__;s__
OTU5211	k__Fungi;p__Ascomycota;c__Lecanoromycetes;o__;f__;g__;s__
OTU5212	k__Fungi;p__Ascomycota;c__Lecanoromycetes;o__;f__;g__;s__
OTU5213	k__Fungi;p__;c__;o__;f__;g__;s__
OTU5214	k__Fungi;p__;c__;o__;f__;g__;s__
OTU5215	k__Fungi;p__;c__;o__;f__;g__;s__
OTU5216	k__Fungi;p__;c__;o__;f__;g__;s__
OTU5217	k__Fungi;p__Ascomycota;c__;o__;f__;g__;s__
OTU5218	k__Fungi;p__Ascomycota;c__Lecanoromycetes;o__Pertusariales;f__Pertusariaceae;g__Pertusaria;s__obruta
OTU5219	k__Fungi;p__;c__;o__;f__;g__;s__
OTU5220	k__Fungi;p__;c__;o__;f__;g__;s__
OTU5221	k__Fungi;p__Ascomycota;c__;o__;f__;g__;s__
OTU5222	k__Fungi;p__Ascomycota;c__;o__;f__;g__;s__
OTU5223	k__Fungi;p__Ascomycota;c__;o__;f__;g__;s__
OTU5224	k__Fungi;p__;c__;o__;f__;g__;s__
OTU5225	k__Fungi;p__;c__;o__;f__;g__;s__
OTU5226	k__Fungi;p__Ascomycota;c__Lecanoromycetes;o__;f__;g__;s__
OTU5227	k__Fungi;p__Ascomycota;c__;o__;f__;g__;s__
OTU5228	k__Fungi;p__;c__;o__;f__;g__;s__
OTU5229	k__Fungi;p__;c__;o__;f__;g__;s__
OTU5230	k__Fungi;p__Ascomycota;c__Lecanoromycetes;o__;f__;g__;s__
OTU5231	k__Fungi;p__Chytridiomycota;c__Chytridiomycota_cls_Incertae_sedis;o__Chytridiomycota_ord_Incertae_sedis;f__Chytridiomycota_fam_Incertae_sedis;g__Chytridiomycota_gen_Incertae_sedis;s__
OTU5232	k__Fungi;p__;c__;o__;f__;g__;s__
OTU5233	k__Fungi;p__Ascomycota;c__Lecanoromycetes;o__;f__;g__;s__
OTU5234	k__Fungi;p__Ascomycota;c__;o__;f__;g__;s__
OTU5235	k__Fungi;p__Chytridiomycota;c__Chytridiomycota_cls_Incertae_sedis;o__Chytridiomycota_ord_Incertae_sedis;f__Chytridiomycota_fam_Incertae_sedis;g__Chytridiomycota_gen_Incertae_sedis;s__
OTU5236	k__Fungi;p__;c__;o__;f__;g__;s__
OTU5237	k__Fungi;p__Ascomycota;c__Lecanoromycetes;o__;f__;g__;s__
OTU5238	k__Fungi;p__Ascomycota;c__Lecanoromycetes;o__;f__;g__;s__
OTU5239	k__Fungi;p__;c__;o__;f__;g__;s__
OTU5240	k__Fungi;p__Chytridiomycota;c__;o__;f__;g__;s__
OTU5241	k__Fungi;p__Ascomycota;c__;o__;f__;g__;s__
OTU5242	k__Fungi;p__Ascomycota;c__;o__;f__;g__;s__
OTU5243	k__Fungi;p__Ascomycota;c__;o__;f__;g__;s__
OTU5244	k__Fungi;p__;c__;o__;f__;g__;s__
OTU5245	k__Fungi;p__Ascomycota;c__Lecanoromycetes;o__;f__;g__;s__
OTU5246	k__Fungi;p__Ascomycota;c__;o__;f__;g__;s__
OTU5247	k__Fungi;p__Fungi_phy_Incertae_sedis;c__Fungi_cls_Incertae_sedis;o__Fungi_ord_Incertae_sedis;f__Fungi_fam_Incertae_sedis;g__Fungi_gen_Incertae_sedis;s__
OTU5248	k__Fungi;p__;c__;o__;f__;g__;s__
OTU5249	k__Fungi;p__Ascomycota;c__;o__;f__;g__;s__
OTU5250	k__Fungi;p__;c__;o__;f__;g__;s__
OTU5251	k__Fungi;p__;c__;o__;f__;g__;s__
OTU5252	k__Fungi;p__Ascomycota;c__;o__;f__;g__;s__
OTU5253	k__Fungi;p__;c__;o__;f__;g__;s__
OTU5254	k__Fungi;p__;c__;o__;f__;g__;s__
OTU5255	k__Fungi;p__Ascomycota;c__;o__;f__;g__;s__
OTU5256	k__Fungi;p__;c__;o__;f__;g__;s__
OTU5257	k__Fungi;p__Ascomycota;c__;o__;f__;g__;s__
OTU5258	k__Fungi;p__;c__;o__;f__;g__;s__
OTU5259	k__Fungi;p__Chytridiomycota;c__;o__;f__;g__;s__
OTU5260	k__Fungi;p__;c__;o__;f__;g__;s__
OTU5261	k__Fungi;p__Ascomycota;c__;o__;f__;g__;s__
OTU5262	k__Fungi;p__Ascomycota;c__Dothideomycetes;o__Cladosporiales;f__Cladosporiaceae;g__Cladosporium;s__herbarum
OTU5263	k__Fungi;p__Ascomycota;c__;o__;f__;g__;s__
OTU5264	k__Fungi;p__;c__;o__;f__;g__;s__
OTU5265	k__Fungi;p__;c__;o__;f__;g__;s__
OTU5266	k__Fungi;p__;c__;o__;f__;g__;s__
OTU5267	k__Fungi;p__Ascomycota;c__;o__;f__;g__;s__
OTU5268	k__Fungi;p__;c__;o__;f__;g__;s__
OTU5269	k__Fungi;p__Chytridiomycota;c__Chytridiomycota_cls_Incertae_sedis;o__Chytridiomycota_ord_Incertae_sedis;f__Chytridiomycota_fam_Incertae_sedis;g__Chytridiomycota_gen_Incertae_sedis;s__
OTU5270	k__Fungi;p__Ascomycota;c__Lecanoromycetes;o__;f__;g__;s__
OTU5271	k__Fungi;p__Ascomycota;c__;o__;f__;g__;s__
OTU5272	k__Fungi;p__;c__;o__;f__;g__;s__
OTU5273	k__Fungi;p__;c__;o__;f__;g__;s__
OTU5274	k__Fungi;p__;c__;o__;f__;g__;s__
OTU5275	k__Fungi;p__Ascomycota;c__;o__;f__;g__;s__
OTU5276	k__Fungi;p__;c__;o__;f__;g__;s__
OTU5277	k__Fungi;p__;c__;o__;f__;g__;s__
OTU5278	k__Fungi;p__Chytridiomycota;c__Chytridiomycota_cls_Incertae_sedis;o__Chytridiomycota_ord_Incertae_sedis;f__Chytridiomycota_fam_Incertae_sedis;g__Chytridiomycota_gen_Incertae_sedis;s__
OTU5279	k__Fungi;p__;c__;o__;f__;g__;s__
OTU5280	k__Fungi;p__;c__;o__;f__;g__;s__
OTU5281	k__Fungi;p__;c__;o__;f__;g__;s__
OTU5282	k__Fungi;p__;c__;o__;f__;g__;s__
OTU5283	k__Fungi;p__;c__;o__;f__;g__;s__
OTU5284	k__Fungi;p__Ascomycota;c__Dothideomycetes;o__Pleosporales;f__Pleosporaceae;g__Pyrenophora;s__biseptata
OTU5285	k__Fungi;p__;c__;o__;f__;g__;s__
OTU5286	k__Fungi;p__;c__;o__;f__;g__;s__
OTU5287	k__Fungi;p__Ascomycota;c__Lecanoromycetes;o__;f__;g__;s__
OTU5288	k__Fungi;p__;c__;o__;f__;g__;s__
OTU5289	k__Fungi;p__Ascomycota;c__Lecanoromycetes;o__;f__;g__;s__
OTU5290	k__Fungi;p__Ascomycota;c__Lecanoromycetes;o__;f__;g__;s__
OTU5291	k__Fungi;p__Chytridiomycota;c__Chytridiomycota_cls_Incertae_sedis;o__Chytridiomycota_ord_Incertae_sedis;f__Chytridiomycota_fam_Incertae_sedis;g__Chytridiomycota_gen_Incertae_sedis;s__
OTU5292	k__Fungi;p__Chytridiomycota;c__Chytridiomycota_cls_Incertae_sedis;o__Chytridiomycota_ord_Incertae_sedis;f__Chytridiomycota_fam_Incertae_sedis;g__Chytridiomycota_gen_Incertae_sedis;s__
OTU5293	k__Fungi;p__;c__;o__;f__;g__;s__
OTU5294	k__Fungi;p__;c__;o__;f__;g__;s__
OTU5295	k__Fungi;p__;c__;o__;f__;g__;s__
OTU5296	k__Fungi;p__;c__;o__;f__;g__;s__
OTU5297	k__Fungi;p__;c__;o__;f__;g__;s__
OTU5298	k__Fungi;p__Ascomycota;c__Lecanoromycetes;o__;f__;g__;s__
OTU5299	k__Fungi;p__Ascomycota;c__Lecanoromycetes;o__Pertusariales;f__Pertusariaceae;g__Pertusaria;s__obruta
OTU5300	k__Fungi;p__Chytridiomycota;c__;o__;f__;g__;s__
OTU5301	k__Fungi;p__Chytridiomycota;c__;o__;f__;g__;s__
OTU5302	k__Fungi;p__;c__;o__;f__;g__;s__
OTU5303	k__Fungi;p__Chytridiomycota;c__;o__;f__;g__;s__
OTU5304	k__Fungi;p__;c__;o__;f__;g__;s__
OTU5305	k__Fungi;p__Ascomycota;c__;o__;f__;g__;s__
OTU5306	k__Fungi;p__;c__;o__;f__;g__;s__
OTU5307	k__Fungi;p__;c__;o__;f__;g__;s__
OTU5308	k__Fungi;p__Ascomycota;c__;o__;f__;g__;s__
OTU5309	k__Fungi;p__Ascomycota;c__Lecanoromycetes;o__;f__;g__;s__
OTU5310	k__Fungi;p__Ascomycota;c__;o__;f__;g__;s__
OTU5311	k__Fungi;p__;c__;o__;f__;g__;s__
OTU5312	k__Fungi;p__;c__;o__;f__;g__;s__
OTU5313	k__Fungi;p__;c__;o__;f__;g__;s__
OTU5314	k__Fungi;p__Chytridiomycota;c__;o__;f__;g__;s__
OTU5315	k__Fungi;p__Ascomycota;c__Saccharomycetes;o__Saccharomycetales;f__Debaryomycetaceae;g__Debaryomyces;s__hansenii
OTU5316	k__Fungi;p__;c__;o__;f__;g__;s__
OTU5317	k__Fungi;p__;c__;o__;f__;g__;s__
OTU5318	k__Fungi;p__;c__;o__;f__;g__;s__
OTU5319	k__Fungi;p__;c__;o__;f__;g__;s__
OTU5320	k__Fungi;p__Ascomycota;c__;o__;f__;g__;s__
OTU5321	k__Fungi;p__Chytridiomycota;c__;o__;f__;g__;s__
OTU5322	k__Fungi;p__;c__;o__;f__;g__;s__
OTU5323	k__Fungi;p__Chytridiomycota;c__;o__;f__;g__;s__
OTU5324	k__Fungi;p__Ascomycota;c__;o__;f__;g__;s__
OTU5325	k__Fungi;p__Ascomycota;c__;o__;f__;g__;s__
OTU5326	k__Fungi;p__Ascomycota;c__;o__;f__;g__;s__
OTU5327	k__Fungi;p__;c__;o__;f__;g__;s__
OTU5328	k__Fungi;p__Ascomycota;c__;o__;f__;g__;s__
OTU5329	k__Fungi;p__;c__;o__;f__;g__;s__
OTU5330	k__Fungi;p__Ascomycota;c__;o__;f__;g__;s__
OTU5331	k__Fungi;p__Ascomycota;c__Lecanoromycetes;o__;f__;g__;s__
OTU5332	k__Fungi;p__;c__;o__;f__;g__;s__
OTU5333	k__Fungi;p__Ascomycota;c__;o__;f__;g__;s__
OTU5334	k__Fungi;p__;c__;o__;f__;g__;s__
OTU5335	k__Fungi;p__Ascomycota;c__Lecanoromycetes;o__;f__;g__;s__
OTU5336	k__Fungi;p__Ascomycota;c__;o__;f__;g__;s__
OTU5337	k__Fungi;p__;c__;o__;f__;g__;s__
OTU5338	k__Fungi;p__Ascomycota;c__Lecanoromycetes;o__;f__;g__;s__
OTU5339	k__Fungi;p__Ascomycota;c__Lecanoromycetes;o__;f__;g__;s__
OTU5340	k__Fungi;p__Ascomycota;c__;o__;f__;g__;s__
OTU5341	k__Fungi;p__Ascomycota;c__;o__;f__;g__;s__
OTU5342	k__Fungi;p__;c__;o__;f__;g__;s__
OTU5343	k__Fungi;p__;c__;o__;f__;g__;s__
OTU5344	k__Fungi;p__Ascomycota;c__Lecanoromycetes;o__;f__;g__;s__
OTU5345	k__Fungi;p__Ascomycota;c__;o__;f__;g__;s__
OTU5346	k__Fungi;p__;c__;o__;f__;g__;s__
OTU5347	k__Fungi;p__;c__;o__;f__;g__;s__
OTU5348	k__Fungi;p__;c__;o__;f__;g__;s__
OTU5349	k__Fungi;p__Ascomycota;c__Lecanoromycetes;o__Pertusariales;f__Pertusariaceae;g__Pertusaria;s__obruta
OTU5350	k__Fungi;p__;c__;o__;f__;g__;s__
OTU5351	k__Fungi;p__;c__;o__;f__;g__;s__
OTU5352	k__Fungi;p__Ascomycota;c__;o__;f__;g__;s__
OTU5353	k__Fungi;p__Ascomycota;c__Lecanoromycetes;o__Pertusariales;f__Pertusariaceae;g__Pertusaria;s__obruta
OTU5354	k__Fungi;p__Ascomycota;c__Lecanoromycetes;o__;f__;g__;s__
OTU5355	k__Fungi;p__;c__;o__;f__;g__;s__
OTU5356	k__Fungi;p__Ascomycota;c__;o__;f__;g__;s__
OTU5357	k__Fungi;p__;c__;o__;f__;g__;s__
OTU5358	k__Fungi;p__Ascomycota;c__Lecanoromycetes;o__;f__;g__;s__
OTU5359	k__Fungi;p__Chytridiomycota;c__;o__;f__;g__;s__
OTU5360	k__Fungi;p__Ascomycota;c__;o__;f__;g__;s__
OTU5361	k__Fungi;p__;c__;o__;f__;g__;s__
OTU5362	k__Fungi;p__Ascomycota;c__;o__;f__;g__;s__
OTU5363	k__Fungi;p__;c__;o__;f__;g__;s__
OTU5364	k__Fungi;p__;c__;o__;f__;g__;s__
OTU5365	k__Fungi;p__;c__;o__;f__;g__;s__
OTU5366	k__Fungi;p__Ascomycota;c__;o__;f__;g__;s__
OTU5367	k__Fungi;p__;c__;o__;f__;g__;s__
OTU5368	k__Fungi;p__;c__;o__;f__;g__;s__
OTU5369	k__Fungi;p__Ascomycota;c__;o__;f__;g__;s__
OTU5370	k__Fungi;p__;c__;o__;f__;g__;s__
OTU5371	k__Fungi;p__;c__;o__;f__;g__;s__
OTU5372	k__Fungi;p__Ascomycota;c__;o__;f__;g__;s__
OTU5373	k__Fungi;p__;c__;o__;f__;g__;s__
OTU5374	k__Fungi;p__;c__;o__;f__;g__;s__
OTU5375	k__Fungi;p__;c__;o__;f__;g__;s__
OTU5376	k__Fungi;p__;c__;o__;f__;g__;s__
OTU5377	k__Fungi;p__;c__;o__;f__;g__;s__
OTU5378	k__Fungi;p__Ascomycota;c__Lecanoromycetes;o__;f__;g__;s__
OTU5379	k__Fungi;p__;c__;o__;f__;g__;s__
OTU5380	k__Fungi;p__;c__;o__;f__;g__;s__
OTU5381	k__Fungi;p__;c__;o__;f__;g__;s__
OTU5382	k__Fungi;p__;c__;o__;f__;g__;s__
OTU5383	k__Fungi;p__;c__;o__;f__;g__;s__
OTU5384	k__Fungi;p__Ascomycota;c__Lecanoromycetes;o__;f__;g__;s__
OTU5385	k__Fungi;p__Ascomycota;c__Lecanoromycetes;o__;f__;g__;s__
OTU5386	k__Fungi;p__;c__;o__;f__;g__;s__
OTU5387	k__Fungi;p__Fungi_phy_Incertae_sedis;c__Fungi_cls_Incertae_sedis;o__Fungi_ord_Incertae_sedis;f__Fungi_fam_Incertae_sedis;g__Fungi_gen_Incertae_sedis;s__
OTU5388	k__Fungi;p__;c__;o__;f__;g__;s__
OTU5389	k__Fungi;p__Ascomycota;c__Lecanoromycetes;o__Pertusariales;f__Pertusariaceae;g__Pertusaria;s__obruta
OTU5390	k__Fungi;p__Ascomycota;c__Lecanoromycetes;o__Graphidales;f__Gomphillaceae;g__Gomphillus;s__calycioides
OTU5391	k__Fungi;p__;c__;o__;f__;g__;s__
OTU5392	k__Fungi;p__;c__;o__;f__;g__;s__
OTU5393	k__Fungi;p__;c__;o__;f__;g__;s__
OTU5394	k__Fungi;p__;c__;o__;f__;g__;s__
OTU5395	k__Fungi;p__;c__;o__;f__;g__;s__
OTU5396	k__Fungi;p__Ascomycota;c__;o__;f__;g__;s__
OTU5397	k__Fungi;p__Ascomycota;c__Lecanoromycetes;o__;f__;g__;s__
OTU5398	k__Fungi;p__;c__;o__;f__;g__;s__
OTU5399	k__Fungi;p__;c__;o__;f__;g__;s__
OTU5400	k__Fungi;p__Ascomycota;c__Lecanoromycetes;o__;f__;g__;s__
OTU5401	k__Fungi;p__Ascomycota;c__Lecanoromycetes;o__;f__;g__;s__
OTU5402	k__Fungi;p__Ascomycota;c__Lecanoromycetes;o__;f__;g__;s__
OTU5403	k__Fungi;p__Ascomycota;c__;o__;f__;g__;s__
OTU5404	k__Fungi;p__;c__;o__;f__;g__;s__
OTU5405	k__Fungi;p__Ascomycota;c__Lecanoromycetes;o__;f__;g__;s__
OTU5406	k__Fungi;p__;c__;o__;f__;g__;s__
OTU5407	k__Fungi;p__;c__;o__;f__;g__;s__
OTU5408	k__Fungi;p__Ascomycota;c__;o__;f__;g__;s__
OTU5409	k__Fungi;p__;c__;o__;f__;g__;s__
OTU5410	k__Fungi;p__;c__;o__;f__;g__;s__
OTU5411	k__Fungi;p__Ascomycota;c__Lecanoromycetes;o__;f__;g__;s__
OTU5412	k__Fungi;p__Chytridiomycota;c__;o__;f__;g__;s__
OTU5413	k__Fungi;p__;c__;o__;f__;g__;s__
OTU5414	k__Fungi;p__Chytridiomycota;c__;o__;f__;g__;s__
OTU5415	k__Fungi;p__Ascomycota;c__;o__;f__;g__;s__
OTU5416	k__Fungi;p__Ascomycota;c__;o__;f__;g__;s__
OTU5417	k__Fungi;p__Ascomycota;c__Lecanoromycetes;o__;f__;g__;s__
OTU5418	k__Fungi;p__Chytridiomycota;c__;o__;f__;g__;s__
OTU5419	k__Fungi;p__Ascomycota;c__;o__;f__;g__;s__
OTU5420	k__Fungi;p__Ascomycota;c__;o__;f__;g__;s__
OTU5421	k__Fungi;p__;c__;o__;f__;g__;s__
OTU5422	k__Fungi;p__;c__;o__;f__;g__;s__
OTU5423	k__Fungi;p__Chytridiomycota;c__Chytridiomycota_cls_Incertae_sedis;o__Chytridiomycota_ord_Incertae_sedis;f__Chytridiomycota_fam_Incertae_sedis;g__Chytridiomycota_gen_Incertae_sedis;s__
OTU5424	k__Fungi;p__Ascomycota;c__;o__;f__;g__;s__
OTU5425	k__Fungi;p__;c__;o__;f__;g__;s__
OTU5426	k__Fungi;p__Ascomycota;c__;o__;f__;g__;s__
OTU5427	k__Fungi;p__Chytridiomycota;c__;o__;f__;g__;s__
OTU5428	k__Fungi;p__;c__;o__;f__;g__;s__
OTU5429	k__Fungi;p__Chytridiomycota;c__Chytridiomycota_cls_Incertae_sedis;o__Chytridiomycota_ord_Incertae_sedis;f__Chytridiomycota_fam_Incertae_sedis;g__Chytridiomycota_gen_Incertae_sedis;s__
OTU5430	k__Fungi;p__;c__;o__;f__;g__;s__
OTU5431	k__Fungi;p__Ascomycota;c__Lecanoromycetes;o__;f__;g__;s__
OTU5432	k__Fungi;p__Chytridiomycota;c__;o__;f__;g__;s__
OTU5433	k__Fungi;p__Chytridiomycota;c__Chytridiomycota_cls_Incertae_sedis;o__Chytridiomycota_ord_Incertae_sedis;f__Chytridiomycota_fam_Incertae_sedis;g__Chytridiomycota_gen_Incertae_sedis;s__
OTU5434	k__Fungi;p__;c__;o__;f__;g__;s__
OTU5435	k__Fungi;p__;c__;o__;f__;g__;s__
OTU5436	k__Fungi;p__;c__;o__;f__;g__;s__
OTU5437	k__Fungi;p__;c__;o__;f__;g__;s__
OTU5438	k__Fungi;p__Ascomycota;c__Saccharomycetes;o__Saccharomycetales;f__Metschnikowiaceae;g__Metschnikowia;s__
OTU5439	k__Fungi;p__Ascomycota;c__;o__;f__;g__;s__
OTU5440	k__Fungi;p__;c__;o__;f__;g__;s__
OTU5441	k__Fungi;p__;c__;o__;f__;g__;s__
OTU5442	k__Fungi;p__Ascomycota;c__;o__;f__;g__;s__
OTU5443	k__Fungi;p__Ascomycota;c__;o__;f__;g__;s__
OTU5444	k__Fungi;p__Ascomycota;c__;o__;f__;g__;s__
OTU5445	k__Fungi;p__Ascomycota;c__;o__;f__;g__;s__
OTU5446	k__Fungi;p__;c__;o__;f__;g__;s__
OTU5447	k__Fungi;p__Ascomycota;c__Lecanoromycetes;o__;f__;g__;s__
OTU5448	k__Fungi;p__;c__;o__;f__;g__;s__
OTU5449	k__Fungi;p__;c__;o__;f__;g__;s__
OTU5450	k__Fungi;p__;c__;o__;f__;g__;s__
OTU5451	k__Fungi;p__;c__;o__;f__;g__;s__
OTU5452	k__Fungi;p__;c__;o__;f__;g__;s__
OTU5453	k__Fungi;p__Chytridiomycota;c__Chytridiomycota_cls_Incertae_sedis;o__Chytridiomycota_ord_Incertae_sedis;f__Chytridiomycota_fam_Incertae_sedis;g__Chytridiomycota_gen_Incertae_sedis;s__
OTU5454	k__Fungi;p__;c__;o__;f__;g__;s__
OTU5455	k__Fungi;p__;c__;o__;f__;g__;s__
OTU5456	k__Fungi;p__;c__;o__;f__;g__;s__
OTU5457	k__Fungi;p__;c__;o__;f__;g__;s__
OTU5458	k__Fungi;p__Ascomycota;c__;o__;f__;g__;s__
OTU5459	k__Fungi;p__;c__;o__;f__;g__;s__
OTU5460	k__Fungi;p__Ascomycota;c__;o__;f__;g__;s__
OTU5461	k__Fungi;p__;c__;o__;f__;g__;s__
OTU5462	k__Fungi;p__;c__;o__;f__;g__;s__
OTU5463	k__Fungi;p__Ascomycota;c__Lecanoromycetes;o__;f__;g__;s__
OTU5464	k__Fungi;p__Ascomycota;c__Lecanoromycetes;o__;f__;g__;s__
OTU5465	k__Fungi;p__Ascomycota;c__;o__;f__;g__;s__
OTU5466	k__Fungi;p__;c__;o__;f__;g__;s__
OTU5467	k__Fungi;p__Ascomycota;c__;o__;f__;g__;s__
OTU5468	k__Fungi;p__Ascomycota;c__;o__;f__;g__;s__
OTU5469	k__Fungi;p__Ascomycota;c__Lecanoromycetes;o__;f__;g__;s__
OTU5470	k__Fungi;p__;c__;o__;f__;g__;s__
OTU5471	k__Fungi;p__;c__;o__;f__;g__;s__
OTU5472	k__Fungi;p__;c__;o__;f__;g__;s__
OTU5473	k__Fungi;p__Ascomycota;c__Lecanoromycetes;o__;f__;g__;s__
OTU5474	k__Fungi;p__Ascomycota;c__Lecanoromycetes;o__;f__;g__;s__
OTU5475	k__Fungi;p__;c__;o__;f__;g__;s__
OTU5476	k__Fungi;p__;c__;o__;f__;g__;s__
OTU5477	k__Fungi;p__Ascomycota;c__Lecanoromycetes;o__;f__;g__;s__
OTU5478	k__Fungi;p__Ascomycota;c__;o__;f__;g__;s__
OTU5479	k__Fungi;p__;c__;o__;f__;g__;s__
OTU5480	k__Fungi;p__;c__;o__;f__;g__;s__
OTU5481	k__Fungi;p__;c__;o__;f__;g__;s__
OTU5482	k__Fungi;p__Chytridiomycota;c__Chytridiomycota_cls_Incertae_sedis;o__Chytridiomycota_ord_Incertae_sedis;f__;g__;s__
OTU5483	k__Fungi;p__;c__;o__;f__;g__;s__
OTU5484	k__Fungi;p__Chytridiomycota;c__;o__;f__;g__;s__
OTU5485	k__Fungi;p__;c__;o__;f__;g__;s__
OTU5486	k__Fungi;p__Chytridiomycota;c__;o__;f__;g__;s__
OTU5487	k__Fungi;p__Basidiomycota;c__Tremellomycetes;o__Filobasidiales;f__Filobasidiaceae;g__Naganishia;s__diffluens
OTU5488	k__Fungi;p__;c__;o__;f__;g__;s__
OTU5489	k__Fungi;p__Ascomycota;c__;o__;f__;g__;s__
OTU5490	k__Fungi;p__Chytridiomycota;c__;o__;f__;g__;s__
OTU5491	k__Fungi;p__Ascomycota;c__Lecanoromycetes;o__;f__;g__;s__
OTU5492	k__Fungi;p__Ascomycota;c__Lecanoromycetes;o__;f__;g__;s__
OTU5493	k__Fungi;p__Ascomycota;c__Lecanoromycetes;o__Pertusariales;f__Pertusariaceae;g__Pertusaria;s__obruta
OTU5494	k__Fungi;p__;c__;o__;f__;g__;s__
OTU5495	k__Fungi;p__Ascomycota;c__;o__;f__;g__;s__
OTU5496	k__Fungi;p__Chytridiomycota;c__;o__;f__;g__;s__
OTU5497	k__Fungi;p__;c__;o__;f__;g__;s__
OTU5498	k__Fungi;p__;c__;o__;f__;g__;s__
OTU5499	k__Fungi;p__;c__;o__;f__;g__;s__
OTU5500	k__Fungi;p__;c__;o__;f__;g__;s__
OTU5501	k__Fungi;p__;c__;o__;f__;g__;s__
OTU5502	k__Fungi;p__;c__;o__;f__;g__;s__
OTU5503	k__Fungi;p__Ascomycota;c__;o__;f__;g__;s__
OTU5504	k__Fungi;p__;c__;o__;f__;g__;s__
OTU5505	k__Fungi;p__;c__;o__;f__;g__;s__
OTU5506	k__Fungi;p__Ascomycota;c__Lecanoromycetes;o__;f__;g__;s__
OTU5507	k__Fungi;p__Chytridiomycota;c__Chytridiomycota_cls_Incertae_sedis;o__Chytridiomycota_ord_Incertae_sedis;f__Chytridiomycota_fam_Incertae_sedis;g__Chytridiomycota_gen_Incertae_sedis;s__
OTU5508	k__Fungi;p__Ascomycota;c__;o__;f__;g__;s__
OTU5509	k__Fungi;p__Chytridiomycota;c__;o__;f__;g__;s__
OTU5510	k__Fungi;p__Chytridiomycota;c__;o__;f__;g__;s__
OTU5511	k__Fungi;p__Ascomycota;c__;o__;f__;g__;s__
OTU5512	k__Fungi;p__Ascomycota;c__;o__;f__;g__;s__
OTU5513	k__Fungi;p__Chytridiomycota;c__;o__;f__;g__;s__
OTU5514	k__Fungi;p__Ascomycota;c__;o__;f__;g__;s__
OTU5515	k__Fungi;p__;c__;o__;f__;g__;s__
OTU5516	k__Fungi;p__;c__;o__;f__;g__;s__
OTU5517	k__Fungi;p__;c__;o__;f__;g__;s__
OTU5518	k__Fungi;p__;c__;o__;f__;g__;s__
OTU5519	k__Fungi;p__;c__;o__;f__;g__;s__
OTU5520	k__Fungi;p__Ascomycota;c__Lecanoromycetes;o__;f__;g__;s__
OTU5521	k__Fungi;p__Ascomycota;c__Lecanoromycetes;o__Pertusariales;f__Pertusariaceae;g__Pertusaria;s__obruta
OTU5522	k__Fungi;p__;c__;o__;f__;g__;s__
OTU5523	k__Fungi;p__;c__;o__;f__;g__;s__
OTU5524	k__Fungi;p__Ascomycota;c__;o__;f__;g__;s__
OTU5525	k__Fungi;p__;c__;o__;f__;g__;s__
OTU5526	k__Fungi;p__Ascomycota;c__;o__;f__;g__;s__
OTU5527	k__Fungi;p__;c__;o__;f__;g__;s__
OTU5528	k__Fungi;p__;c__;o__;f__;g__;s__
OTU5529	k__Fungi;p__;c__;o__;f__;g__;s__
OTU5530	k__Fungi;p__Ascomycota;c__;o__;f__;g__;s__
OTU5531	k__Fungi;p__Ascomycota;c__Lecanoromycetes;o__;f__;g__;s__
OTU5532	k__Fungi;p__;c__;o__;f__;g__;s__
OTU5533	k__Fungi;p__;c__;o__;f__;g__;s__
OTU5534	k__Fungi;p__Ascomycota;c__;o__;f__;g__;s__
OTU5535	k__Fungi;p__;c__;o__;f__;g__;s__
OTU5536	k__Fungi;p__;c__;o__;f__;g__;s__
OTU5537	k__Fungi;p__Ascomycota;c__Lecanoromycetes;o__Pertusariales;f__Pertusariaceae;g__Pertusaria;s__obruta
OTU5538	k__Fungi;p__;c__;o__;f__;g__;s__
OTU5539	k__Fungi;p__Chytridiomycota;c__;o__;f__;g__;s__
OTU5540	k__Fungi;p__Chytridiomycota;c__;o__;f__;g__;s__
OTU5541	k__Fungi;p__Ascomycota;c__Saccharomycetes;o__Saccharomycetales;f__;g__;s__
OTU5542	k__Fungi;p__;c__;o__;f__;g__;s__
OTU5543	k__Fungi;p__;c__;o__;f__;g__;s__
OTU5544	k__Fungi;p__;c__;o__;f__;g__;s__
OTU5545	k__Fungi;p__;c__;o__;f__;g__;s__
OTU5546	k__Fungi;p__Ascomycota;c__Lecanoromycetes;o__;f__;g__;s__
OTU5547	k__Fungi;p__Ascomycota;c__Lecanoromycetes;o__Pertusariales;f__Pertusariaceae;g__Pertusaria;s__obruta
OTU5548	k__Fungi;p__Ascomycota;c__Lecanoromycetes;o__;f__;g__;s__
OTU5549	k__Fungi;p__;c__;o__;f__;g__;s__
OTU5550	k__Fungi;p__;c__;o__;f__;g__;s__
OTU5551	k__Fungi;p__Ascomycota;c__Lecanoromycetes;o__;f__;g__;s__
OTU5552	k__Fungi;p__Chytridiomycota;c__;o__;f__;g__;s__
OTU5553	k__Fungi;p__Ascomycota;c__;o__;f__;g__;s__
OTU5554	k__Fungi;p__Ascomycota;c__Lecanoromycetes;o__;f__;g__;s__
OTU5555	k__Fungi;p__Ascomycota;c__;o__;f__;g__;s__
OTU5556	k__Fungi;p__Ascomycota;c__;o__;f__;g__;s__
OTU5557	k__Fungi;p__Ascomycota;c__;o__;f__;g__;s__
OTU5558	k__Fungi;p__;c__;o__;f__;g__;s__
OTU5559	k__Fungi;p__Ascomycota;c__Lecanoromycetes;o__;f__;g__;s__
OTU5560	k__Fungi;p__;c__;o__;f__;g__;s__
OTU5561	k__Fungi;p__;c__;o__;f__;g__;s__
OTU5562	k__Fungi;p__;c__;o__;f__;g__;s__
OTU5563	k__Fungi;p__Ascomycota;c__Lecanoromycetes;o__Pertusariales;f__Pertusariaceae;g__Pertusaria;s__obruta
OTU5564	k__Fungi;p__Ascomycota;c__;o__;f__;g__;s__
OTU5565	k__Fungi;p__Ascomycota;c__;o__;f__;g__;s__
OTU5566	k__Fungi;p__Ascomycota;c__Lecanoromycetes;o__Graphidales;f__Gomphillaceae;g__Gomphillus;s__calycioides
OTU5567	k__Fungi;p__;c__;o__;f__;g__;s__
OTU5568	k__Fungi;p__;c__;o__;f__;g__;s__
OTU5569	k__Fungi;p__Chytridiomycota;c__Chytridiomycota_cls_Incertae_sedis;o__Chytridiomycota_ord_Incertae_sedis;f__Chytridiomycota_fam_Incertae_sedis;g__Chytridiomycota_gen_Incertae_sedis;s__
OTU5570	k__Fungi;p__;c__;o__;f__;g__;s__
OTU5571	k__Fungi;p__;c__;o__;f__;g__;s__
OTU5572	k__Fungi;p__Ascomycota;c__;o__;f__;g__;s__
OTU5573	k__Fungi;p__Chytridiomycota;c__;o__;f__;g__;s__
OTU5574	k__Fungi;p__Ascomycota;c__Lecanoromycetes;o__;f__;g__;s__
OTU5575	k__Fungi;p__;c__;o__;f__;g__;s__
OTU5576	k__Fungi;p__;c__;o__;f__;g__;s__
OTU5577	k__Fungi;p__;c__;o__;f__;g__;s__
OTU5578	k__Fungi;p__Ascomycota;c__Lecanoromycetes;o__;f__;g__;s__
OTU5579	k__Fungi;p__;c__;o__;f__;g__;s__
OTU5580	k__Fungi;p__;c__;o__;f__;g__;s__
OTU5581	k__Fungi;p__Ascomycota;c__Lecanoromycetes;o__;f__;g__;s__
OTU5582	k__Fungi;p__;c__;o__;f__;g__;s__
OTU5583	k__Fungi;p__Ascomycota;c__;o__;f__;g__;s__
OTU5584	k__Fungi;p__;c__;o__;f__;g__;s__
OTU5585	k__Fungi;p__Ascomycota;c__Lecanoromycetes;o__;f__;g__;s__
OTU5586	k__Fungi;p__Ascomycota;c__Dothideomycetes;o__Pleosporales;f__Phaeosphaeriaceae;g__Phaeosphaeria;s__podocarpi
OTU5587	k__Fungi;p__;c__;o__;f__;g__;s__
OTU5588	k__Fungi;p__;c__;o__;f__;g__;s__
OTU5589	k__Fungi;p__;c__;o__;f__;g__;s__
OTU5590	k__Fungi;p__;c__;o__;f__;g__;s__
OTU5591	k__Fungi;p__Chytridiomycota;c__;o__;f__;g__;s__
OTU5592	k__Fungi;p__;c__;o__;f__;g__;s__
OTU5593	k__Fungi;p__Ascomycota;c__;o__;f__;g__;s__
OTU5594	k__Fungi;p__Chytridiomycota;c__Chytridiomycota_cls_Incertae_sedis;o__Chytridiomycota_ord_Incertae_sedis;f__Chytridiomycota_fam_Incertae_sedis;g__Chytridiomycota_gen_Incertae_sedis;s__
OTU5595	k__Fungi;p__Chytridiomycota;c__Chytridiomycota_cls_Incertae_sedis;o__Chytridiomycota_ord_Incertae_sedis;f__Chytridiomycota_fam_Incertae_sedis;g__Chytridiomycota_gen_Incertae_sedis;s__
OTU5596	k__Fungi;p__;c__;o__;f__;g__;s__
OTU5597	k__Fungi;p__;c__;o__;f__;g__;s__
OTU5598	k__Fungi;p__;c__;o__;f__;g__;s__
OTU5599	k__Fungi;p__;c__;o__;f__;g__;s__
OTU5600	k__Fungi;p__Ascomycota;c__;o__;f__;g__;s__
OTU5601	k__Fungi;p__;c__;o__;f__;g__;s__
OTU5602	k__Fungi;p__Ascomycota;c__Lecanoromycetes;o__;f__;g__;s__
OTU5603	k__Fungi;p__Ascomycota;c__;o__;f__;g__;s__
OTU5604	k__Fungi;p__;c__;o__;f__;g__;s__
OTU5605	k__Fungi;p__;c__;o__;f__;g__;s__
OTU5606	k__Fungi;p__;c__;o__;f__;g__;s__
OTU5607	k__Fungi;p__;c__;o__;f__;g__;s__
OTU5608	k__Fungi;p__;c__;o__;f__;g__;s__
OTU5609	k__Fungi;p__;c__;o__;f__;g__;s__
OTU5610	k__Fungi;p__;c__;o__;f__;g__;s__
OTU5611	k__Fungi;p__;c__;o__;f__;g__;s__
OTU5612	k__Fungi;p__;c__;o__;f__;g__;s__
OTU5613	k__Fungi;p__;c__;o__;f__;g__;s__
OTU5614	k__Fungi;p__Ascomycota;c__Lecanoromycetes;o__;f__;g__;s__
OTU5615	k__Fungi;p__Chytridiomycota;c__;o__;f__;g__;s__
OTU5616	k__Fungi;p__Ascomycota;c__Lecanoromycetes;o__Pertusariales;f__Pertusariaceae;g__Pertusaria;s__obruta
OTU5617	k__Fungi;p__;c__;o__;f__;g__;s__
OTU5618	k__Fungi;p__;c__;o__;f__;g__;s__
OTU5619	k__Fungi;p__;c__;o__;f__;g__;s__
OTU5620	k__Fungi;p__;c__;o__;f__;g__;s__
OTU5621	k__Fungi;p__;c__;o__;f__;g__;s__
OTU5622	k__Fungi;p__;c__;o__;f__;g__;s__
OTU5623	k__Fungi;p__Ascomycota;c__;o__;f__;g__;s__
OTU5624	k__Fungi;p__;c__;o__;f__;g__;s__
OTU5625	k__Fungi;p__Chytridiomycota;c__;o__;f__;g__;s__
OTU5626	k__Fungi;p__Chytridiomycota;c__Chytridiomycota_cls_Incertae_sedis;o__Chytridiomycota_ord_Incertae_sedis;f__Chytridiomycota_fam_Incertae_sedis;g__Chytridiomycota_gen_Incertae_sedis;s__
OTU5627	k__Fungi;p__;c__;o__;f__;g__;s__
OTU5628	k__Fungi;p__;c__;o__;f__;g__;s__
OTU5629	k__Fungi;p__;c__;o__;f__;g__;s__
OTU5630	k__Fungi;p__;c__;o__;f__;g__;s__
OTU5631	k__Fungi;p__Chytridiomycota;c__;o__;f__;g__;s__
OTU5632	k__Fungi;p__Chytridiomycota;c__;o__;f__;g__;s__
OTU5633	k__Fungi;p__Ascomycota;c__Lecanoromycetes;o__;f__;g__;s__
OTU5634	k__Fungi;p__;c__;o__;f__;g__;s__
OTU5635	k__Fungi;p__;c__;o__;f__;g__;s__
OTU5636	k__Fungi;p__Ascomycota;c__;o__;f__;g__;s__
OTU5637	k__Fungi;p__;c__;o__;f__;g__;s__
OTU5638	k__Fungi;p__Ascomycota;c__Lecanoromycetes;o__;f__;g__;s__
OTU5639	k__Fungi;p__Ascomycota;c__;o__;f__;g__;s__
OTU5640	k__Fungi;p__Ascomycota;c__Dothideomycetes;o__Cladosporiales;f__Cladosporiaceae;g__Cladosporium;s__cladosporioides
OTU5641	k__Fungi;p__Chytridiomycota;c__Chytridiomycota_cls_Incertae_sedis;o__Chytridiomycota_ord_Incertae_sedis;f__Chytridiomycota_fam_Incertae_sedis;g__Chytridiomycota_gen_Incertae_sedis;s__
OTU5642	k__Fungi;p__Ascomycota;c__;o__;f__;g__;s__
OTU5643	k__Fungi;p__;c__;o__;f__;g__;s__
OTU5644	k__Fungi;p__Ascomycota;c__Lecanoromycetes;o__Pertusariales;f__Pertusariaceae;g__Pertusaria;s__obruta
OTU5645	k__Fungi;p__Ascomycota;c__Lecanoromycetes;o__Pertusariales;f__Pertusariaceae;g__Pertusaria;s__obruta
OTU5646	k__Fungi;p__;c__;o__;f__;g__;s__
OTU5647	k__Fungi;p__Chytridiomycota;c__Chytridiomycota_cls_Incertae_sedis;o__Chytridiomycota_ord_Incertae_sedis;f__Chytridiomycota_fam_Incertae_sedis;g__Chytridiomycota_gen_Incertae_sedis;s__
OTU5648	k__Fungi;p__Ascomycota;c__;o__;f__;g__;s__
OTU5649	k__Fungi;p__Ascomycota;c__Lecanoromycetes;o__;f__;g__;s__
OTU5650	k__Fungi;p__Ascomycota;c__Lecanoromycetes;o__;f__;g__;s__
OTU5651	k__Fungi;p__;c__;o__;f__;g__;s__
OTU5652	k__Fungi;p__Ascomycota;c__Lecanoromycetes;o__;f__;g__;s__
OTU5653	k__Fungi;p__Ascomycota;c__Lecanoromycetes;o__;f__;g__;s__
OTU5654	k__Fungi;p__Ascomycota;c__Lecanoromycetes;o__;f__;g__;s__
OTU5655	k__Fungi;p__Chytridiomycota;c__;o__;f__;g__;s__
OTU5656	k__Fungi;p__;c__;o__;f__;g__;s__
OTU5657	k__Fungi;p__Ascomycota;c__;o__;f__;g__;s__
OTU5658	k__Fungi;p__;c__;o__;f__;g__;s__
OTU5659	k__Fungi;p__;c__;o__;f__;g__;s__
OTU5660	k__Fungi;p__Ascomycota;c__;o__;f__;g__;s__
OTU5661	k__Fungi;p__;c__;o__;f__;g__;s__
OTU5662	k__Fungi;p__Ascomycota;c__;o__;f__;g__;s__
OTU5663	k__Fungi;p__;c__;o__;f__;g__;s__
OTU5664	k__Fungi;p__Ascomycota;c__Lecanoromycetes;o__;f__;g__;s__
OTU5665	k__Fungi;p__Ascomycota;c__;o__;f__;g__;s__
OTU5666	k__Fungi;p__;c__;o__;f__;g__;s__
OTU5667	k__Fungi;p__Ascomycota;c__;o__;f__;g__;s__
OTU5668	k__Fungi;p__;c__;o__;f__;g__;s__
OTU5669	k__Fungi;p__Chytridiomycota;c__;o__;f__;g__;s__
OTU5670	k__Fungi;p__Chytridiomycota;c__;o__;f__;g__;s__
OTU5671	k__Fungi;p__Chytridiomycota;c__;o__;f__;g__;s__
OTU5672	k__Fungi;p__Chytridiomycota;c__;o__;f__;g__;s__
OTU5673	k__Fungi;p__Chytridiomycota;c__;o__;f__;g__;s__
OTU5674	k__Fungi;p__Chytridiomycota;c__;o__;f__;g__;s__
OTU5675	k__Fungi;p__Chytridiomycota;c__;o__;f__;g__;s__
OTU5676	k__Fungi;p__;c__;o__;f__;g__;s__
OTU5677	k__Fungi;p__;c__;o__;f__;g__;s__
OTU5678	k__Fungi;p__Chytridiomycota;c__;o__;f__;g__;s__
OTU5679	k__Fungi;p__;c__;o__;f__;g__;s__
OTU5680	k__Fungi;p__;c__;o__;f__;g__;s__
OTU5681	k__Fungi;p__;c__;o__;f__;g__;s__
OTU5682	k__Fungi;p__;c__;o__;f__;g__;s__
OTU5683	k__Fungi;p__;c__;o__;f__;g__;s__
OTU5684	k__Fungi;p__;c__;o__;f__;g__;s__
OTU5685	k__Fungi;p__;c__;o__;f__;g__;s__
OTU5686	k__Fungi;p__Ascomycota;c__;o__;f__;g__;s__
OTU5687	k__Fungi;p__Chytridiomycota;c__;o__;f__;g__;s__
OTU5688	k__Fungi;p__Ascomycota;c__;o__;f__;g__;s__
OTU5689	k__Fungi;p__Ascomycota;c__Lecanoromycetes;o__;f__;g__;s__
OTU5690	k__Fungi;p__Ascomycota;c__;o__;f__;g__;s__
OTU5691	k__Fungi;p__;c__;o__;f__;g__;s__
OTU5692	k__Fungi;p__;c__;o__;f__;g__;s__
OTU5693	k__Fungi;p__;c__;o__;f__;g__;s__
OTU5694	k__Fungi;p__;c__;o__;f__;g__;s__
OTU5695	k__Fungi;p__;c__;o__;f__;g__;s__
OTU5696	k__Fungi;p__;c__;o__;f__;g__;s__
OTU5697	k__Fungi;p__;c__;o__;f__;g__;s__
OTU5698	k__Fungi;p__Chytridiomycota;c__Chytridiomycota_cls_Incertae_sedis;o__Chytridiomycota_ord_Incertae_sedis;f__Chytridiomycota_fam_Incertae_sedis;g__Chytridiomycota_gen_Incertae_sedis;s__
OTU5699	k__Fungi;p__;c__;o__;f__;g__;s__
OTU5700	k__Fungi;p__Ascomycota;c__;o__;f__;g__;s__
OTU5701	k__Fungi;p__;c__;o__;f__;g__;s__
OTU5702	k__Fungi;p__Ascomycota;c__Lecanoromycetes;o__Pertusariales;f__Pertusariaceae;g__Pertusaria;s__obruta
OTU5703	k__Fungi;p__Ascomycota;c__;o__;f__;g__;s__
OTU5704	k__Fungi;p__Ascomycota;c__Lecanoromycetes;o__;f__;g__;s__
OTU5705	k__Fungi;p__;c__;o__;f__;g__;s__
OTU5706	k__Fungi;p__Ascomycota;c__Lecanoromycetes;o__;f__;g__;s__
OTU5707	k__Fungi;p__Basidiomycota;c__Agaricomycetes;o__Agaricales;f__Lycoperdaceae;g__Lycoperdon;s__pratense
OTU5708	k__Fungi;p__Ascomycota;c__;o__;f__;g__;s__
OTU5709	k__Fungi;p__;c__;o__;f__;g__;s__
OTU5710	k__Fungi;p__Ascomycota;c__;o__;f__;g__;s__
OTU5711	k__Fungi;p__Chytridiomycota;c__;o__;f__;g__;s__
OTU5712	k__Fungi;p__;c__;o__;f__;g__;s__
OTU5713	k__Fungi;p__Chytridiomycota;c__;o__;f__;g__;s__
OTU5714	k__Fungi;p__;c__;o__;f__;g__;s__
OTU5715	k__Fungi;p__Ascomycota;c__;o__;f__;g__;s__
OTU5716	k__Fungi;p__;c__;o__;f__;g__;s__
OTU5717	k__Fungi;p__;c__;o__;f__;g__;s__
OTU5718	k__Fungi;p__;c__;o__;f__;g__;s__
OTU5719	k__Fungi;p__Ascomycota;c__Lecanoromycetes;o__Pertusariales;f__Pertusariaceae;g__Pertusaria;s__obruta
OTU5720	k__Fungi;p__Ascomycota;c__Lecanoromycetes;o__;f__;g__;s__
OTU5721	k__Fungi;p__Ascomycota;c__Lecanoromycetes;o__;f__;g__;s__
OTU5722	k__Fungi;p__;c__;o__;f__;g__;s__
OTU5723	k__Fungi;p__;c__;o__;f__;g__;s__
OTU5724	k__Fungi;p__Ascomycota;c__;o__;f__;g__;s__
OTU5725	k__Fungi;p__;c__;o__;f__;g__;s__
OTU5726	k__Fungi;p__Ascomycota;c__Lecanoromycetes;o__;f__;g__;s__
OTU5727	k__Fungi;p__Ascomycota;c__Lecanoromycetes;o__;f__;g__;s__
OTU5728	k__Fungi;p__Chytridiomycota;c__;o__;f__;g__;s__
OTU5729	k__Fungi;p__;c__;o__;f__;g__;s__
OTU5730	k__Fungi;p__;c__;o__;f__;g__;s__
OTU5731	k__Fungi;p__;c__;o__;f__;g__;s__
OTU5732	k__Fungi;p__Ascomycota;c__;o__;f__;g__;s__
OTU5733	k__Fungi;p__;c__;o__;f__;g__;s__
OTU5734	k__Fungi;p__;c__;o__;f__;g__;s__
OTU5735	k__Fungi;p__Ascomycota;c__;o__;f__;g__;s__
OTU5736	k__Fungi;p__Ascomycota;c__Lecanoromycetes;o__;f__;g__;s__
OTU5737	k__Fungi;p__;c__;o__;f__;g__;s__
OTU5738	k__Fungi;p__;c__;o__;f__;g__;s__
OTU5739	k__Fungi;p__Ascomycota;c__;o__;f__;g__;s__
OTU5740	k__Fungi;p__;c__;o__;f__;g__;s__
OTU5741	k__Fungi;p__;c__;o__;f__;g__;s__
OTU5742	k__Fungi;p__Ascomycota;c__Lecanoromycetes;o__;f__;g__;s__
OTU5743	k__Fungi;p__Ascomycota;c__Lecanoromycetes;o__;f__;g__;s__
OTU5744	k__Fungi;p__Ascomycota;c__Lecanoromycetes;o__;f__;g__;s__
OTU5745	k__Fungi;p__Ascomycota;c__Lecanoromycetes;o__Pertusariales;f__Pertusariaceae;g__Pertusaria;s__obruta
OTU5746	k__Fungi;p__Ascomycota;c__Lecanoromycetes;o__Pertusariales;f__Pertusariaceae;g__Pertusaria;s__obruta
OTU5747	k__Fungi;p__;c__;o__;f__;g__;s__
OTU5748	k__Fungi;p__Ascomycota;c__;o__;f__;g__;s__
OTU5749	k__Fungi;p__;c__;o__;f__;g__;s__
OTU5750	k__Fungi;p__Chytridiomycota;c__;o__;f__;g__;s__
OTU5751	k__Fungi;p__Ascomycota;c__;o__;f__;g__;s__
OTU5752	k__Fungi;p__;c__;o__;f__;g__;s__
OTU5753	k__Fungi;p__;c__;o__;f__;g__;s__
OTU5754	k__Fungi;p__Chytridiomycota;c__Chytridiomycota_cls_Incertae_sedis;o__Chytridiomycota_ord_Incertae_sedis;f__Chytridiomycota_fam_Incertae_sedis;g__Chytridiomycota_gen_Incertae_sedis;s__
OTU5755	k__Fungi;p__Chytridiomycota;c__;o__;f__;g__;s__
OTU5756	k__Fungi;p__;c__;o__;f__;g__;s__
OTU5757	k__Fungi;p__Chytridiomycota;c__;o__;f__;g__;s__
OTU5758	k__Fungi;p__Ascomycota;c__Lecanoromycetes;o__Pertusariales;f__Pertusariaceae;g__Pertusaria;s__obruta
OTU5759	k__Fungi;p__;c__;o__;f__;g__;s__
OTU5760	k__Fungi;p__;c__;o__;f__;g__;s__
OTU5761	k__Fungi;p__;c__;o__;f__;g__;s__
OTU5762	k__Fungi;p__;c__;o__;f__;g__;s__
OTU5763	k__Fungi;p__Ascomycota;c__Lecanoromycetes;o__;f__;g__;s__
OTU5764	k__Fungi;p__;c__;o__;f__;g__;s__
OTU5765	k__Fungi;p__;c__;o__;f__;g__;s__
OTU5766	k__Fungi;p__;c__;o__;f__;g__;s__
OTU5767	k__Fungi;p__Chytridiomycota;c__Chytridiomycota_cls_Incertae_sedis;o__Chytridiomycota_ord_Incertae_sedis;f__Chytridiomycota_fam_Incertae_sedis;g__Chytridiomycota_gen_Incertae_sedis;s__
OTU5768	k__Fungi;p__;c__;o__;f__;g__;s__
OTU5769	k__Fungi;p__Chytridiomycota;c__Chytridiomycota_cls_Incertae_sedis;o__Chytridiomycota_ord_Incertae_sedis;f__Chytridiomycota_fam_Incertae_sedis;g__Chytridiomycota_gen_Incertae_sedis;s__
OTU5770	k__Fungi;p__Ascomycota;c__Lecanoromycetes;o__Pertusariales;f__Pertusariaceae;g__Pertusaria;s__obruta
OTU5771	k__Fungi;p__Ascomycota;c__Lecanoromycetes;o__;f__;g__;s__
OTU5772	k__Fungi;p__Ascomycota;c__Lecanoromycetes;o__;f__;g__;s__
OTU5773	k__Fungi;p__;c__;o__;f__;g__;s__
OTU5774	k__Fungi;p__Ascomycota;c__Lecanoromycetes;o__;f__;g__;s__
OTU5775	k__Fungi;p__Ascomycota;c__;o__;f__;g__;s__
OTU5776	k__Fungi;p__Ascomycota;c__Lecanoromycetes;o__;f__;g__;s__
OTU5777	k__Fungi;p__Ascomycota;c__;o__;f__;g__;s__
OTU5778	k__Fungi;p__Ascomycota;c__;o__;f__;g__;s__
OTU5779	k__Fungi;p__;c__;o__;f__;g__;s__
OTU5780	k__Fungi;p__Ascomycota;c__Lecanoromycetes;o__;f__;g__;s__
OTU5781	k__Fungi;p__;c__;o__;f__;g__;s__
OTU5782	k__Fungi;p__;c__;o__;f__;g__;s__
OTU5783	k__Fungi;p__;c__;o__;f__;g__;s__
OTU5784	k__Fungi;p__Ascomycota;c__Lecanoromycetes;o__;f__;g__;s__
OTU5785	k__Fungi;p__;c__;o__;f__;g__;s__
OTU5786	k__Fungi;p__;c__;o__;f__;g__;s__
OTU5787	k__Fungi;p__;c__;o__;f__;g__;s__
OTU5788	k__Fungi;p__Ascomycota;c__Lecanoromycetes;o__;f__;g__;s__
OTU5789	k__Fungi;p__;c__;o__;f__;g__;s__
OTU5790	k__Fungi;p__;c__;o__;f__;g__;s__
OTU5791	k__Fungi;p__Ascomycota;c__Lecanoromycetes;o__;f__;g__;s__
OTU5792	k__Fungi;p__Ascomycota;c__;o__;f__;g__;s__
OTU5793	k__Fungi;p__Ascomycota;c__;o__;f__;g__;s__
OTU5794	k__Fungi;p__;c__;o__;f__;g__;s__
OTU5795	k__Fungi;p__Ascomycota;c__Lecanoromycetes;o__;f__;g__;s__
OTU5796	k__Fungi;p__;c__;o__;f__;g__;s__
OTU5797	k__Fungi;p__Ascomycota;c__;o__;f__;g__;s__
OTU5798	k__Fungi;p__;c__;o__;f__;g__;s__
OTU5799	k__Fungi;p__Chytridiomycota;c__;o__;f__;g__;s__
OTU5800	k__Fungi;p__Chytridiomycota;c__;o__;f__;g__;s__
OTU5801	k__Fungi;p__;c__;o__;f__;g__;s__
OTU5802	k__Fungi;p__;c__;o__;f__;g__;s__
OTU5803	k__Fungi;p__Chytridiomycota;c__Chytridiomycota_cls_Incertae_sedis;o__Chytridiomycota_ord_Incertae_sedis;f__Chytridiomycota_fam_Incertae_sedis;g__Chytridiomycota_gen_Incertae_sedis;s__
OTU5804	k__Fungi;p__Chytridiomycota;c__Chytridiomycota_cls_Incertae_sedis;o__Chytridiomycota_ord_Incertae_sedis;f__Chytridiomycota_fam_Incertae_sedis;g__Chytridiomycota_gen_Incertae_sedis;s__
OTU5805	k__Fungi;p__Ascomycota;c__;o__;f__;g__;s__
OTU5806	k__Fungi;p__;c__;o__;f__;g__;s__
OTU5807	k__Fungi;p__;c__;o__;f__;g__;s__
OTU5808	k__Fungi;p__;c__;o__;f__;g__;s__
OTU5809	k__Fungi;p__Ascomycota;c__Lecanoromycetes;o__;f__;g__;s__
OTU5810	k__Fungi;p__;c__;o__;f__;g__;s__
OTU5811	k__Fungi;p__Chytridiomycota;c__;o__;f__;g__;s__
OTU5812	k__Fungi;p__Chytridiomycota;c__;o__;f__;g__;s__
OTU5813	k__Fungi;p__Ascomycota;c__;o__;f__;g__;s__
OTU5814	k__Fungi;p__;c__;o__;f__;g__;s__
OTU5815	k__Fungi;p__;c__;o__;f__;g__;s__
OTU5816	k__Fungi;p__;c__;o__;f__;g__;s__
OTU5817	k__Fungi;p__;c__;o__;f__;g__;s__
OTU5818	k__Fungi;p__Ascomycota;c__;o__;f__;g__;s__
OTU5819	k__Fungi;p__;c__;o__;f__;g__;s__
OTU5820	k__Fungi;p__;c__;o__;f__;g__;s__
OTU5821	k__Fungi;p__Ascomycota;c__Lecanoromycetes;o__;f__;g__;s__
OTU5822	k__Fungi;p__Chytridiomycota;c__;o__;f__;g__;s__
OTU5823	k__Fungi;p__;c__;o__;f__;g__;s__
OTU5824	k__Fungi;p__;c__;o__;f__;g__;s__
OTU5825	k__Fungi;p__;c__;o__;f__;g__;s__
OTU5826	k__Fungi;p__Ascomycota;c__;o__;f__;g__;s__
OTU5827	k__Fungi;p__Ascomycota;c__Lecanoromycetes;o__;f__;g__;s__
OTU5828	k__Fungi;p__;c__;o__;f__;g__;s__
OTU5829	k__Fungi;p__;c__;o__;f__;g__;s__
OTU5830	k__Fungi;p__Ascomycota;c__Lecanoromycetes;o__Pertusariales;f__Pertusariaceae;g__Pertusaria;s__obruta
OTU5831	k__Fungi;p__Ascomycota;c__Lecanoromycetes;o__;f__;g__;s__
OTU5832	k__Fungi;p__;c__;o__;f__;g__;s__
OTU5833	k__Fungi;p__;c__;o__;f__;g__;s__
OTU5834	k__Fungi;p__;c__;o__;f__;g__;s__
OTU5835	k__Fungi;p__Ascomycota;c__;o__;f__;g__;s__
OTU5836	k__Fungi;p__;c__;o__;f__;g__;s__
OTU5837	k__Fungi;p__;c__;o__;f__;g__;s__
OTU5838	k__Fungi;p__Ascomycota;c__Lecanoromycetes;o__Caliciales;f__Physciaceae;g__Kurokawia;s__palmulata
OTU5839	k__Fungi;p__Ascomycota;c__Lecanoromycetes;o__;f__;g__;s__
OTU5840	k__Fungi;p__Ascomycota;c__;o__;f__;g__;s__
OTU5841	k__Fungi;p__Ascomycota;c__;o__;f__;g__;s__
OTU5842	k__Fungi;p__;c__;o__;f__;g__;s__
OTU5843	k__Fungi;p__;c__;o__;f__;g__;s__
OTU5844	k__Fungi;p__Ascomycota;c__;o__;f__;g__;s__
OTU5845	k__Fungi;p__;c__;o__;f__;g__;s__
OTU5846	k__Fungi;p__;c__;o__;f__;g__;s__
OTU5847	k__Fungi;p__Ascomycota;c__Lecanoromycetes;o__;f__;g__;s__
OTU5848	k__Fungi;p__Ascomycota;c__;o__;f__;g__;s__
OTU5849	k__Fungi;p__Ascomycota;c__;o__;f__;g__;s__
OTU5850	k__Fungi;p__;c__;o__;f__;g__;s__
OTU5851	k__Fungi;p__Ascomycota;c__Lecanoromycetes;o__Pertusariales;f__Pertusariaceae;g__Pertusaria;s__obruta
OTU5852	k__Fungi;p__Ascomycota;c__;o__;f__;g__;s__
OTU5853	k__Fungi;p__;c__;o__;f__;g__;s__
OTU5854	k__Fungi;p__Ascomycota;c__Lecanoromycetes;o__;f__;g__;s__
OTU5855	k__Fungi;p__;c__;o__;f__;g__;s__
OTU5856	k__Fungi;p__Ascomycota;c__Lecanoromycetes;o__;f__;g__;s__
OTU5857	k__Fungi;p__Ascomycota;c__;o__;f__;g__;s__
OTU5858	k__Fungi;p__Ascomycota;c__Lecanoromycetes;o__Pertusariales;f__Pertusariaceae;g__Pertusaria;s__obruta
OTU5859	k__Fungi;p__;c__;o__;f__;g__;s__
OTU5860	k__Fungi;p__;c__;o__;f__;g__;s__
OTU5861	k__Fungi;p__Ascomycota;c__;o__;f__;g__;s__
OTU5862	k__Fungi;p__Ascomycota;c__;o__;f__;g__;s__
OTU5863	k__Fungi;p__Ascomycota;c__;o__;f__;g__;s__
OTU5864	k__Fungi;p__Ascomycota;c__Lecanoromycetes;o__;f__;g__;s__
OTU5865	k__Fungi;p__Chytridiomycota;c__;o__;f__;g__;s__
OTU5866	k__Fungi;p__Ascomycota;c__;o__;f__;g__;s__
OTU5867	k__Fungi;p__;c__;o__;f__;g__;s__
OTU5868	k__Fungi;p__Ascomycota;c__;o__;f__;g__;s__
OTU5869	k__Fungi;p__;c__;o__;f__;g__;s__
OTU5870	k__Fungi;p__Ascomycota;c__;o__;f__;g__;s__
OTU5871	k__Fungi;p__Ascomycota;c__Lecanoromycetes;o__;f__;g__;s__
OTU5872	k__Fungi;p__Ascomycota;c__Lecanoromycetes;o__;f__;g__;s__
OTU5873	k__Fungi;p__Chytridiomycota;c__;o__;f__;g__;s__
OTU5874	k__Fungi;p__Basidiomycota;c__Malasseziomycetes;o__Malasseziales;f__Malasseziaceae;g__Malassezia;s__arunalokei
OTU5875	k__Fungi;p__;c__;o__;f__;g__;s__
OTU5876	k__Fungi;p__;c__;o__;f__;g__;s__
OTU5877	k__Fungi;p__;c__;o__;f__;g__;s__
OTU5878	k__Fungi;p__Ascomycota;c__;o__;f__;g__;s__
OTU5879	k__Fungi;p__;c__;o__;f__;g__;s__
OTU5880	k__Fungi;p__Ascomycota;c__;o__;f__;g__;s__
OTU5881	k__Fungi;p__Ascomycota;c__Lecanoromycetes;o__Pertusariales;f__Pertusariaceae;g__Pertusaria;s__obruta
OTU5882	k__Fungi;p__Ascomycota;c__Lecanoromycetes;o__;f__;g__;s__
OTU5883	k__Fungi;p__;c__;o__;f__;g__;s__
OTU5884	k__Fungi;p__;c__;o__;f__;g__;s__
OTU5885	k__Fungi;p__Ascomycota;c__;o__;f__;g__;s__
OTU5886	k__Fungi;p__Chytridiomycota;c__Chytridiomycota_cls_Incertae_sedis;o__Chytridiomycota_ord_Incertae_sedis;f__Chytridiomycota_fam_Incertae_sedis;g__Chytridiomycota_gen_Incertae_sedis;s__
OTU5887	k__Fungi;p__Ascomycota;c__;o__;f__;g__;s__
OTU5888	k__Fungi;p__Chytridiomycota;c__Chytridiomycota_cls_Incertae_sedis;o__Chytridiomycota_ord_Incertae_sedis;f__Chytridiomycota_fam_Incertae_sedis;g__Chytridiomycota_gen_Incertae_sedis;s__
OTU5889	k__Fungi;p__;c__;o__;f__;g__;s__
OTU5890	k__Fungi;p__;c__;o__;f__;g__;s__
OTU5891	k__Fungi;p__Chytridiomycota;c__;o__;f__;g__;s__
OTU5892	k__Fungi;p__;c__;o__;f__;g__;s__
OTU5893	k__Fungi;p__Chytridiomycota;c__Chytridiomycota_cls_Incertae_sedis;o__Chytridiomycota_ord_Incertae_sedis;f__Chytridiomycota_fam_Incertae_sedis;g__Chytridiomycota_gen_Incertae_sedis;s__
OTU5894	k__Fungi;p__;c__;o__;f__;g__;s__
OTU5895	k__Fungi;p__Chytridiomycota;c__;o__;f__;g__;s__
OTU5896	k__Fungi;p__;c__;o__;f__;g__;s__
OTU5897	k__Fungi;p__Ascomycota;c__;o__;f__;g__;s__
OTU5898	k__Fungi;p__;c__;o__;f__;g__;s__
OTU5899	k__Fungi;p__;c__;o__;f__;g__;s__
OTU5900	k__Fungi;p__Ascomycota;c__;o__;f__;g__;s__
OTU5901	k__Fungi;p__Ascomycota;c__;o__;f__;g__;s__
OTU5902	k__Fungi;p__Ascomycota;c__;o__;f__;g__;s__
OTU5903	k__Fungi;p__Chytridiomycota;c__;o__;f__;g__;s__
OTU5904	k__Fungi;p__;c__;o__;f__;g__;s__
OTU5905	k__Fungi;p__;c__;o__;f__;g__;s__
OTU5906	k__Fungi;p__;c__;o__;f__;g__;s__
OTU5907	k__Fungi;p__Basidiomycota;c__Malasseziomycetes;o__Malasseziales;f__Malasseziaceae;g__Malassezia;s__restricta
OTU5908	k__Fungi;p__;c__;o__;f__;g__;s__
OTU5909	k__Fungi;p__;c__;o__;f__;g__;s__
OTU5910	k__Fungi;p__;c__;o__;f__;g__;s__
OTU5911	k__Fungi;p__Ascomycota;c__;o__;f__;g__;s__
OTU5912	k__Fungi;p__;c__;o__;f__;g__;s__
OTU5913	k__Fungi;p__;c__;o__;f__;g__;s__
OTU5914	k__Fungi;p__Ascomycota;c__Lecanoromycetes;o__Pertusariales;f__Pertusariaceae;g__Pertusaria;s__obruta
OTU5915	k__Fungi;p__;c__;o__;f__;g__;s__
OTU5916	k__Fungi;p__;c__;o__;f__;g__;s__
OTU5917	k__Fungi;p__Ascomycota;c__;o__;f__;g__;s__
OTU5918	k__Fungi;p__Ascomycota;c__;o__;f__;g__;s__
OTU5919	k__Fungi;p__;c__;o__;f__;g__;s__
OTU5920	k__Fungi;p__;c__;o__;f__;g__;s__
OTU5921	k__Fungi;p__Ascomycota;c__;o__;f__;g__;s__
OTU5922	k__Fungi;p__;c__;o__;f__;g__;s__
OTU5923	k__Fungi;p__Ascomycota;c__Lecanoromycetes;o__Graphidales;f__Gomphillaceae;g__Gomphillus;s__calycioides
OTU5924	k__Fungi;p__Ascomycota;c__Lecanoromycetes;o__;f__;g__;s__
OTU5925	k__Fungi;p__Chytridiomycota;c__;o__;f__;g__;s__
OTU5926	k__Fungi;p__Chytridiomycota;c__;o__;f__;g__;s__
OTU5927	k__Fungi;p__;c__;o__;f__;g__;s__
OTU5928	k__Fungi;p__Ascomycota;c__Lecanoromycetes;o__;f__;g__;s__
OTU5929	k__Fungi;p__;c__;o__;f__;g__;s__
OTU5930	k__Fungi;p__;c__;o__;f__;g__;s__
OTU5931	k__Fungi;p__Ascomycota;c__Lecanoromycetes;o__Pertusariales;f__Pertusariaceae;g__Pertusaria;s__obruta
OTU5932	k__Fungi;p__;c__;o__;f__;g__;s__
OTU5933	k__Fungi;p__Ascomycota;c__;o__;f__;g__;s__
OTU5934	k__Fungi;p__Ascomycota;c__;o__;f__;g__;s__
OTU5935	k__Fungi;p__;c__;o__;f__;g__;s__
OTU5936	k__Fungi;p__Ascomycota;c__Lecanoromycetes;o__Caliciales;f__Physciaceae;g__Kurokawia;s__palmulata
OTU5937	k__Fungi;p__Ascomycota;c__Lecanoromycetes;o__;f__;g__;s__
OTU5938	k__Fungi;p__;c__;o__;f__;g__;s__
OTU5939	k__Fungi;p__Ascomycota;c__;o__;f__;g__;s__
OTU5940	k__Fungi;p__Ascomycota;c__;o__;f__;g__;s__
OTU5941	k__Fungi;p__Ascomycota;c__Lecanoromycetes;o__;f__;g__;s__
OTU5942	k__Fungi;p__Ascomycota;c__Lecanoromycetes;o__Pertusariales;f__Pertusariaceae;g__Pertusaria;s__obruta
OTU5943	k__Fungi;p__;c__;o__;f__;g__;s__
OTU5944	k__Fungi;p__Ascomycota;c__Lecanoromycetes;o__Pertusariales;f__Pertusariaceae;g__Pertusaria;s__obruta
OTU5945	k__Fungi;p__;c__;o__;f__;g__;s__
OTU5946	k__Fungi;p__Ascomycota;c__Lecanoromycetes;o__;f__;g__;s__
OTU5947	k__Fungi;p__;c__;o__;f__;g__;s__
OTU5948	k__Fungi;p__Chytridiomycota;c__;o__;f__;g__;s__
OTU5949	k__Fungi;p__Ascomycota;c__Lecanoromycetes;o__;f__;g__;s__
OTU5950	k__Fungi;p__Ascomycota;c__;o__;f__;g__;s__
OTU5951	k__Fungi;p__Ascomycota;c__Lecanoromycetes;o__;f__;g__;s__
OTU5952	k__Fungi;p__Ascomycota;c__;o__;f__;g__;s__
OTU5953	k__Fungi;p__;c__;o__;f__;g__;s__
OTU5954	k__Fungi;p__;c__;o__;f__;g__;s__
OTU5955	k__Fungi;p__Chytridiomycota;c__Chytridiomycota_cls_Incertae_sedis;o__Chytridiomycota_ord_Incertae_sedis;f__Chytridiomycota_fam_Incertae_sedis;g__Chytridiomycota_gen_Incertae_sedis;s__
OTU5956	k__Fungi;p__Ascomycota;c__;o__;f__;g__;s__
OTU5957	k__Fungi;p__Chytridiomycota;c__;o__;f__;g__;s__
OTU5958	k__Fungi;p__Ascomycota;c__;o__;f__;g__;s__
OTU5959	k__Fungi;p__Chytridiomycota;c__;o__;f__;g__;s__
OTU5960	k__Fungi;p__;c__;o__;f__;g__;s__
OTU5961	k__Fungi;p__;c__;o__;f__;g__;s__
OTU5962	k__Fungi;p__Ascomycota;c__;o__;f__;g__;s__
OTU5963	k__Fungi;p__Ascomycota;c__;o__;f__;g__;s__
OTU5964	k__Fungi;p__Chytridiomycota;c__Chytridiomycota_cls_Incertae_sedis;o__Chytridiomycota_ord_Incertae_sedis;f__Chytridiomycota_fam_Incertae_sedis;g__Chytridiomycota_gen_Incertae_sedis;s__
OTU5965	k__Fungi;p__Ascomycota;c__;o__;f__;g__;s__
OTU5966	k__Fungi;p__Ascomycota;c__;o__;f__;g__;s__
OTU5967	k__Fungi;p__Chytridiomycota;c__;o__;f__;g__;s__
OTU5968	k__Fungi;p__Ascomycota;c__Lecanoromycetes;o__;f__;g__;s__
OTU5969	k__Fungi;p__Ascomycota;c__Lecanoromycetes;o__;f__;g__;s__
OTU5970	k__Fungi;p__Ascomycota;c__Lecanoromycetes;o__;f__;g__;s__
OTU5971	k__Fungi;p__;c__;o__;f__;g__;s__
OTU5972	k__Fungi;p__;c__;o__;f__;g__;s__
OTU5973	k__Fungi;p__;c__;o__;f__;g__;s__
OTU5974	k__Fungi;p__Chytridiomycota;c__;o__;f__;g__;s__
OTU5975	k__Fungi;p__Ascomycota;c__;o__;f__;g__;s__
OTU5976	k__Fungi;p__Ascomycota;c__Lecanoromycetes;o__;f__;g__;s__
OTU5977	k__Fungi;p__Chytridiomycota;c__;o__;f__;g__;s__
OTU5978	k__Fungi;p__Ascomycota;c__;o__;f__;g__;s__
OTU5979	k__Fungi;p__;c__;o__;f__;g__;s__
OTU5980	k__Fungi;p__Ascomycota;c__;o__;f__;g__;s__
OTU5981	k__Fungi;p__Ascomycota;c__;o__;f__;g__;s__
OTU5982	k__Fungi;p__Chytridiomycota;c__Chytridiomycota_cls_Incertae_sedis;o__Chytridiomycota_ord_Incertae_sedis;f__Chytridiomycota_fam_Incertae_sedis;g__Chytridiomycota_gen_Incertae_sedis;s__
OTU5983	k__Fungi;p__Ascomycota;c__;o__;f__;g__;s__
OTU5984	k__Fungi;p__Chytridiomycota;c__;o__;f__;g__;s__
OTU5985	k__Fungi;p__Chytridiomycota;c__Chytridiomycota_cls_Incertae_sedis;o__Chytridiomycota_ord_Incertae_sedis;f__Chytridiomycota_fam_Incertae_sedis;g__Chytridiomycota_gen_Incertae_sedis;s__
OTU5986	k__Fungi;p__Ascomycota;c__Lecanoromycetes;o__;f__;g__;s__
OTU5987	k__Fungi;p__Chytridiomycota;c__Chytridiomycota_cls_Incertae_sedis;o__Chytridiomycota_ord_Incertae_sedis;f__Chytridiomycota_fam_Incertae_sedis;g__Chytridiomycota_gen_Incertae_sedis;s__
OTU5988	k__Fungi;p__;c__;o__;f__;g__;s__
OTU5989	k__Fungi;p__;c__;o__;f__;g__;s__
OTU5990	k__Fungi;p__;c__;o__;f__;g__;s__
OTU5991	k__Fungi;p__Ascomycota;c__Lecanoromycetes;o__;f__;g__;s__
OTU5992	k__Fungi;p__Ascomycota;c__;o__;f__;g__;s__
OTU5993	k__Fungi;p__Ascomycota;c__Lecanoromycetes;o__;f__;g__;s__
OTU5994	k__Fungi;p__;c__;o__;f__;g__;s__
OTU5995	k__Fungi;p__;c__;o__;f__;g__;s__
OTU5996	k__Fungi;p__Ascomycota;c__Lecanoromycetes;o__;f__;g__;s__
OTU5997	k__Fungi;p__;c__;o__;f__;g__;s__
OTU5998	k__Fungi;p__Chytridiomycota;c__;o__;f__;g__;s__
OTU5999	k__Fungi;p__Chytridiomycota;c__;o__;f__;g__;s__
OTU6000	k__Fungi;p__;c__;o__;f__;g__;s__
OTU6001	k__Fungi;p__Ascomycota;c__Lecanoromycetes;o__Pertusariales;f__Pertusariaceae;g__Pertusaria;s__obruta
OTU6002	k__Fungi;p__;c__;o__;f__;g__;s__
OTU6003	k__Fungi;p__Chytridiomycota;c__;o__;f__;g__;s__
OTU6004	k__Fungi;p__Ascomycota;c__Lecanoromycetes;o__;f__;g__;s__
OTU6005	k__Fungi;p__;c__;o__;f__;g__;s__
OTU6006	k__Fungi;p__Ascomycota;c__Lecanoromycetes;o__;f__;g__;s__
OTU6007	k__Fungi;p__;c__;o__;f__;g__;s__
OTU6008	k__Fungi;p__Ascomycota;c__Lecanoromycetes;o__Pertusariales;f__Pertusariaceae;g__Pertusaria;s__obruta
OTU6009	k__Fungi;p__;c__;o__;f__;g__;s__
OTU6010	k__Fungi;p__Ascomycota;c__;o__;f__;g__;s__
OTU6011	k__Fungi;p__Ascomycota;c__Lecanoromycetes;o__;f__;g__;s__
OTU6012	k__Fungi;p__;c__;o__;f__;g__;s__
OTU6013	k__Fungi;p__;c__;o__;f__;g__;s__
OTU6014	k__Fungi;p__Ascomycota;c__Lecanoromycetes;o__;f__;g__;s__
OTU6015	k__Fungi;p__Chytridiomycota;c__;o__;f__;g__;s__
OTU6016	k__Fungi;p__;c__;o__;f__;g__;s__
OTU6017	k__Fungi;p__Ascomycota;c__;o__;f__;g__;s__
OTU6018	k__Fungi;p__Ascomycota;c__Dothideomycetes;o__Pleosporales;f__Pleosporaceae;g__Alternaria;s__eureka
OTU6019	k__Fungi;p__Ascomycota;c__;o__;f__;g__;s__
OTU6020	k__Fungi;p__Ascomycota;c__Lecanoromycetes;o__;f__;g__;s__
OTU6021	k__Fungi;p__;c__;o__;f__;g__;s__
OTU6022	k__Fungi;p__Ascomycota;c__Lecanoromycetes;o__;f__;g__;s__
OTU6023	k__Fungi;p__;c__;o__;f__;g__;s__
OTU6024	k__Fungi;p__Ascomycota;c__Lecanoromycetes;o__;f__;g__;s__
OTU6025	k__Fungi;p__;c__;o__;f__;g__;s__
OTU6026	k__Fungi;p__Ascomycota;c__Lecanoromycetes;o__;f__;g__;s__
OTU6027	k__Fungi;p__Chytridiomycota;c__;o__;f__;g__;s__
OTU6028	k__Fungi;p__;c__;o__;f__;g__;s__
OTU6029	k__Fungi;p__Ascomycota;c__;o__;f__;g__;s__
OTU6030	k__Fungi;p__;c__;o__;f__;g__;s__
OTU6031	k__Fungi;p__Chytridiomycota;c__;o__;f__;g__;s__
OTU6032	k__Fungi;p__Ascomycota;c__Lecanoromycetes;o__;f__;g__;s__
OTU6033	k__Fungi;p__;c__;o__;f__;g__;s__
OTU6034	k__Fungi;p__;c__;o__;f__;g__;s__
OTU6035	k__Fungi;p__Ascomycota;c__;o__;f__;g__;s__
OTU6036	k__Fungi;p__;c__;o__;f__;g__;s__
OTU6037	k__Fungi;p__;c__;o__;f__;g__;s__
OTU6038	k__Fungi;p__;c__;o__;f__;g__;s__
OTU6039	k__Fungi;p__Ascomycota;c__;o__;f__;g__;s__
OTU6040	k__Fungi;p__Ascomycota;c__;o__;f__;g__;s__
OTU6041	k__Fungi;p__Ascomycota;c__Lecanoromycetes;o__Pertusariales;f__Pertusariaceae;g__Pertusaria;s__obruta
OTU6042	k__Fungi;p__;c__;o__;f__;g__;s__
OTU6043	k__Fungi;p__;c__;o__;f__;g__;s__
OTU6044	k__Fungi;p__;c__;o__;f__;g__;s__
OTU6045	k__Fungi;p__Ascomycota;c__Lecanoromycetes;o__Pertusariales;f__Pertusariaceae;g__Pertusaria;s__obruta
OTU6046	k__Fungi;p__Ascomycota;c__Lecanoromycetes;o__;f__;g__;s__
OTU6047	k__Fungi;p__;c__;o__;f__;g__;s__
OTU6048	k__Fungi;p__Chytridiomycota;c__;o__;f__;g__;s__
OTU6049	k__Fungi;p__Ascomycota;c__Lecanoromycetes;o__Pertusariales;f__Pertusariaceae;g__Pertusaria;s__obruta
OTU6050	k__Fungi;p__Ascomycota;c__Saccharomycetes;o__Saccharomycetales;f__Saccharomycetales_fam_Incertae_sedis;g__Candida;s__albicans
OTU6051	k__Fungi;p__;c__;o__;f__;g__;s__
OTU6052	k__Fungi;p__;c__;o__;f__;g__;s__
OTU6053	k__Fungi;p__Ascomycota;c__;o__;f__;g__;s__
OTU6054	k__Fungi;p__Ascomycota;c__;o__;f__;g__;s__
OTU6055	k__Fungi;p__;c__;o__;f__;g__;s__
OTU6056	k__Fungi;p__;c__;o__;f__;g__;s__
OTU6057	k__Fungi;p__Ascomycota;c__Lecanoromycetes;o__;f__;g__;s__
OTU6058	k__Fungi;p__Chytridiomycota;c__Chytridiomycota_cls_Incertae_sedis;o__Chytridiomycota_ord_Incertae_sedis;f__Chytridiomycota_fam_Incertae_sedis;g__Chytridiomycota_gen_Incertae_sedis;s__
OTU6059	k__Fungi;p__;c__;o__;f__;g__;s__
OTU6060	k__Fungi;p__;c__;o__;f__;g__;s__
OTU6061	k__Fungi;p__;c__;o__;f__;g__;s__
OTU6062	k__Fungi;p__;c__;o__;f__;g__;s__
OTU6063	k__Fungi;p__Chytridiomycota;c__;o__;f__;g__;s__
OTU6064	k__Fungi;p__Ascomycota;c__Saccharomycetes;o__Saccharomycetales;f__Saccharomycetales_fam_Incertae_sedis;g__Candida;s__
OTU6065	k__Fungi;p__;c__;o__;f__;g__;s__
OTU6066	k__Fungi;p__Ascomycota;c__Laboulbeniomycetes;o__Pyxidiophorales;f__Pyxidiophoraceae;g__Pyxidiophora;s__arvernensis
OTU6067	k__Fungi;p__Chytridiomycota;c__;o__;f__;g__;s__
OTU6068	k__Fungi;p__;c__;o__;f__;g__;s__
OTU6069	k__Fungi;p__Ascomycota;c__;o__;f__;g__;s__
OTU6070	k__Fungi;p__Ascomycota;c__;o__;f__;g__;s__
OTU6071	k__Fungi;p__Ascomycota;c__;o__;f__;g__;s__
OTU6072	k__Fungi;p__Ascomycota;c__;o__;f__;g__;s__
OTU6073	k__Fungi;p__;c__;o__;f__;g__;s__
OTU6074	k__Fungi;p__;c__;o__;f__;g__;s__
OTU6075	k__Fungi;p__;c__;o__;f__;g__;s__
OTU6076	k__Fungi;p__Ascomycota;c__;o__;f__;g__;s__
OTU6077	k__Fungi;p__Ascomycota;c__;o__;f__;g__;s__
OTU6078	k__Fungi;p__Ascomycota;c__;o__;f__;g__;s__
OTU6079	k__Fungi;p__Ascomycota;c__;o__;f__;g__;s__
OTU6080	k__Fungi;p__;c__;o__;f__;g__;s__
OTU6081	k__Fungi;p__Ascomycota;c__;o__;f__;g__;s__
OTU6082	k__Fungi;p__Ascomycota;c__;o__;f__;g__;s__
OTU6083	k__Fungi;p__;c__;o__;f__;g__;s__
OTU6084	k__Fungi;p__;c__;o__;f__;g__;s__
OTU6085	k__Fungi;p__Ascomycota;c__Lecanoromycetes;o__;f__;g__;s__
OTU6086	k__Fungi;p__;c__;o__;f__;g__;s__
OTU6087	k__Fungi;p__;c__;o__;f__;g__;s__
OTU6088	k__Fungi;p__Chytridiomycota;c__;o__;f__;g__;s__
OTU6089	k__Fungi;p__Ascomycota;c__;o__;f__;g__;s__
OTU6090	k__Fungi;p__;c__;o__;f__;g__;s__
OTU6091	k__Fungi;p__Chytridiomycota;c__;o__;f__;g__;s__
OTU6092	k__Fungi;p__Chytridiomycota;c__;o__;f__;g__;s__
OTU6093	k__Fungi;p__Ascomycota;c__;o__;f__;g__;s__
OTU6094	k__Fungi;p__;c__;o__;f__;g__;s__
OTU6095	k__Fungi;p__Ascomycota;c__;o__;f__;g__;s__
OTU6096	k__Fungi;p__;c__;o__;f__;g__;s__
OTU6097	k__Fungi;p__;c__;o__;f__;g__;s__
OTU6098	k__Fungi;p__Ascomycota;c__;o__;f__;g__;s__
OTU6099	k__Fungi;p__;c__;o__;f__;g__;s__
OTU6100	k__Fungi;p__;c__;o__;f__;g__;s__
OTU6101	k__Fungi;p__Ascomycota;c__Lecanoromycetes;o__;f__;g__;s__
OTU6102	k__Fungi;p__Ascomycota;c__Lecanoromycetes;o__;f__;g__;s__
OTU6103	k__Fungi;p__Ascomycota;c__Dothideomycetes;o__Pleosporales;f__Leptosphaeriaceae;g__Sphaerellopsis;s__paraphysata
OTU6104	k__Fungi;p__Chytridiomycota;c__;o__;f__;g__;s__
OTU6105	k__Fungi;p__Ascomycota;c__Lecanoromycetes;o__;f__;g__;s__
OTU6106	k__Fungi;p__Ascomycota;c__Lecanoromycetes;o__;f__;g__;s__
OTU6107	k__Fungi;p__;c__;o__;f__;g__;s__
OTU6108	k__Fungi;p__Ascomycota;c__;o__;f__;g__;s__
OTU6109	k__Fungi;p__Ascomycota;c__Lecanoromycetes;o__;f__;g__;s__
OTU6110	k__Fungi;p__;c__;o__;f__;g__;s__
OTU6111	k__Fungi;p__Ascomycota;c__Lecanoromycetes;o__;f__;g__;s__
OTU6112	k__Fungi;p__Ascomycota;c__Lecanoromycetes;o__;f__;g__;s__
OTU6113	k__Fungi;p__Ascomycota;c__Lecanoromycetes;o__;f__;g__;s__
OTU6114	k__Fungi;p__Ascomycota;c__Lecanoromycetes;o__;f__;g__;s__
OTU6115	k__Fungi;p__Ascomycota;c__;o__;f__;g__;s__
OTU6116	k__Fungi;p__Ascomycota;c__Lecanoromycetes;o__;f__;g__;s__
OTU6117	k__Fungi;p__;c__;o__;f__;g__;s__
OTU6118	k__Fungi;p__;c__;o__;f__;g__;s__
OTU6119	k__Fungi;p__;c__;o__;f__;g__;s__
OTU6120	k__Fungi;p__Ascomycota;c__Lecanoromycetes;o__;f__;g__;s__
OTU6121	k__Fungi;p__;c__;o__;f__;g__;s__
OTU6122	k__Fungi;p__;c__;o__;f__;g__;s__
OTU6123	k__Fungi;p__Ascomycota;c__Lecanoromycetes;o__;f__;g__;s__
OTU6124	k__Fungi;p__Chytridiomycota;c__;o__;f__;g__;s__
OTU6125	k__Fungi;p__;c__;o__;f__;g__;s__
OTU6126	k__Fungi;p__;c__;o__;f__;g__;s__
OTU6127	k__Fungi;p__;c__;o__;f__;g__;s__
OTU6128	k__Fungi;p__Ascomycota;c__Dothideomycetes;o__Dothideales;f__Saccotheciaceae;g__;s__
OTU6129	k__Fungi;p__;c__;o__;f__;g__;s__
OTU6130	k__Fungi;p__Chytridiomycota;c__;o__;f__;g__;s__
OTU6131	k__Fungi;p__;c__;o__;f__;g__;s__
OTU6132	k__Fungi;p__Ascomycota;c__;o__;f__;g__;s__
OTU6133	k__Fungi;p__;c__;o__;f__;g__;s__
OTU6134	k__Fungi;p__Ascomycota;c__;o__;f__;g__;s__
OTU6135	k__Fungi;p__Chytridiomycota;c__;o__;f__;g__;s__
OTU6136	k__Fungi;p__;c__;o__;f__;g__;s__
OTU6137	k__Fungi;p__Ascomycota;c__Lecanoromycetes;o__Pertusariales;f__Pertusariaceae;g__Pertusaria;s__obruta
OTU6138	k__Fungi;p__;c__;o__;f__;g__;s__
OTU6139	k__Fungi;p__Chytridiomycota;c__;o__;f__;g__;s__
OTU6140	k__Fungi;p__;c__;o__;f__;g__;s__
OTU6141	k__Fungi;p__;c__;o__;f__;g__;s__
OTU6142	k__Fungi;p__;c__;o__;f__;g__;s__
OTU6143	k__Fungi;p__Ascomycota;c__;o__;f__;g__;s__
OTU6144	k__Fungi;p__Ascomycota;c__Lecanoromycetes;o__Pertusariales;f__Pertusariaceae;g__Pertusaria;s__obruta
OTU6145	k__Fungi;p__;c__;o__;f__;g__;s__
OTU6146	k__Fungi;p__Ascomycota;c__;o__;f__;g__;s__
OTU6147	k__Fungi;p__;c__;o__;f__;g__;s__
OTU6148	k__Fungi;p__;c__;o__;f__;g__;s__
OTU6149	k__Fungi;p__;c__;o__;f__;g__;s__
OTU6150	k__Fungi;p__;c__;o__;f__;g__;s__
OTU6151	k__Fungi;p__Ascomycota;c__;o__;f__;g__;s__
OTU6152	k__Fungi;p__;c__;o__;f__;g__;s__
OTU6153	k__Fungi;p__Ascomycota;c__Dothideomycetes;o__Pleosporales;f__Pleosporaceae;g__Stemphylium;s__halophilum
OTU6154	k__Fungi;p__Ascomycota;c__Dothideomycetes;o__Pleosporales;f__Pleosporaceae;g__Alternaria;s__arborescens
OTU6155	k__Fungi;p__Ascomycota;c__;o__;f__;g__;s__
OTU6156	k__Fungi;p__;c__;o__;f__;g__;s__
OTU6157	k__Fungi;p__;c__;o__;f__;g__;s__
OTU6158	k__Fungi;p__;c__;o__;f__;g__;s__
