	Kingdom	Phylum	Class	Order	Family	Genus	Species
OTU0	k__Fungi	p__Ascomycota	c__Sordariomycetes	o__Hypocreales	f__Sarocladiaceae	g__Sarocladium	s__kiliense
OTU1	k__Fungi	p__Basidiomycota	c__Malasseziomycetes	o__Malasseziales	f__Malasseziaceae	g__Malassezia	s__restricta
OTU2	k__Fungi	p__Ascomycota	c__Saccharomycetes	o__Saccharomycetales	f__Saccharomycetales_fam_Incertae_sedis	g__Candida	s__albicans
OTU3	k__Fungi	p__Ascomycota	c__Eurotiomycetes	o__Eurotiales	f__Thermoascaceae	g__Paecilomyces	s__dactylethromorphus
OTU4	k__Fungi	p__Basidiomycota	c__Malasseziomycetes	o__Malasseziales	f__Malasseziaceae	g__Malassezia	s__restricta
OTU5	k__Fungi	p__Ascomycota	c__Saccharomycetes	o__Saccharomycetales	f__Saccharomycetales_fam_Incertae_sedis	g__Candida	s__parapsilosis
OTU6	k__Fungi	p__Basidiomycota	c__Malasseziomycetes	o__Malasseziales	f__Malasseziaceae	g__Malassezia	s__restricta
OTU7	k__Fungi	p__Ascomycota	c__Dothideomycetes	o__Cladosporiales	f__Cladosporiaceae	g__Cladosporium	s__sphaerospermum
OTU8	k__Fungi	p__Basidiomycota	c__Malasseziomycetes	o__Malasseziales	f__Malasseziaceae	g__Malassezia	s__arunalokei
OTU9	k__Fungi	p__Ascomycota	c__Dothideomycetes	o__Cladosporiales	f__Cladosporiaceae	g__Cladosporium	s__cladosporioides
OTU10	k__Fungi						
OTU11	k__Fungi	p__Basidiomycota	c__Malasseziomycetes	o__Malasseziales	f__Malasseziaceae	g__Malassezia	s__restricta
OTU12	k__Fungi	p__Ascomycota	c__Sordariomycetes	o__Hypocreales	f__Nectriaceae	g__Fusarium	s__incarnatum
OTU13	k__Fungi	p__Ascomycota	c__Dothideomycetes	o__Pleosporales	f__Pleosporaceae	g__Alternaria	s__brassicae
OTU14	k__Fungi	p__Ascomycota	c__Dothideomycetes	o__Cladosporiales	f__Cladosporiaceae	g__Cladosporium	s__herbarum
OTU15	k__Fungi						
OTU16	k__Fungi	p__Basidiomycota	c__Malasseziomycetes	o__Malasseziales	f__Malasseziaceae	g__Malassezia	s__arunalokei
OTU17	k__Fungi	p__Ascomycota					
OTU18	k__Fungi	p__Ascomycota	c__Lecanoromycetes	o__Pertusariales	f__Pertusariaceae	g__Pertusaria	s__obruta
OTU19	k__Fungi						
OTU20	k__Fungi	p__Ascomycota	c__Dothideomycetes	o__Pleosporales	f__Didymellaceae		
OTU21	k__Fungi	p__Ascomycota	c__Lecanoromycetes	o__Pertusariales	f__Pertusariaceae	g__Pertusaria	s__obruta
OTU22	k__Fungi	p__Ascomycota	c__Lecanoromycetes	o__Pertusariales	f__Pertusariaceae	g__Pertusaria	s__obruta
OTU23	k__Fungi	p__Ascomycota	c__Eurotiomycetes	o__Eurotiales	f__Aspergillaceae	g__Aspergillus	s__aculeatus
OTU24	k__Fungi	p__Ascomycota	c__Eurotiomycetes	o__Eurotiales	f__Aspergillaceae	g__Aspergillus	s__ruber
OTU25	k__Fungi	p__Ascomycota	c__Saccharomycetes	o__Saccharomycetales	f__Saccharomycetales_fam_Incertae_sedis	g__Candida	
OTU26	k__Fungi	p__Ascomycota	c__Sordariomycetes	o__Hypocreales	f__Nectriaceae	g__Fusarium	s__incarnatum
OTU27	k__Fungi	p__Basidiomycota	c__Malasseziomycetes	o__Malasseziales	f__Malasseziaceae	g__Malassezia	s__globosa
OTU28	k__Fungi	p__Ascomycota	c__Lecanoromycetes	o__Pertusariales	f__Pertusariaceae	g__Pertusaria	s__obruta
OTU29	k__Fungi	p__Ascomycota	c__Saccharomycetes	o__Saccharomycetales	f__Saccharomycetales_fam_Incertae_sedis	g__Yarrowia	s__lipolytica
OTU30	k__Fungi	p__Ascomycota	c__Sordariomycetes	o__Amphisphaeriales	f__Apiosporaceae	g__Nigrospora	s__oryzae
OTU31	k__Fungi						
OTU32	k__Fungi	p__Basidiomycota	c__Malasseziomycetes	o__Malasseziales	f__Malasseziaceae	g__Malassezia	
OTU33	k__Fungi						
OTU34	k__Fungi	p__Ascomycota	c__Taphrinomycetes	o__Taphrinales	f__Protomycetaceae	g__Saitoella	s__complicata
OTU35	k__Fungi	p__Ascomycota	c__Dothideomycetes	o__Pleosporales	f__Didymellaceae	g__Epicoccum	s__nigrum
OTU36	k__Fungi	p__Basidiomycota	c__Microbotryomycetes	o__Sporidiobolales	f__Sporidiobolaceae	g__Rhodosporidiobolus	s__platycladi
OTU37	k__Fungi	p__Ascomycota	c__Lecanoromycetes	o__Pertusariales	f__Pertusariaceae	g__Pertusaria	s__obruta
OTU38	k__Fungi	p__Ascomycota	c__Lecanoromycetes	o__Pertusariales	f__Pertusariaceae	g__Pertusaria	s__obruta
OTU39	k__Fungi	p__Ascomycota	c__Eurotiomycetes	o__Eurotiales	f__Aspergillaceae	g__Penicillium	s__adametzioides
OTU40	k__Fungi	p__Basidiomycota	c__Tremellomycetes	o__Tremellales	f__Rhynchogastremaceae	g__Papiliotrema	s__fusca
OTU41	k__Fungi						
OTU42	k__Fungi	p__Ascomycota	c__Eurotiomycetes	o__Eurotiales	f__Aspergillaceae	g__Aspergillus	s__infrequens
OTU43	k__Fungi	p__Ascomycota	c__Eurotiomycetes	o__Eurotiales	f__Aspergillaceae	g__Aspergillus	s__ruber
OTU44	k__Fungi	p__Basidiomycota	c__Malasseziomycetes	o__Malasseziales	f__Malasseziaceae	g__Malassezia	
OTU45	k__Fungi	p__Ascomycota	c__Sordariomycetes	o__Hypocreales	f__Nectriaceae	g__Fusarium	s__mangiferae
OTU46	k__Fungi	p__Basidiomycota	c__Malasseziomycetes	o__Malasseziales	f__Malasseziaceae	g__Malassezia	s__restricta
OTU47	k__Fungi	p__Ascomycota	c__Eurotiomycetes	o__Eurotiales	f__Aspergillaceae	g__Penicillium	
OTU48	k__Fungi	p__Basidiomycota	c__Tremellomycetes	o__Tremellales	f__Cryptococcaceae	g__Cryptococcus	s__pseudolongus
OTU49	k__Fungi	p__Basidiomycota	c__Agaricomycetes	o__Polyporales	f__Ischnodermataceae	g__Ischnoderma	
OTU50	k__Fungi	p__Basidiomycota	c__Malasseziomycetes	o__Malasseziales	f__Malasseziaceae	g__Malassezia	s__restricta
OTU51	k__Fungi	p__Basidiomycota	c__Tremellomycetes	o__Tremellales	f__Bulleribasidiaceae	g__Hannaella	
OTU52	k__Fungi						
OTU53	k__Fungi	p__Ascomycota	c__Saccharomycetes	o__Saccharomycetales	f__Phaffomycetaceae	g__Cyberlindnera	s__jadinii
OTU54	k__Fungi						
OTU55	k__Fungi	p__Basidiomycota	c__Malasseziomycetes	o__Malasseziales	f__Malasseziaceae	g__Malassezia	s__globosa
OTU56	k__Fungi	p__Basidiomycota	c__Malasseziomycetes	o__Malasseziales	f__Malasseziaceae	g__Malassezia	s__restricta
OTU57	k__Fungi						
OTU58	k__Fungi	p__Ascomycota	c__Eurotiomycetes	o__Eurotiales	f__Aspergillaceae	g__Aspergillus	s__flavus
OTU59	k__Fungi						
OTU60	k__Fungi	p__Ascomycota	c__Eurotiomycetes	o__Eurotiales	f__Aspergillaceae	g__Aspergillus	s__glabripes
OTU61	k__Fungi	p__Basidiomycota	c__Malasseziomycetes	o__Malasseziales	f__Malasseziaceae	g__Malassezia	s__arunalokei
OTU62	k__Fungi	p__Ascomycota					
OTU63	k__Fungi						
OTU64	k__Fungi	p__Ascomycota	c__Lecanoromycetes				
OTU65	k__Fungi	p__Basidiomycota	c__Agaricomycetes	o__Amylocorticiales	f__Amylocorticiaceae	g__Plicaturopsis	s__crispa
OTU66	k__Fungi	p__Ascomycota	c__Sordariomycetes	o__Microascales	f__Microascaceae	g__Pithoascus	
OTU67	k__Fungi	p__Ascomycota	c__Sordariomycetes	o__Glomerellales	f__Glomerellaceae	g__Colletotrichum	s__aciculare
OTU68	k__Fungi	p__Ascomycota	c__Lecanoromycetes	o__Graphidales	f__Gomphillaceae	g__Gomphillus	s__calycioides
OTU69	k__Fungi	p__Basidiomycota	c__Tremellomycetes	o__Filobasidiales	f__Filobasidiaceae	g__Naganishia	s__diffluens
OTU70	k__Fungi	p__Basidiomycota	c__Malasseziomycetes	o__Malasseziales	f__Malasseziaceae	g__Malassezia	s__sympodialis
OTU71	k__Fungi	p__Basidiomycota	c__Agaricomycetes	o__Trechisporales	f__Hydnodontaceae	g__Sistotremastrum	s__guttuliferum
OTU72	k__Fungi	p__Basidiomycota	c__Agaricomycetes	o__Polyporales	f__Irpicaceae	g__Irpex	s__lacteus
OTU73	k__Fungi						
OTU74	k__Fungi	p__Ascomycota	c__Saccharomycetes	o__Saccharomycetales	f__Saccharomycetales_fam_Incertae_sedis	g__Candida	s__albicans
OTU75	k__Fungi	p__Basidiomycota	c__Agaricomycetes	o__Polyporales	f__Meruliaceae	g__Phlebia	s__acerina
OTU76	k__Fungi	p__Ascomycota	c__Sordariomycetes	o__Glomerellales	f__Plectosphaerellaceae	g__Gibellulopsis	s__piscis
OTU77	k__Fungi	p__Basidiomycota	c__Malasseziomycetes	o__Malasseziales	f__Malasseziaceae	g__Malassezia	
OTU78	k__Fungi	p__Ascomycota	c__Sordariomycetes	o__Hypocreales	f__Nectriaceae	g__Fusarium	s__mangiferae
OTU79	k__Fungi	p__Ascomycota	c__Lecanoromycetes	o__Pertusariales	f__Pertusariaceae	g__Pertusaria	s__obruta
OTU80	k__Fungi	p__Basidiomycota	c__Malasseziomycetes	o__Malasseziales	f__Malasseziaceae	g__Malassezia	s__globosa
OTU81	k__Fungi	p__Basidiomycota	c__Malasseziomycetes	o__Malasseziales	f__Malasseziaceae	g__Malassezia	s__sympodialis
OTU82	k__Fungi	p__Ascomycota	c__Dothideomycetes	o__Cladosporiales	f__Cladosporiaceae	g__Cladosporium	
OTU83	k__Fungi	p__Ascomycota	c__Ascomycota_cls_Incertae_sedis	o__Ascomycota_ord_Incertae_sedis	f__Ascomycota_fam_Incertae_sedis	g__Pseudomicrodochium	s__suttonii
OTU84	k__Fungi	p__Ascomycota					
OTU85	k__Fungi	p__Ascomycota	c__Dothideomycetes	o__Cladosporiales	f__Cladosporiaceae	g__Cladosporium	s__sphaerospermum
OTU86	k__Fungi	p__Ascomycota	c__Lecanoromycetes				
OTU87	k__Fungi	p__Basidiomycota	c__Agaricomycetes	o__Agaricales	f__Psathyrellaceae	g__Coprinellus	s__micaceus
OTU88	k__Fungi						
OTU89	k__Fungi						
OTU90	k__Fungi	p__Ascomycota	c__Sordariomycetes	o__Glomerellales	f__Plectosphaerellaceae	g__Gibellulopsis	s__piscis
OTU91	k__Fungi	p__Ascomycota	c__Eurotiomycetes	o__Chaetothyriales	f__Herpotrichiellaceae	g__Exophiala	s__salmonis
OTU92	k__Fungi						
OTU93	k__Fungi	p__Basidiomycota	c__Tremellomycetes	o__Tremellales	f__Cryptococcaceae	g__Cryptococcus	s__neoformans
OTU94	k__Fungi	p__Ascomycota	c__Laboulbeniomycetes	o__Pyxidiophorales	f__Pyxidiophoraceae	g__Pyxidiophora	s__arvernensis
OTU95	k__Fungi	p__Ascomycota	c__Eurotiomycetes	o__Eurotiales	f__Thermoascaceae	g__Paecilomyces	s__variotii
OTU96	k__Fungi						
OTU97	k__Fungi	p__Ascomycota	c__Dothideomycetes	o__Pleosporales	f__Periconiaceae	g__Periconia	
OTU98	k__Fungi	p__Ascomycota	c__Sordariomycetes	o__Hypocreales	f__Sarocladiaceae	g__Sarocladium	s__implicatum
OTU99	k__Fungi						
OTU100	k__Fungi	p__Chytridiomycota	c__Chytridiomycota_cls_Incertae_sedis	o__Chytridiomycota_ord_Incertae_sedis	f__Chytridiomycota_fam_Incertae_sedis	g__Chytridiomycota_gen_Incertae_sedis	
OTU101	k__Fungi	p__Basidiomycota	c__Exobasidiomycetes	o__Microstromatales	f__Microstromatales_fam_Incertae_sedis	g__Pseudomicrostroma	s__phylloplanum
OTU102	k__Fungi	p__Basidiomycota	c__Malasseziomycetes	o__Malasseziales	f__Malasseziaceae	g__Malassezia	s__restricta
OTU103	k__Fungi	p__Ascomycota	c__Sordariomycetes	o__Hypocreales	f__Bionectriaceae	g__Acremonium	s__alternatum
OTU104	k__Fungi	p__Basidiomycota	c__Agaricomycetes	o__Agaricales	f__Lycoperdaceae	g__Lycoperdon	s__pratense
OTU105	k__Fungi	p__Basidiomycota	c__Agaricomycetes	o__Polyporales	f__Irpicaceae	g__Irpex	s__lacteus
OTU106	k__Fungi	p__Ascomycota	c__Sordariomycetes	o__Glomerellales	f__Glomerellaceae	g__Colletotrichum	s__cliviicola
OTU107	k__Fungi	p__Basidiomycota	c__Malasseziomycetes	o__Malasseziales	f__Malasseziaceae	g__Malassezia	s__globosa
OTU108	k__Fungi	p__Ascomycota	c__Leotiomycetes	o__Helotiales	f__Helotiaceae	g__Helotium	s__uvidulum
OTU109	k__Fungi	p__Ascomycota					
OTU110	k__Fungi	p__Basidiomycota	c__Cystobasidiomycetes	o__Cystobasidiomycetes_ord_Incertae_sedis	f__Symmetrosporaceae	g__Symmetrospora	s__foliicola
OTU111	k__Fungi						
OTU112	k__Fungi						
OTU113	k__Fungi	p__Basidiomycota	c__Malasseziomycetes	o__Malasseziales	f__Malasseziaceae	g__Malassezia	s__arunalokei
OTU114	k__Fungi	p__Basidiomycota	c__Agaricomycetes	o__Cantharellales	f__Hydnaceae	g__Sistotrema	s__sernanderi
OTU115	k__Fungi	p__Basidiomycota	c__Malasseziomycetes	o__Malasseziales	f__Malasseziaceae	g__Malassezia	s__arunalokei
OTU116	k__Fungi	p__Ascomycota	c__Eurotiomycetes	o__Eurotiales	f__Aspergillaceae	g__Penicillium	s__expansum
OTU117	k__Fungi	p__Basidiomycota	c__Agaricomycetes	o__Russulales	f__Peniophoraceae	g__Peniophora	s__cinerea
OTU118	k__Fungi	p__Basidiomycota	c__Malasseziomycetes	o__Malasseziales	f__Malasseziaceae	g__Malassezia	
OTU119	k__Fungi	p__Basidiomycota	c__Agaricomycetes	o__Hymenochaetales	f__Schizoporaceae	g__Xylodon	s__raduloides
OTU120	k__Fungi	p__Basidiomycota	c__Agaricomycetes	o__Cantharellales	f__Hydnaceae	g__Sistotrema	s__porulosum
OTU121	k__Fungi	p__Basidiomycota	c__Malasseziomycetes	o__Malasseziales	f__Malasseziaceae	g__Malassezia	s__restricta
OTU122	k__Fungi	p__Ascomycota	c__Sordariomycetes	o__Hypocreales	f__Hypocreaceae	g__Trichoderma	s__atroviride
OTU123	k__Fungi	p__Ascomycota	c__Lecanoromycetes				
OTU124	k__Fungi	p__Ascomycota	c__Dothideomycetes	o__Botryosphaeriales	f__Botryosphaeriaceae	g__Lasiodiplodia	
OTU125	k__Fungi	p__Basidiomycota	c__Malasseziomycetes	o__Malasseziales	f__Malasseziaceae	g__Malassezia	s__globosa
OTU126	k__Fungi	p__Ascomycota	c__Sordariomycetes	o__Glomerellales	f__Glomerellaceae	g__Colletotrichum	s__siamense
OTU127	k__Fungi						
OTU128	k__Fungi	p__Ascomycota	c__Leotiomycetes	o__Helotiales	f__Sclerotiniaceae		
OTU129	k__Fungi	p__Ascomycota	c__Eurotiomycetes	o__Eurotiales	f__Aspergillaceae	g__Aspergillus	s__sydowii
OTU130	k__Fungi	p__Basidiomycota	c__Agaricomycetes	o__Hymenochaetales	f__Schizoporaceae	g__Hyphodontia	s__subefibulata
OTU131	k__Fungi						
OTU132	k__Fungi						
OTU133	k__Fungi						
OTU134	k__Fungi	p__Ascomycota	c__Lecanoromycetes				
OTU135	k__Fungi	p__Ascomycota					
OTU136	k__Fungi	p__Ascomycota	c__Saccharomycetes	o__Saccharomycetales	f__Saccharomycetales_fam_Incertae_sedis	g__Candida	s__orthopsilosis
OTU137	k__Fungi						
OTU138	k__Fungi	p__Ascomycota	c__Eurotiomycetes	o__Eurotiales	f__Aspergillaceae	g__Penicillium	s__coffeae
OTU139	k__Fungi	p__Basidiomycota	c__Agaricomycetes	o__Polyporales	f__Phanerochaetaceae	g__Bjerkandera	s__adusta
OTU140	k__Fungi	p__Ascomycota	c__Dothideomycetes	o__Mycosphaerellales	f__Mycosphaerellaceae	g__Cercospora	s__jatrophiphila
OTU141	k__Fungi	p__Basidiomycota	c__Malasseziomycetes	o__Malasseziales	f__Malasseziaceae	g__Malassezia	s__globosa
OTU142	k__Fungi						
OTU143	k__Fungi						
OTU144	k__Fungi						
OTU145	k__Fungi	p__Ascomycota	c__Dothideomycetes	o__Cladosporiales	f__Cladosporiaceae	g__Cladosporium	s__cladosporioides
OTU146	k__Fungi	p__Chytridiomycota					
OTU147	k__Fungi	p__Ascomycota					
OTU148	k__Fungi						
OTU149	k__Fungi						
OTU150	k__Fungi						
OTU151	k__Fungi	p__Ascomycota	c__Saccharomycetes	o__Saccharomycetales	f__Saccharomycetaceae	g__Kluyveromyces	s__marxianus
OTU152	k__Fungi	p__Ascomycota					
OTU153	k__Fungi	p__Ascomycota					
OTU154	k__Fungi	p__Basidiomycota	c__Agaricomycetes	o__Agaricales	f__Cyphellaceae		
OTU155	k__Fungi	p__Ascomycota	c__Sordariomycetes	o__Hypocreales	f__Nectriaceae	g__Fusarium	
OTU156	k__Fungi	p__Ascomycota	c__Eurotiomycetes	o__Eurotiales	f__Thermoascaceae	g__Paecilomyces	s__dactylethromorphus
OTU157	k__Fungi	p__Ascomycota	c__Eurotiomycetes	o__Eurotiales	f__Trichocomaceae	g__Talaromyces	s__rugulosus
OTU158	k__Fungi	p__Ascomycota	c__Sordariomycetes	o__Hypocreales	f__Nectriaceae	g__Fusarium	s__incarnatum
OTU159	k__Fungi	p__Ascomycota	c__Saccharomycetes	o__Saccharomycetales	f__Saccharomycetales_fam_Incertae_sedis	g__Candida	
OTU160	k__Fungi	p__Ascomycota	c__Sordariomycetes	o__Hypocreales	f__Nectriaceae	g__Fusarium	s__mangiferae
OTU161	k__Fungi	p__Ascomycota					
OTU162	k__Fungi	p__Ascomycota	c__Eurotiomycetes	o__Eurotiales	f__Aspergillaceae	g__Aspergillus	s__unguis
OTU163	k__Fungi	p__Ascomycota	c__Eurotiomycetes	o__Eurotiales	f__Aspergillaceae	g__Aspergillus	s__flavus
OTU164	k__Fungi	p__Ascomycota	c__Eurotiomycetes	o__Eurotiales	f__Aspergillaceae	g__Aspergillus	s__piperis
OTU165	k__Fungi	p__Ascomycota	c__Dothideomycetes	o__Cladosporiales	f__Cladosporiaceae	g__Cladosporium	s__sphaerospermum
OTU166	k__Fungi						
OTU167	k__Fungi						
OTU168	k__Fungi	p__Basidiomycota	c__Agaricomycetes	o__Agaricales	f__Lyophyllaceae	g__Hypsizygus	
OTU169	k__Fungi	p__Ascomycota					
OTU170	k__Fungi	p__Ascomycota	c__Dothideomycetes	o__Pleosporales	f__Phaeosphaeriaceae		
OTU171	k__Fungi	p__Ascomycota	c__Saccharomycetes	o__Saccharomycetales	f__Saccharomycetaceae	g__Oligophagozyma	s__castellii
OTU172	k__Fungi						
OTU173	k__Fungi						
OTU174	k__Fungi						
OTU175	k__Fungi						
OTU176	k__Fungi	p__Ascomycota	c__Eurotiomycetes	o__Eurotiales	f__Aspergillaceae	g__Aspergillus	s__reticulatus
OTU177	k__Fungi	p__Ascomycota	c__Lecanoromycetes				
OTU178	k__Fungi	p__Ascomycota	c__Lecanoromycetes				
OTU179	k__Fungi	p__Ascomycota					
OTU180	k__Fungi	p__Basidiomycota	c__Malasseziomycetes	o__Malasseziales	f__Malasseziaceae	g__Malassezia	s__restricta
OTU181	k__Fungi						
OTU182	k__Fungi	p__Basidiomycota	c__Agaricomycetes	o__Agaricales	f__Omphalotaceae	g__Rhodocollybia	s__prolixa
OTU183	k__Fungi	p__Ascomycota					
OTU184	k__Fungi	p__Ascomycota	c__Eurotiomycetes	o__Eurotiales	f__Aspergillaceae	g__Aspergillus	s__clavatophorus
OTU185	k__Fungi	p__Ascomycota	c__Sordariomycetes	o__Microascales	f__Microascales_fam_Incertae_sedis	g__Cornuvesica	s__acuminata
OTU186	k__Fungi						
OTU187	k__Fungi	p__Ascomycota	c__Leotiomycetes	o__Thelebolales	f__Pseudeurotiaceae	g__Pseudeurotiaceae_gen_Incertae_sedis	
OTU188	k__Fungi	p__Basidiomycota	c__Tremellomycetes	o__Filobasidiales	f__Filobasidiaceae	g__Filobasidium	s__chernovii
OTU189	k__Fungi	p__Basidiomycota	c__Malasseziomycetes	o__Malasseziales	f__Malasseziaceae	g__Malassezia	
OTU190	k__Fungi						
OTU191	k__Fungi						
OTU192	k__Fungi						
OTU193	k__Fungi	p__Ascomycota	c__Eurotiomycetes	o__Eurotiales	f__Aspergillaceae	g__Aspergillus	s__sydowii
OTU194	k__Fungi	p__Basidiomycota	c__Agaricomycetes	o__Agaricales	f__Schizophyllaceae	g__Schizophyllum	s__commune
OTU195	k__Fungi	p__Ascomycota	c__Lecanoromycetes				
OTU196	k__Fungi	p__Ascomycota	c__Dothideomycetes	o__Pleosporales	f__Didymosphaeriaceae	g__Neptunomyces	
OTU197	k__Fungi	p__Ascomycota	c__Eurotiomycetes	o__Eurotiales	f__Aspergillaceae	g__Penicillium	
OTU198	k__Fungi						
OTU199	k__Fungi	p__Ascomycota	c__Eurotiomycetes	o__Arachnomycetales	f__Arachnomycetaceae	g__Arachnomyces	
OTU200	k__Fungi	p__Ascomycota	c__Sordariomycetes	o__Hypocreales	f__Hypocreaceae	g__Trichoderma	s__koningii
OTU201	k__Fungi						
OTU202	k__Fungi	p__Ascomycota	c__Saccharomycetes	o__Saccharomycetales	f__Saccharomycetales_fam_Incertae_sedis	g__Candida	s__albicans
OTU203	k__Fungi						
OTU204	k__Fungi						
OTU205	k__Fungi	p__Basidiomycota	c__Malasseziomycetes	o__Malasseziales	f__Malasseziaceae	g__Malassezia	s__restricta
OTU206	k__Fungi						
OTU207	k__Fungi						
OTU208	k__Fungi						
OTU209	k__Fungi	p__Basidiomycota	c__Agaricomycetes	o__Polyporales	f__Meruliaceae	g__Phlebia	s__radiata
OTU210	k__Fungi	p__Ascomycota	c__Dothideomycetes	o__Cladosporiales	f__Cladosporiaceae	g__Cladosporium	s__cladosporioides
OTU211	k__Fungi						
OTU212	k__Fungi						
OTU213	k__Fungi						
OTU214	k__Fungi	p__Ascomycota	c__Eurotiomycetes	o__Eurotiales	f__Aspergillaceae	g__Penicillium	s__sumatraense
OTU215	k__Fungi	p__Ascomycota	c__Eurotiomycetes	o__Eurotiales	f__Aspergillaceae	g__Aspergillus	
OTU216	k__Fungi						
OTU217	k__Fungi	p__Ascomycota	c__Sordariomycetes	o__Amphisphaeriales	f__Apiosporaceae	g__Nigrospora	
OTU218	k__Fungi	p__Ascomycota	c__Lecanoromycetes	o__Caliciales	f__Physciaceae	g__Kurokawia	s__palmulata
OTU219	k__Fungi	p__Chytridiomycota					
OTU220	k__Fungi	p__Ascomycota					
OTU221	k__Fungi						
OTU222	k__Fungi						
OTU223	k__Fungi	p__Basidiomycota	c__Agaricomycetes	o__Polyporales	f__Grifolaceae	g__Grifola	s__frondosa
OTU224	k__Fungi	p__Basidiomycota	c__Agaricomycetes	o__Polyporales	f__Polyporaceae	g__Trametes	s__gibbosa
OTU225	k__Fungi						
OTU226	k__Fungi	p__Ascomycota	c__Lecanoromycetes	o__Pertusariales	f__Pertusariaceae	g__Pertusaria	s__obruta
OTU227	k__Fungi	p__Basidiomycota	c__Agaricomycetes	o__Hymenochaetales	f__Schizoporaceae	g__Xylodon	s__chinensis
OTU228	k__Fungi	p__Basidiomycota	c__Malasseziomycetes	o__Malasseziales	f__Malasseziaceae	g__Malassezia	s__arunalokei
OTU229	k__Fungi						
OTU230	k__Fungi	p__Basidiomycota	c__Microbotryomycetes	o__Sporidiobolales	f__Sporidiobolaceae	g__Rhodosporidiobolus	s__odoratus
OTU231	k__Fungi	p__Ascomycota	c__Sordariomycetes	o__Hypocreales	f__Sarocladiaceae	g__Sarocladium	
OTU232	k__Fungi						
OTU233	k__Fungi	p__Ascomycota					
OTU234	k__Fungi						
OTU235	k__Fungi						
OTU236	k__Fungi						
OTU237	k__Fungi						
OTU238	k__Fungi						
OTU239	k__Fungi	p__Ascomycota	c__Saccharomycetes	o__Saccharomycetales	f__Saccharomycetales_fam_Incertae_sedis	g__Candida	
OTU240	k__Fungi	p__Basidiomycota	c__Malasseziomycetes	o__Malasseziales	f__Malasseziaceae	g__Malassezia	
OTU241	k__Fungi						
OTU242	k__Fungi						
OTU243	k__Fungi	p__Ascomycota	c__Saccharomycetes	o__Saccharomycetales	f__Saccharomycetales_fam_Incertae_sedis	g__Candida	s__sake
OTU244	k__Fungi	p__Basidiomycota	c__Agaricomycetes	o__Russulales	f__Peniophoraceae	g__Peniophora	s__cinerea
OTU245	k__Fungi	p__Ascomycota	c__Lecanoromycetes	o__Pertusariales	f__Pertusariaceae	g__Pertusaria	s__obruta
OTU246	k__Fungi	p__Ascomycota					
OTU247	k__Fungi						
OTU248	k__Fungi						
OTU249	k__Fungi						
OTU250	k__Fungi	p__Chytridiomycota	c__Chytridiomycota_cls_Incertae_sedis	o__Chytridiomycota_ord_Incertae_sedis	f__Chytridiomycota_fam_Incertae_sedis	g__Chytridiomycota_gen_Incertae_sedis	
OTU251	k__Fungi	p__Basidiomycota	c__Agaricomycetes	o__Auriculariales	f__Auriculariaceae	g__Exidia	
OTU252	k__Fungi	p__Ascomycota	c__Lecanoromycetes				
OTU253	k__Fungi	p__Basidiomycota	c__Agaricomycetes	o__Polyporales	f__Ganodermataceae	g__Ganoderma	s__applanatum
OTU254	k__Fungi	p__Ascomycota	c__Sordariomycetes	o__Hypocreales	f__Nectriaceae	g__Fusarium	s__incarnatum
OTU255	k__Fungi						
OTU256	k__Fungi	p__Ascomycota	c__Sordariomycetes	o__Hypocreales	f__Sarocladiaceae	g__Sarocladium	
OTU257	k__Fungi	p__Basidiomycota	c__Tremellomycetes	o__Filobasidiales	f__Piskurozymaceae	g__Piskurozyma	s__capsuligena
OTU258	k__Fungi						
OTU259	k__Fungi	p__Ascomycota	c__Sordariomycetes	o__Hypocreales	f__Nectriaceae	g__Fusarium	s__incarnatum
OTU260	k__Fungi	p__Ascomycota					
OTU261	k__Fungi	p__Ascomycota	c__Dothideomycetes	o__Mycosphaerellales	f__Teratosphaeriaceae	g__Neocatenulostroma	s__microsporum
OTU262	k__Fungi	p__Ascomycota	c__Saccharomycetes	o__Saccharomycetales	f__Saccharomycetales_fam_Incertae_sedis	g__Candida	
OTU263	k__Fungi	p__Ascomycota	c__Lecanoromycetes	o__Pertusariales	f__Pertusariaceae	g__Pertusaria	s__obruta
OTU264	k__Fungi	p__Basidiomycota	c__Agaricomycetes	o__Agaricales	f__Bolbitiaceae	g__Pholiotina	
OTU265	k__Fungi						
OTU266	k__Fungi	p__Chytridiomycota	c__Chytridiomycota_cls_Incertae_sedis	o__Chytridiomycota_ord_Incertae_sedis	f__Chytridiomycota_fam_Incertae_sedis	g__Chytridiomycota_gen_Incertae_sedis	
OTU267	k__Fungi						
OTU268	k__Fungi	p__Basidiomycota	c__Malasseziomycetes	o__Malasseziales	f__Malasseziaceae	g__Malassezia	
OTU269	k__Fungi	p__Basidiomycota	c__Microbotryomycetes	o__Sporidiobolales	f__Sporidiobolaceae	g__Rhodosporidiobolus	s__colostri
OTU270	k__Fungi	p__Ascomycota	c__Dothideomycetes	o__Cladosporiales	f__Cladosporiaceae	g__Cladosporium	s__sphaerospermum
OTU271	k__Fungi	p__Basidiomycota	c__Tremellomycetes	o__Tremellales	f__Bulleribasidiaceae	g__Vishniacozyma	s__tephrensis
OTU272	k__Fungi	p__Basidiomycota	c__Agaricomycetes	o__Agaricales	f__Typhulaceae	g__Typhula	s__fistulosa
OTU273	k__Fungi	p__Ascomycota	c__Sordariomycetes	o__Hypocreales	f__Sarocladiaceae	g__Sarocladium	s__kiliense
OTU274	k__Fungi	p__Ascomycota	c__Lecanoromycetes				
OTU275	k__Fungi	p__Ascomycota	c__Saccharomycetes	o__Saccharomycetales	f__Debaryomycetaceae	g__Debaryomyces	s__hansenii
OTU276	k__Fungi	p__Ascomycota	c__Saccharomycetes	o__Saccharomycetales	f__Saccharomycetales_fam_Incertae_sedis	g__Candida	s__albicans
OTU277	k__Fungi	p__Ascomycota	c__Dothideomycetes	o__Pleosporales	f__Coniothyriaceae		
OTU278	k__Fungi	p__Basidiomycota	c__Agaricomycetes	o__Polyporales	f__Phanerochaetaceae	g__Bjerkandera	s__fumosa
OTU279	k__Fungi	p__Ascomycota					
OTU280	k__Fungi	p__Ascomycota	c__Sordariomycetes	o__Hypocreales	f__Nectriaceae	g__Fusarium	
OTU281	k__Fungi						
OTU282	k__Fungi	p__Ascomycota	c__Dothideomycetes	o__Pleosporales	f__Pleosporaceae	g__Stemphylium	
OTU283	k__Fungi						
OTU284	k__Fungi						
OTU285	k__Fungi	p__Chytridiomycota	c__Chytridiomycota_cls_Incertae_sedis	o__Chytridiomycota_ord_Incertae_sedis	f__Chytridiomycota_fam_Incertae_sedis	g__Chytridiomycota_gen_Incertae_sedis	
OTU286	k__Fungi	p__Ascomycota	c__Lecanoromycetes				
OTU287	k__Fungi						
OTU288	k__Fungi						
OTU289	k__Fungi	p__Ascomycota	c__Lecanoromycetes				
OTU290	k__Fungi						
OTU291	k__Fungi						
OTU292	k__Fungi	p__Ascomycota	c__Eurotiomycetes	o__Eurotiales	f__Aspergillaceae	g__Penicillium	s__phoeniceum
OTU293	k__Fungi	p__Basidiomycota	c__Tremellomycetes	o__Trichosporonales	f__Trichosporonaceae	g__Cutaneotrichosporon	s__jirovecii
OTU294	k__Fungi						
OTU295	k__Fungi	p__Ascomycota					
OTU296	k__Fungi	p__Ascomycota	c__Lecanoromycetes				
OTU297	k__Fungi	p__Basidiomycota	c__Tremellomycetes	o__Tremellales	f__Cryptococcaceae	g__Cryptococcus	s__neoformans
OTU298	k__Fungi						
OTU299	k__Fungi	p__Ascomycota	c__Lecanoromycetes				
OTU300	k__Fungi						
OTU301	k__Fungi						
OTU302	k__Fungi	p__Ascomycota					
OTU303	k__Fungi	p__Ascomycota					
OTU304	k__Fungi	p__Basidiomycota	c__Tremellomycetes	o__Tremellales	f__Bulleribasidiaceae	g__Hannaella	s__oryzae
OTU305	k__Fungi	p__Ascomycota	c__Eurotiomycetes	o__Eurotiales	f__Aspergillaceae	g__Aspergillus	s__fumigatus
OTU306	k__Fungi						
OTU307	k__Fungi	p__Ascomycota					
OTU308	k__Fungi	p__Basidiomycota	c__Agaricomycetes	o__Polyporales	f__Polyporaceae	g__Daedaleopsis	s__confragosa
OTU309	k__Fungi						
OTU310	k__Fungi	p__Basidiomycota	c__Tremellomycetes	o__Filobasidiales	f__Piskurozymaceae	g__Piskurozyma	s__capsuligena
OTU311	k__Fungi						
OTU312	k__Fungi						
OTU313	k__Fungi						
OTU314	k__Fungi						
OTU315	k__Fungi	p__Ascomycota					
OTU316	k__Fungi						
OTU317	k__Fungi						
OTU318	k__Fungi	p__Basidiomycota	c__Malasseziomycetes	o__Malasseziales	f__Malasseziaceae	g__Malassezia	s__arunalokei
OTU319	k__Fungi	p__Chytridiomycota					
OTU320	k__Fungi						
OTU321	k__Fungi	p__Chytridiomycota	c__Chytridiomycota_cls_Incertae_sedis	o__Chytridiomycota_ord_Incertae_sedis	f__Chytridiomycota_fam_Incertae_sedis	g__Chytridiomycota_gen_Incertae_sedis	
OTU322	k__Fungi						
OTU323	k__Fungi	p__Ascomycota	c__Lecanoromycetes	o__Pertusariales	f__Pertusariaceae	g__Pertusaria	s__obruta
OTU324	k__Fungi						
OTU325	k__Fungi						
OTU326	k__Fungi	p__Ascomycota	c__Sordariomycetes	o__Hypocreales	f__Nectriaceae	g__Fusarium	s__incarnatum
OTU327	k__Fungi	p__Ascomycota					
OTU328	k__Fungi						
OTU329	k__Fungi						
OTU330	k__Fungi	p__Ascomycota	c__Dothideomycetes	o__Pleosporales	f__Pleosporaceae	g__Alternaria	s__brassicae
OTU331	k__Fungi						
OTU332	k__Fungi	p__Ascomycota	c__Lecanoromycetes	o__Pertusariales	f__Pertusariaceae	g__Pertusaria	s__obruta
OTU333	k__Fungi	p__Ascomycota	c__Saccharomycetes	o__Saccharomycetales	f__Saccharomycetales_fam_Incertae_sedis	g__Candida	s__parapsilosis
OTU334	k__Fungi						
OTU335	k__Fungi						
OTU336	k__Fungi						
OTU337	k__Fungi						
OTU338	k__Fungi						
OTU339	k__Fungi	p__Fungi_phy_Incertae_sedis	c__Fungi_cls_Incertae_sedis	o__Fungi_ord_Incertae_sedis	f__Fungi_fam_Incertae_sedis	g__Fungi_gen_Incertae_sedis	
OTU340	k__Fungi	p__Ascomycota	c__Eurotiomycetes	o__Eurotiales	f__Aspergillaceae	g__Aspergillus	s__sydowii
OTU341	k__Fungi	p__Ascomycota	c__Saccharomycetes	o__Saccharomycetales	f__Saccharomycetales_fam_Incertae_sedis	g__Diutina	s__rugosa
OTU342	k__Fungi						
OTU343	k__Fungi						
OTU344	k__Fungi	p__Ascomycota	c__Lecanoromycetes	o__Pertusariales	f__Pertusariaceae	g__Pertusaria	s__obruta
OTU345	k__Fungi	p__Ascomycota	c__Eurotiomycetes	o__Eurotiales	f__Aspergillaceae	g__Penicillium	
OTU346	k__Fungi	p__Ascomycota	c__Lecanoromycetes	o__Pertusariales	f__Pertusariaceae	g__Pertusaria	s__obruta
OTU347	k__Fungi						
OTU348	k__Fungi						
OTU349	k__Fungi						
OTU350	k__Fungi						
OTU351	k__Fungi	p__Ascomycota					
OTU352	k__Fungi	p__Ascomycota	c__Lecanoromycetes				
OTU353	k__Fungi	p__Ascomycota	c__Eurotiomycetes	o__Eurotiales	f__Aspergillaceae	g__Aspergillus	s__flavus
OTU354	k__Fungi	p__Ascomycota	c__Saccharomycetes	o__Saccharomycetales	f__Metschnikowiaceae	g__Clavispora	s__lusitaniae
OTU355	k__Fungi	p__Ascomycota	c__Dothideomycetes	o__Cladosporiales	f__Cladosporiaceae	g__Cladosporium	s__sphaerospermum
OTU356	k__Fungi	p__Chytridiomycota	c__Chytridiomycota_cls_Incertae_sedis	o__Chytridiomycota_ord_Incertae_sedis	f__Chytridiomycota_fam_Incertae_sedis	g__Chytridiomycota_gen_Incertae_sedis	
OTU357	k__Fungi	p__Ascomycota	c__Eurotiomycetes	o__Eurotiales	f__Aspergillaceae	g__Penicillium	s__decumbens
OTU358	k__Fungi	p__Mucoromycota	c__Mucoromycetes	o__Mucorales	f__Mucoraceae	g__Mucor	
OTU359	k__Fungi	p__Ascomycota	c__Lecanoromycetes	o__Pertusariales	f__Pertusariaceae	g__Pertusaria	s__obruta
OTU360	k__Fungi	p__Ascomycota	c__Eurotiomycetes	o__Eurotiales	f__Thermoascaceae	g__Paecilomyces	s__dactylethromorphus
OTU361	k__Fungi	p__Ascomycota	c__Lecanoromycetes				
OTU362	k__Fungi						
OTU363	k__Fungi	p__Ascomycota					
OTU364	k__Fungi	p__Ascomycota	c__Lecanoromycetes				
OTU365	k__Fungi	p__Basidiomycota	c__Tremellomycetes	o__Tremellales	f__Bulleribasidiaceae	g__Hannaella	s__luteola
OTU366	k__Fungi	p__Ascomycota	c__Eurotiomycetes	o__Eurotiales	f__Trichocomaceae	g__Thermomyces	s__lanuginosus
OTU367	k__Fungi						
OTU368	k__Fungi	p__Ascomycota	c__Saccharomycetes	o__Saccharomycetales	f__Saccharomycetales_fam_Incertae_sedis	g__Yarrowia	s__lipolytica
OTU369	k__Fungi	p__Ascomycota	c__Eurotiomycetes	o__Eurotiales	f__Aspergillaceae	g__Penicillium	s__melinii
OTU370	k__Fungi	p__Ascomycota					
OTU371	k__Fungi	p__Basidiomycota	c__Agaricomycetes	o__Polyporales	f__Polyporaceae	g__Trametes	s__pubescens
OTU372	k__Fungi	p__Ascomycota	c__Eurotiomycetes	o__Eurotiales	f__Aspergillaceae	g__Aspergillus	s__aculeatus
OTU373	k__Fungi	p__Ascomycota	c__Sordariomycetes	o__Hypocreales	f__Sarocladiaceae	g__Sarocladium	s__strictum
OTU374	k__Fungi	p__Ascomycota	c__Eurotiomycetes	o__Eurotiales	f__Aspergillaceae	g__Penicillium	s__brevicompactum
OTU375	k__Fungi	p__Ascomycota	c__Lecanoromycetes				
OTU376	k__Fungi						
OTU377	k__Fungi	p__Ascomycota	c__Lecanoromycetes				
OTU378	k__Fungi	p__Ascomycota	c__Sordariomycetes	o__Hypocreales	f__Sarocladiaceae	g__Sarocladium	s__kiliense
OTU379	k__Fungi						
OTU380	k__Fungi	p__Ascomycota	c__Lecanoromycetes	o__Pertusariales	f__Pertusariaceae	g__Pertusaria	s__obruta
OTU381	k__Fungi						
OTU382	k__Fungi	p__Basidiomycota	c__Agaricomycetes	o__Polyporales	f__Irpicaceae	g__Irpex	s__lacteus
OTU383	k__Fungi						
OTU384	k__Fungi	p__Ascomycota	c__Sordariomycetes	o__Glomerellales	f__Plectosphaerellaceae	g__Plectosphaerella	
OTU385	k__Fungi						
OTU386	k__Fungi						
OTU387	k__Fungi	p__Ascomycota	c__Lecanoromycetes	o__Pertusariales	f__Pertusariaceae	g__Pertusaria	s__obruta
OTU388	k__Fungi						
OTU389	k__Fungi	p__Ascomycota	c__Lecanoromycetes				
OTU390	k__Fungi						
OTU391	k__Fungi	p__Ascomycota	c__Eurotiomycetes	o__Eurotiales	f__Aspergillaceae	g__Aspergillus	s__pseudogracilis
OTU392	k__Fungi						
OTU393	k__Fungi	p__Ascomycota	c__Lecanoromycetes				
OTU394	k__Fungi						
OTU395	k__Fungi						
OTU396	k__Fungi	p__Ascomycota	c__Leotiomycetes	o__Helotiales	f__Erysiphaceae	g__Podosphaera	s__xanthii
OTU397	k__Fungi	p__Ascomycota	c__Lecanoromycetes				
OTU398	k__Fungi	p__Ascomycota					
OTU399	k__Fungi	p__Ascomycota	c__Sordariomycetes	o__Hypocreales	f__Myrotheciomycetaceae	g__Trichothecium	s__roseum
OTU400	k__Fungi	p__Ascomycota	c__Lecanoromycetes				
OTU401	k__Fungi						
OTU402	k__Fungi						
OTU403	k__Fungi	p__Ascomycota	c__Saccharomycetes	o__Saccharomycetales	f__Saccharomycetales_fam_Incertae_sedis	g__Candida	s__sake
OTU404	k__Fungi	p__Ascomycota	c__Sordariomycetes	o__Microascales	f__Microascaceae	g__Pithoascus	
OTU405	k__Fungi	p__Ascomycota	c__Eurotiomycetes	o__Eurotiales	f__Aspergillaceae	g__Aspergillus	s__ruber
OTU406	k__Fungi	p__Basidiomycota	c__Ustilaginomycetes	o__Ustilaginales	f__Ustilaginaceae	g__Ustilago	
OTU407	k__Fungi	p__Ascomycota	c__Lecanoromycetes	o__Pertusariales	f__Pertusariaceae	g__Pertusaria	s__obruta
OTU408	k__Fungi	p__Ascomycota	c__Lecanoromycetes	o__Pertusariales	f__Pertusariaceae	g__Pertusaria	s__obruta
OTU409	k__Fungi	p__Basidiomycota	c__Tremellomycetes	o__Cystofilobasidiales	f__Cystofilobasidiaceae	g__Cystofilobasidium	s__infirmominiatum
OTU410	k__Fungi						
OTU411	k__Fungi						
OTU412	k__Fungi	p__Ascomycota	c__Lecanoromycetes	o__Pertusariales	f__Pertusariaceae	g__Pertusaria	s__obruta
OTU413	k__Fungi	p__Basidiomycota	c__Tremellomycetes	o__Filobasidiales	f__Filobasidiaceae	g__Filobasidium	s__floriforme
OTU414	k__Fungi						
OTU415	k__Fungi						
OTU416	k__Fungi						
OTU417	k__Fungi	p__Ascomycota	c__Eurotiomycetes	o__Eurotiales	f__Aspergillaceae	g__Aspergillus	s__reticulatus
OTU418	k__Fungi	p__Ascomycota	c__Sordariomycetes	o__Microascales	f__Microascales_fam_Incertae_sedis	g__Cornuvesica	s__acuminata
OTU419	k__Fungi	p__Ascomycota					
OTU420	k__Fungi						
OTU421	k__Fungi						
OTU422	k__Fungi						
OTU423	k__Fungi	p__Ascomycota	c__Lecanoromycetes				
OTU424	k__Fungi	p__Ascomycota	c__Lecanoromycetes				
OTU425	k__Fungi						
OTU426	k__Fungi						
OTU427	k__Fungi	p__Ascomycota	c__Lecanoromycetes				
OTU428	k__Fungi	p__Ascomycota	c__Saccharomycetes	o__Saccharomycetales	f__Saccharomycetales_fam_Incertae_sedis	g__Candida	
OTU429	k__Fungi	p__Ascomycota	c__Lecanoromycetes	o__Pertusariales	f__Pertusariaceae	g__Pertusaria	s__obruta
OTU430	k__Fungi						
OTU431	k__Fungi	p__Ascomycota	c__Dothideomycetes	o__Cladosporiales	f__Cladosporiaceae	g__Verrucocladosporium	s__visseri
OTU432	k__Fungi	p__Chytridiomycota	c__Chytridiomycota_cls_Incertae_sedis	o__Chytridiomycota_ord_Incertae_sedis	f__Chytridiomycota_fam_Incertae_sedis	g__Chytridiomycota_gen_Incertae_sedis	
OTU433	k__Fungi						
OTU434	k__Fungi						
OTU435	k__Fungi	p__Ascomycota	c__Sordariomycetes	o__Xylariales	f__Diatrypaceae	g__Eutypella	
OTU436	k__Fungi	p__Ascomycota					
OTU437	k__Fungi						
OTU438	k__Fungi	p__Basidiomycota	c__Agaricomycetes	o__Hymenochaetales	f__Hymenochaetaceae	g__Hydnoporia	s__corrugata
OTU439	k__Fungi						
OTU440	k__Fungi	p__Ascomycota					
OTU441	k__Fungi	p__Basidiomycota	c__Tremellomycetes	o__Tremellales	f__Bulleribasidiaceae	g__Hannaella	s__luteola
OTU442	k__Fungi	p__Fungi_phy_Incertae_sedis	c__Fungi_cls_Incertae_sedis	o__Fungi_ord_Incertae_sedis	f__Fungi_fam_Incertae_sedis	g__Fungi_gen_Incertae_sedis	
OTU443	k__Fungi	p__Ascomycota	c__Sordariomycetes	o__Hypocreales	f__Sarocladiaceae	g__Sarocladium	s__kiliense
OTU444	k__Fungi	p__Ascomycota	c__Dothideomycetes	o__Pleosporales	f__Didymellaceae		
OTU445	k__Fungi						
OTU446	k__Fungi						
OTU447	k__Fungi	p__Ascomycota	c__Lecanoromycetes	o__Pertusariales	f__Pertusariaceae	g__Pertusaria	s__obruta
OTU448	k__Fungi						
OTU449	k__Fungi	p__Ascomycota					
OTU450	k__Fungi	p__Ascomycota	c__Lecanoromycetes				
OTU451	k__Fungi	p__Basidiomycota	c__Malasseziomycetes	o__Malasseziales	f__Malasseziaceae	g__Malassezia	
OTU452	k__Fungi	p__Fungi_phy_Incertae_sedis	c__Fungi_cls_Incertae_sedis	o__Fungi_ord_Incertae_sedis	f__Fungi_fam_Incertae_sedis	g__Fungi_gen_Incertae_sedis	
OTU453	k__Fungi						
OTU454	k__Fungi	p__Ascomycota					
OTU455	k__Fungi						
OTU456	k__Fungi						
OTU457	k__Fungi	p__Ascomycota					
OTU458	k__Fungi	p__Basidiomycota	c__Malasseziomycetes	o__Malasseziales	f__Malasseziaceae	g__Malassezia	s__arunalokei
OTU459	k__Fungi	p__Ascomycota	c__Sordariomycetes	o__Glomerellales	f__Glomerellaceae	g__Colletotrichum	s__graminicola
OTU460	k__Fungi						
OTU461	k__Fungi	p__Ascomycota	c__Lecanoromycetes				
OTU462	k__Fungi						
OTU463	k__Fungi						
OTU464	k__Fungi						
OTU465	k__Fungi						
OTU466	k__Fungi	p__Ascomycota	c__Eurotiomycetes	o__Chaetothyriales	f__Herpotrichiellaceae	g__Exophiala	s__dermatitidis
OTU467	k__Fungi	p__Ascomycota	c__Saccharomycetes	o__Saccharomycetales	f__Pichiaceae	g__Pichia	s__kudriavzevii
OTU468	k__Fungi	p__Ascomycota					
OTU469	k__Fungi						
OTU470	k__Fungi	p__Ascomycota	c__Lecanoromycetes				
OTU471	k__Fungi	p__Ascomycota	c__Leotiomycetes	o__Thelebolales	f__Pseudeurotiaceae	g__Xerogeomyces	s__pulvereus
OTU472	k__Fungi						
OTU473	k__Fungi						
OTU474	k__Fungi						
OTU475	k__Fungi						
OTU476	k__Fungi	p__Chytridiomycota					
OTU477	k__Fungi	p__Ascomycota	c__Lecanoromycetes				
OTU478	k__Fungi	p__Ascomycota	c__Lecanoromycetes	o__Pertusariales	f__Pertusariaceae	g__Pertusaria	s__obruta
OTU479	k__Fungi	p__Ascomycota	c__Sordariomycetes	o__Hypocreales	f__Nectriaceae	g__Fusarium	s__sambucinum
OTU480	k__Fungi	p__Basidiomycota	c__Malasseziomycetes	o__Malasseziales	f__Malasseziaceae	g__Malassezia	
OTU481	k__Fungi	p__Ascomycota					
OTU482	k__Fungi	p__Fungi_phy_Incertae_sedis	c__Fungi_cls_Incertae_sedis	o__Fungi_ord_Incertae_sedis	f__Fungi_fam_Incertae_sedis	g__Fungi_gen_Incertae_sedis	
OTU483	k__Fungi	p__Ascomycota	c__Lecanoromycetes				
OTU484	k__Fungi						
OTU485	k__Fungi	p__Basidiomycota	c__Tremellomycetes	o__Tremellales	f__Bulleribasidiaceae	g__Vishniacozyma	s__victoriae
OTU486	k__Fungi	p__Ascomycota	c__Lecanoromycetes				
OTU487	k__Fungi						
OTU488	k__Fungi	p__Ascomycota	c__Lecanoromycetes				
OTU489	k__Fungi	p__Ascomycota					
OTU490	k__Fungi	p__Ascomycota	c__Dothideomycetes	o__Pleosporales	f__Phaeosphaeriaceae	g__Neosetophoma	
OTU491	k__Fungi						
OTU492	k__Fungi	p__Basidiomycota	c__Agaricomycetes	o__Atheliales	f__Atheliaceae	g__Athelia	s__arachnoidea
OTU493	k__Fungi	p__Ascomycota	c__Lecanoromycetes				
OTU494	k__Fungi						
OTU495	k__Fungi						
OTU496	k__Fungi	p__Ascomycota					
OTU497	k__Fungi						
OTU498	k__Fungi	p__Basidiomycota	c__Microbotryomycetes	o__Sporidiobolales	f__Sporidiobolaceae	g__Rhodotorula	s__dairenensis
OTU499	k__Fungi						
OTU500	k__Fungi	p__Ascomycota	c__Eurotiomycetes	o__Eurotiales	f__Aspergillaceae	g__Penicillium	s__citrinum
OTU501	k__Fungi	p__Ascomycota	c__Lecanoromycetes	o__Pertusariales	f__Pertusariaceae	g__Pertusaria	s__obruta
OTU502	k__Fungi						
OTU503	k__Fungi						
OTU504	k__Fungi	p__Ascomycota	c__Saccharomycetes	o__Saccharomycetales	f__Saccharomycetales_fam_Incertae_sedis	g__Candida	
OTU505	k__Fungi						
OTU506	k__Fungi						
OTU507	k__Fungi	p__Chytridiomycota	c__Chytridiomycota_cls_Incertae_sedis	o__Chytridiomycota_ord_Incertae_sedis	f__Chytridiomycota_fam_Incertae_sedis	g__Chytridiomycota_gen_Incertae_sedis	
OTU508	k__Fungi						
OTU509	k__Fungi	p__Basidiomycota	c__Tremellomycetes	o__Filobasidiales	f__Filobasidiaceae	g__Filobasidium	s__floriforme
OTU510	k__Fungi	p__Basidiomycota	c__Tremellomycetes	o__Tremellales	f__Bulleribasidiaceae	g__Hannaella	s__oryzae
OTU511	k__Fungi	p__Ascomycota	c__Lecanoromycetes				
OTU512	k__Fungi	p__Ascomycota	c__Lecanoromycetes	o__Pertusariales	f__Pertusariaceae	g__Pertusaria	s__obruta
OTU513	k__Fungi	p__Basidiomycota	c__Tremellomycetes	o__Tremellales	f__Bulleribasidiaceae	g__Bulleribasidium	s__oberjochense
OTU514	k__Fungi						
OTU515	k__Fungi						
OTU516	k__Fungi						
OTU517	k__Fungi	p__Ascomycota	c__Dothideomycetes	o__Pleosporales	f__Didymosphaeriaceae	g__Pseudopithomyces	s__chartarum
OTU518	k__Fungi	p__Ascomycota	c__Dothideomycetes	o__Dothideales	f__Dothideales_fam_Incertae_sedis	g__Coniozyma	s__leucospermi
OTU519	k__Fungi	p__Ascomycota	c__Lecanoromycetes				
OTU520	k__Fungi	p__Ascomycota	c__Saccharomycetes	o__Saccharomycetales	f__Saccharomycetales_fam_Incertae_sedis	g__Yarrowia	s__lipolytica
OTU521	k__Fungi						
OTU522	k__Fungi						
OTU523	k__Fungi	p__Chytridiomycota					
OTU524	k__Fungi	p__Ascomycota	c__Lecanoromycetes	o__Pertusariales	f__Pertusariaceae	g__Pertusaria	s__obruta
OTU525	k__Fungi						
OTU526	k__Fungi	p__Basidiomycota	c__Agaricomycetes	o__Polyporales	f__Irpicaceae	g__Irpex	s__latemarginatus
OTU527	k__Fungi	p__Ascomycota	c__Sordariomycetes	o__Sordariales	f__Sordariaceae	g__Neurospora	s__crassa
OTU528	k__Fungi	p__Ascomycota	c__Dothideomycetes	o__Pleosporales	f__Phaeosphaeriaceae	g__Neosetophoma	s__xingrenensis
OTU529	k__Fungi	p__Ascomycota	c__Sordariomycetes	o__Amphisphaeriales	f__Apiosporaceae	g__Nigrospora	
OTU530	k__Fungi	p__Ascomycota	c__Sordariomycetes	o__Hypocreales	f__Sarocladiaceae	g__Sarocladium	s__zeae
OTU531	k__Fungi	p__Basidiomycota	c__Agaricomycetes	o__Polyporales	f__Meruliaceae	g__Phlebia	s__tremellosa
OTU532	k__Fungi						
OTU533	k__Fungi	p__Basidiomycota	c__Agaricomycetes	o__Agaricales	f__Typhulaceae	g__Typhula	s__fistulosa
OTU534	k__Fungi	p__Mucoromycota	c__Mucoromycetes	o__Mucorales	f__Mucoraceae	g__Mucor	s__racemosus
OTU535	k__Fungi	p__Basidiomycota	c__Agaricomycetes	o__Polyporales	f__Steccherinaceae	g__Steccherinaceae_gen_Incertae_sedis	
OTU536	k__Fungi	p__Basidiomycota	c__Malasseziomycetes	o__Malasseziales	f__Malasseziaceae	g__Malassezia	s__restricta
OTU537	k__Fungi	p__Ascomycota	c__Lecanoromycetes	o__Pertusariales	f__Pertusariaceae	g__Pertusaria	s__obruta
OTU538	k__Fungi	p__Chytridiomycota					
OTU539	k__Fungi	p__Chytridiomycota					
OTU540	k__Fungi	p__Ascomycota					
OTU541	k__Fungi						
OTU542	k__Fungi	p__Ascomycota	c__Eurotiomycetes	o__Eurotiales	f__Thermoascaceae	g__Paecilomyces	s__dactylethromorphus
OTU543	k__Fungi	p__Ascomycota	c__Eurotiomycetes	o__Eurotiales	f__Aspergillaceae	g__Penicillium	s__phoeniceum
OTU544	k__Fungi	p__Basidiomycota	c__Tremellomycetes	o__Tremellales	f__Bulleribasidiaceae	g__Vishniacozyma	s__victoriae
OTU545	k__Fungi						
OTU546	k__Fungi						
OTU547	k__Fungi						
OTU548	k__Fungi	p__Ascomycota					
OTU549	k__Fungi						
OTU550	k__Fungi						
OTU551	k__Fungi	p__Ascomycota					
OTU552	k__Fungi	p__Ascomycota	c__Lecanoromycetes				
OTU553	k__Fungi	p__Ascomycota	c__Sordariomycetes	o__Hypocreales	f__Myrotheciomycetaceae	g__Trichothecium	s__roseum
OTU554	k__Fungi	p__Basidiomycota	c__Tremellomycetes	o__Tremellales	f__Cryptococcaceae	g__Cryptococcus	s__neoformans
OTU555	k__Fungi	p__Ascomycota	c__Eurotiomycetes	o__Eurotiales	f__Aspergillaceae	g__Aspergillus	
OTU556	k__Fungi	p__Ascomycota	c__Dothideomycetes	o__Pleosporales	f__Lophiostomataceae	g__Biappendiculispora	
OTU557	k__Fungi	p__Ascomycota	c__Lecanoromycetes				
OTU558	k__Fungi						
OTU559	k__Fungi	p__Basidiomycota	c__Agaricomycetes	o__Hymenochaetales	f__Hymenochaetaceae	g__Hydnoporia	s__corrugata
OTU560	k__Fungi	p__Ascomycota	c__Eurotiomycetes	o__Eurotiales	f__Aspergillaceae	g__Aspergillus	s__japonicus
OTU561	k__Fungi						
OTU562	k__Fungi	p__Basidiomycota	c__Tremellomycetes	o__Tremellales	f__Bulleribasidiaceae	g__Hannaella	s__sinensis
OTU563	k__Fungi						
OTU564	k__Fungi	p__Ascomycota	c__Lecanoromycetes				
OTU565	k__Fungi						
OTU566	k__Fungi						
OTU567	k__Fungi	p__Ascomycota					
OTU568	k__Fungi	p__Ascomycota	c__Eurotiomycetes	o__Eurotiales	f__Thermoascaceae	g__Paecilomyces	s__dactylethromorphus
OTU569	k__Fungi						
OTU570	k__Fungi						
OTU571	k__Fungi						
OTU572	k__Fungi	p__Ascomycota	c__Saccharomycetes	o__Saccharomycetales	f__Saccharomycetales_fam_Incertae_sedis	g__Candida	
OTU573	k__Fungi	p__Ascomycota					
OTU574	k__Fungi	p__Ascomycota					
OTU575	k__Fungi	p__Ascomycota	c__Lecanoromycetes	o__Pertusariales	f__Pertusariaceae	g__Pertusaria	s__obruta
OTU576	k__Fungi						
OTU577	k__Fungi	p__Ascomycota	c__Sordariomycetes	o__Hypocreales	f__Sarocladiaceae	g__Sarocladium	s__kiliense
OTU578	k__Fungi						
OTU579	k__Fungi	p__Basidiomycota	c__Tremellomycetes	o__Tremellales	f__Cryptococcaceae	g__Cryptococcus	s__pseudolongus
OTU580	k__Fungi	p__Ascomycota	c__Lecanoromycetes				
OTU581	k__Fungi	p__Basidiomycota	c__Malasseziomycetes	o__Malasseziales	f__Malasseziaceae	g__Malassezia	
OTU582	k__Fungi	p__Ascomycota	c__Lecanoromycetes				
OTU583	k__Fungi	p__Ascomycota					
OTU584	k__Fungi						
OTU585	k__Fungi	p__Ascomycota	c__Dothideomycetes	o__Pleosporales	f__Pleosporaceae	g__Alternaria	s__oregonensis
OTU586	k__Fungi						
OTU587	k__Fungi	p__Basidiomycota	c__Agaricomycetes	o__Polyporales	f__Irpicaceae		
OTU588	k__Fungi	p__Ascomycota					
OTU589	k__Fungi	p__Ascomycota					
OTU590	k__Fungi						
OTU591	k__Fungi						
OTU592	k__Fungi						
OTU593	k__Fungi						
OTU594	k__Fungi	p__Ascomycota	c__Lecanoromycetes				
OTU595	k__Fungi						
OTU596	k__Fungi						
OTU597	k__Fungi						
OTU598	k__Fungi	p__Chytridiomycota	c__Chytridiomycota_cls_Incertae_sedis	o__Chytridiomycota_ord_Incertae_sedis	f__Chytridiomycota_fam_Incertae_sedis	g__Chytridiomycota_gen_Incertae_sedis	
OTU599	k__Fungi						
OTU600	k__Fungi						
OTU601	k__Fungi						
OTU602	k__Fungi	p__Ascomycota	c__Lecanoromycetes	o__Pertusariales	f__Pertusariaceae	g__Pertusaria	s__obruta
OTU603	k__Fungi	p__Ascomycota	c__Eurotiomycetes	o__Eurotiales	f__Thermoascaceae	g__Paecilomyces	s__dactylethromorphus
OTU604	k__Fungi						
OTU605	k__Fungi						
OTU606	k__Fungi	p__Basidiomycota	c__Agaricomycetes	o__Russulales	f__Peniophoraceae	g__Peniophoraceae_gen_Incertae_sedis	
OTU607	k__Fungi						
OTU608	k__Fungi						
OTU609	k__Fungi	p__Ascomycota	c__Lecanoromycetes	o__Pertusariales	f__Pertusariaceae	g__Pertusaria	s__obruta
OTU610	k__Fungi	p__Ascomycota	c__Lecanoromycetes				
OTU611	k__Fungi						
OTU612	k__Fungi						
OTU613	k__Fungi	p__Ascomycota	c__Eurotiomycetes	o__Eurotiales	f__Thermoascaceae	g__Paecilomyces	
OTU614	k__Fungi						
OTU615	k__Fungi						
OTU616	k__Fungi						
OTU617	k__Fungi	p__Chytridiomycota	c__Chytridiomycota_cls_Incertae_sedis	o__Chytridiomycota_ord_Incertae_sedis	f__Chytridiomycota_fam_Incertae_sedis	g__Chytridiomycota_gen_Incertae_sedis	
OTU618	k__Fungi	p__Ascomycota					
OTU619	k__Fungi						
OTU620	k__Fungi	p__Ascomycota	c__Lecanoromycetes				
OTU621	k__Fungi						
OTU622	k__Fungi	p__Ascomycota	c__Lecanoromycetes				
OTU623	k__Fungi						
OTU624	k__Fungi						
OTU625	k__Fungi	p__Ascomycota	c__Lecanoromycetes				
OTU626	k__Fungi	p__Basidiomycota	c__Agaricomycetes	o__Atheliales	f__Atheliaceae	g__Athelia	s__arachnoidea
OTU627	k__Fungi						
OTU628	k__Fungi	p__Ascomycota	c__Saccharomycetes	o__Saccharomycetales	f__Dipodascaceae	g__Dipodascus	s__australiensis
OTU629	k__Fungi	p__Ascomycota	c__Lecanoromycetes				
OTU630	k__Fungi						
OTU631	k__Fungi						
OTU632	k__Fungi	p__Ascomycota	c__Lecanoromycetes				
OTU633	k__Fungi						
OTU634	k__Fungi	p__Ascomycota	c__Saccharomycetes	o__Saccharomycetales	f__Saccharomycetales_fam_Incertae_sedis	g__Candida	
OTU635	k__Fungi	p__Ascomycota	c__Lecanoromycetes				
OTU636	k__Fungi						
OTU637	k__Fungi	p__Ascomycota	c__Lecanoromycetes				
OTU638	k__Fungi	p__Ascomycota	c__Lecanoromycetes	o__Pertusariales	f__Pertusariaceae	g__Pertusaria	s__obruta
OTU639	k__Fungi	p__Basidiomycota	c__Agaricomycetes	o__Polyporales	f__Meruliaceae	g__Scopuloides	s__hydnoides
OTU640	k__Fungi						
OTU641	k__Fungi						
OTU642	k__Fungi						
OTU643	k__Fungi						
OTU644	k__Fungi						
OTU645	k__Fungi	p__Ascomycota					
OTU646	k__Fungi	p__Basidiomycota	c__Tremellomycetes	o__Tremellales	f__Bulleribasidiaceae	g__Hannaella	s__sinensis
OTU647	k__Fungi						
OTU648	k__Fungi						
OTU649	k__Fungi						
OTU650	k__Fungi	p__Ascomycota	c__Eurotiomycetes	o__Eurotiales	f__Thermoascaceae	g__Paecilomyces	s__dactylethromorphus
OTU651	k__Fungi						
OTU652	k__Fungi	p__Fungi_phy_Incertae_sedis	c__Fungi_cls_Incertae_sedis	o__Fungi_ord_Incertae_sedis	f__Fungi_fam_Incertae_sedis	g__Fungi_gen_Incertae_sedis	
OTU653	k__Fungi	p__Ascomycota	c__Dothideomycetes	o__Pleosporales	f__Pleosporaceae	g__Alternaria	s__eichhorniae
OTU654	k__Fungi	p__Ascomycota	c__Lecanoromycetes				
OTU655	k__Fungi	p__Basidiomycota	c__Malasseziomycetes	o__Malasseziales	f__Malasseziaceae	g__Malassezia	s__restricta
OTU656	k__Fungi						
OTU657	k__Fungi	p__Ascomycota	c__Lecanoromycetes	o__Pertusariales	f__Pertusariaceae	g__Pertusaria	s__obruta
OTU658	k__Fungi						
OTU659	k__Fungi	p__Ascomycota	c__Lecanoromycetes				
OTU660	k__Fungi	p__Ascomycota	c__Lecanoromycetes				
OTU661	k__Fungi						
OTU662	k__Fungi	p__Chytridiomycota					
OTU663	k__Fungi	p__Basidiomycota	c__Exobasidiomycetes	o__Entylomatales	f__Entylomataceae	g__Tilletiopsis	s__washingtonensis
OTU664	k__Fungi						
OTU665	k__Fungi	p__Ascomycota	c__Lecanoromycetes				
OTU666	k__Fungi	p__Ascomycota	c__Lecanoromycetes	o__Pertusariales	f__Pertusariaceae	g__Pertusaria	s__obruta
OTU667	k__Fungi						
OTU668	k__Fungi						
OTU669	k__Fungi	p__Ascomycota	c__Sordariomycetes	o__Hypocreales	f__Sarocladiaceae	g__Sarocladium	s__kiliense
OTU670	k__Fungi						
OTU671	k__Fungi						
OTU672	k__Fungi						
OTU673	k__Fungi						
OTU674	k__Fungi	p__Basidiomycota	c__Agaricomycetes	o__Polyporales	f__Irpicaceae	g__Meruliopsis	
OTU675	k__Fungi	p__Ascomycota	c__Dothideomycetes	o__Pleosporales	f__Didymellaceae	g__Didymella	
OTU676	k__Fungi						
OTU677	k__Fungi						
OTU678	k__Fungi						
OTU679	k__Fungi						
OTU680	k__Fungi	p__Ascomycota					
OTU681	k__Fungi	p__Ascomycota	c__Lecanoromycetes				
OTU682	k__Fungi						
OTU683	k__Fungi	p__Chytridiomycota	c__Chytridiomycota_cls_Incertae_sedis	o__Chytridiomycota_ord_Incertae_sedis	f__Chytridiomycota_fam_Incertae_sedis	g__Chytridiomycota_gen_Incertae_sedis	
OTU684	k__Fungi	p__Ascomycota	c__Lecanoromycetes				
OTU685	k__Fungi						
OTU686	k__Fungi						
OTU687	k__Fungi						
OTU688	k__Fungi	p__Ascomycota	c__Lecanoromycetes				
OTU689	k__Fungi	p__Ascomycota	c__Eurotiomycetes	o__Eurotiales	f__Thermoascaceae	g__Paecilomyces	s__dactylethromorphus
OTU690	k__Fungi	p__Ascomycota					
OTU691	k__Fungi	p__Ascomycota	c__Dothideomycetes	o__Pleosporales	f__Periconiaceae	g__Periconia	s__celtidis
OTU692	k__Fungi	p__Ascomycota	c__Lecanoromycetes				
OTU693	k__Fungi						
OTU694	k__Fungi						
OTU695	k__Fungi	p__Ascomycota	c__Eurotiomycetes	o__Eurotiales	f__Thermoascaceae	g__Paecilomyces	s__dactylethromorphus
OTU696	k__Fungi						
OTU697	k__Fungi						
OTU698	k__Fungi	p__Ascomycota	c__Lecanoromycetes				
OTU699	k__Fungi	p__Ascomycota					
OTU700	k__Fungi						
OTU701	k__Fungi						
OTU702	k__Fungi	p__Ascomycota	c__Lecanoromycetes				
OTU703	k__Fungi	p__Ascomycota					
OTU704	k__Fungi						
OTU705	k__Fungi	p__Ascomycota	c__Lecanoromycetes				
OTU706	k__Fungi	p__Basidiomycota	c__Agaricomycetes	o__Polyporales	f__Polyporaceae	g__Trametes	s__pubescens
OTU707	k__Fungi						
OTU708	k__Fungi						
OTU709	k__Fungi	p__Ascomycota					
OTU710	k__Fungi	p__Chytridiomycota	c__Chytridiomycota_cls_Incertae_sedis	o__Chytridiomycota_ord_Incertae_sedis	f__Chytridiomycota_fam_Incertae_sedis	g__Chytridiomycota_gen_Incertae_sedis	
OTU711	k__Fungi	p__Ascomycota	c__Dothideomycetes	o__Pleosporales	f__Pleosporaceae	g__Stemphylium	s__vesicarium
OTU712	k__Fungi						
OTU713	k__Fungi						
OTU714	k__Fungi	p__Chytridiomycota	c__Chytridiomycota_cls_Incertae_sedis	o__Chytridiomycota_ord_Incertae_sedis	f__Chytridiomycota_fam_Incertae_sedis	g__Chytridiomycota_gen_Incertae_sedis	
OTU715	k__Fungi	p__Ascomycota					
OTU716	k__Fungi	p__Ascomycota					
OTU717	k__Fungi	p__Ascomycota	c__Sordariomycetes	o__Hypocreales	f__Stachybotryaceae	g__Striaticonidium	s__cinctum
OTU718	k__Fungi						
OTU719	k__Fungi						
OTU720	k__Fungi						
OTU721	k__Fungi						
OTU722	k__Fungi	p__Ascomycota					
OTU723	k__Fungi						
OTU724	k__Fungi	p__Ascomycota	c__Lecanoromycetes				
OTU725	k__Fungi						
OTU726	k__Fungi	p__Ascomycota	c__Leotiomycetes	o__Helotiales	f__Erysiphaceae	g__Blumeria	s__graminis
OTU727	k__Fungi	p__Basidiomycota	c__Agaricomycetes	o__Agaricales	f__Strophariaceae	g__Hypholoma	s__capnoides
OTU728	k__Fungi						
OTU729	k__Fungi	p__Ascomycota					
OTU730	k__Fungi	p__Chytridiomycota	c__Chytridiomycota_cls_Incertae_sedis	o__Chytridiomycota_ord_Incertae_sedis	f__Chytridiomycota_fam_Incertae_sedis	g__Chytridiomycota_gen_Incertae_sedis	
OTU731	k__Fungi	p__Chytridiomycota					
OTU732	k__Fungi						
OTU733	k__Fungi	p__Ascomycota					
OTU734	k__Fungi						
OTU735	k__Fungi						
OTU736	k__Fungi						
OTU737	k__Fungi	p__Ascomycota	c__Eurotiomycetes	o__Eurotiales	f__Aspergillaceae	g__Aspergillus	s__penicillioides
OTU738	k__Fungi						
OTU739	k__Fungi	p__Chytridiomycota					
OTU740	k__Fungi	p__Ascomycota	c__Lecanoromycetes				
OTU741	k__Fungi	p__Ascomycota	c__Dothideomycetes	o__Pleosporales	f__Didymellaceae	g__Neoascochyta	s__desmazieri
OTU742	k__Fungi	p__Ascomycota	c__Lecanoromycetes				
OTU743	k__Fungi						
OTU744	k__Fungi	p__Ascomycota					
OTU745	k__Fungi						
OTU746	k__Fungi	p__Ascomycota					
OTU747	k__Fungi						
OTU748	k__Fungi	p__Basidiomycota	c__Agaricomycetes	o__Russulales	f__Peniophoraceae	g__Peniophora	s__cinerea
OTU749	k__Fungi						
OTU750	k__Fungi						
OTU751	k__Fungi						
OTU752	k__Fungi						
OTU753	k__Fungi	p__Basidiomycota	c__Microbotryomycetes	o__Sporidiobolales	f__Sporidiobolaceae	g__Rhodosporidiobolus	s__colostri
OTU754	k__Fungi						
OTU755	k__Fungi						
OTU756	k__Fungi	p__Ascomycota	c__Lecanoromycetes	o__Pertusariales	f__Pertusariaceae	g__Pertusaria	s__obruta
OTU757	k__Fungi	p__Ascomycota	c__Lecanoromycetes	o__Pertusariales	f__Pertusariaceae	g__Pertusaria	s__obruta
OTU758	k__Fungi	p__Ascomycota	c__Lecanoromycetes	o__Pertusariales	f__Pertusariaceae	g__Pertusaria	s__obruta
OTU759	k__Fungi	p__Ascomycota	c__Dothideomycetes	o__Pleosporales	f__Didymosphaeriaceae	g__Montagnula	
OTU760	k__Fungi						
OTU761	k__Fungi	p__Chytridiomycota	c__Chytridiomycota_cls_Incertae_sedis	o__Chytridiomycota_ord_Incertae_sedis	f__Chytridiomycota_fam_Incertae_sedis	g__Chytridiomycota_gen_Incertae_sedis	
OTU762	k__Fungi						
OTU763	k__Fungi	p__Ascomycota	c__Lecanoromycetes				
OTU764	k__Fungi	p__Ascomycota	c__Lecanoromycetes				
OTU765	k__Fungi						
OTU766	k__Fungi						
OTU767	k__Fungi						
OTU768	k__Fungi	p__Ascomycota	c__Lecanoromycetes				
OTU769	k__Fungi	p__Ascomycota	c__Laboulbeniomycetes	o__Pyxidiophorales	f__Pyxidiophoraceae	g__Pyxidiophora	s__arvernensis
OTU770	k__Fungi	p__Ascomycota					
OTU771	k__Fungi						
OTU772	k__Fungi	p__Ascomycota	c__Lecanoromycetes				
OTU773	k__Fungi	p__Ascomycota	c__Lecanoromycetes				
OTU774	k__Fungi	p__Ascomycota	c__Lecanoromycetes				
OTU775	k__Fungi						
OTU776	k__Fungi						
OTU777	k__Fungi						
OTU778	k__Fungi						
OTU779	k__Fungi	p__Ascomycota	c__Lecanoromycetes				
OTU780	k__Fungi	p__Ascomycota	c__Lecanoromycetes				
OTU781	k__Fungi	p__Ascomycota	c__Sordariomycetes	o__Microascales	f__Microascaceae		
OTU782	k__Fungi	p__Ascomycota	c__Lecanoromycetes				
OTU783	k__Fungi						
OTU784	k__Fungi						
OTU785	k__Fungi						
OTU786	k__Fungi						
OTU787	k__Fungi						
OTU788	k__Fungi						
OTU789	k__Fungi	p__Ascomycota	c__Lecanoromycetes				
OTU790	k__Fungi						
OTU791	k__Fungi						
OTU792	k__Fungi						
OTU793	k__Fungi	p__Ascomycota	c__Lecanoromycetes				
OTU794	k__Fungi	p__Ascomycota	c__Lecanoromycetes	o__Pertusariales	f__Pertusariaceae	g__Pertusaria	s__obruta
OTU795	k__Fungi	p__Ascomycota	c__Sordariomycetes	o__Hypocreales	f__Nectriaceae	g__Fusarium	s__incarnatum
OTU796	k__Fungi	p__Ascomycota	c__Dothideomycetes	o__Cladosporiales	f__Cladosporiaceae	g__Cladosporium	s__sphaerospermum
OTU797	k__Fungi	p__Ascomycota	c__Eurotiomycetes	o__Eurotiales	f__Aspergillaceae	g__Aspergillus	s__sydowii
OTU798	k__Fungi	p__Ascomycota	c__Lecanoromycetes				
OTU799	k__Fungi	p__Ascomycota					
OTU800	k__Fungi						
OTU801	k__Fungi	p__Basidiomycota	c__Tremellomycetes	o__Filobasidiales	f__Filobasidiaceae	g__Filobasidium	s__floriforme
OTU802	k__Fungi						
OTU803	k__Fungi	p__Chytridiomycota					
OTU804	k__Fungi	p__Ascomycota	c__Lecanoromycetes	o__Pertusariales	f__Pertusariaceae	g__Pertusaria	s__obruta
OTU805	k__Fungi						
OTU806	k__Fungi	p__Chytridiomycota	c__Chytridiomycota_cls_Incertae_sedis	o__Chytridiomycota_ord_Incertae_sedis	f__Chytridiomycota_fam_Incertae_sedis	g__Chytridiomycota_gen_Incertae_sedis	
OTU807	k__Fungi	p__Ascomycota	c__Lecanoromycetes				
OTU808	k__Fungi						
OTU809	k__Fungi	p__Ascomycota	c__Sordariomycetes	o__Glomerellales	f__Plectosphaerellaceae	g__Gibellulopsis	s__piscis
OTU810	k__Fungi						
OTU811	k__Fungi	p__Ascomycota					
OTU812	k__Fungi						
OTU813	k__Fungi						
OTU814	k__Fungi	p__Ascomycota	c__Lecanoromycetes				
OTU815	k__Fungi	p__Chytridiomycota					
OTU816	k__Fungi	p__Ascomycota					
OTU817	k__Fungi						
OTU818	k__Fungi	p__Ascomycota					
OTU819	k__Fungi						
OTU820	k__Fungi	p__Ascomycota					
OTU821	k__Fungi	p__Ascomycota					
OTU822	k__Fungi						
OTU823	k__Fungi						
OTU824	k__Fungi	p__Ascomycota	c__Lecanoromycetes	o__Pertusariales	f__Pertusariaceae	g__Pertusaria	s__obruta
OTU825	k__Fungi	p__Basidiomycota	c__Malasseziomycetes	o__Malasseziales	f__Malasseziaceae	g__Malassezia	
OTU826	k__Fungi	p__Ascomycota					
OTU827	k__Fungi						
OTU828	k__Fungi						
OTU829	k__Fungi						
OTU830	k__Fungi						
OTU831	k__Fungi	p__Ascomycota	c__Sordariomycetes	o__Hypocreales	f__Sarocladiaceae	g__Sarocladium	
OTU832	k__Fungi	p__Ascomycota	c__Sordariomycetes	o__Hypocreales	f__Stachybotryaceae	g__Paramyrothecium	
OTU833	k__Fungi						
OTU834	k__Fungi						
OTU835	k__Fungi	p__Ascomycota	c__Lecanoromycetes				
OTU836	k__Fungi						
OTU837	k__Fungi	p__Ascomycota					
OTU838	k__Fungi						
OTU839	k__Fungi	p__Ascomycota					
OTU840	k__Fungi						
OTU841	k__Fungi	p__Ascomycota					
OTU842	k__Fungi	p__Basidiomycota	c__Tremellomycetes	o__Tremellales	f__Bulleribasidiaceae	g__Hannaella	s__zeae
OTU843	k__Fungi						
OTU844	k__Fungi						
OTU845	k__Fungi	p__Ascomycota	c__Lecanoromycetes	o__Caliciales	f__Physciaceae	g__Rinodina	
OTU846	k__Fungi	p__Ascomycota	c__Sordariomycetes	o__Glomerellales	f__Plectosphaerellaceae	g__Gibellulopsis	s__piscis
OTU847	k__Fungi						
OTU848	k__Fungi						
OTU849	k__Fungi	p__Ascomycota	c__Lecanoromycetes	o__Pertusariales	f__Pertusariaceae	g__Pertusaria	s__obruta
OTU850	k__Fungi						
OTU851	k__Fungi	p__Chytridiomycota					
OTU852	k__Fungi	p__Ascomycota	c__Lecanoromycetes				
OTU853	k__Fungi						
OTU854	k__Fungi						
OTU855	k__Fungi	p__Ascomycota					
OTU856	k__Fungi	p__Ascomycota	c__Saccharomycetes	o__Saccharomycetales	f__Saccharomycetaceae	g__Saccharomyces	s__bayanus
OTU857	k__Fungi	p__Basidiomycota	c__Agaricomycetes	o__Russulales	f__Peniophoraceae	g__Baltazaria	s__galactina
OTU858	k__Fungi						
OTU859	k__Fungi	p__Ascomycota	c__Sordariomycetes	o__Hypocreales	f__Cordycipitaceae	g__Engyodontium	s__album
OTU860	k__Fungi						
OTU861	k__Fungi	p__Basidiomycota	c__Agaricomycetes	o__Agaricales	f__Cortinariaceae	g__Cortinarius	s__flabellus
OTU862	k__Fungi	p__Ascomycota	c__Lecanoromycetes	o__Pertusariales	f__Pertusariaceae	g__Pertusaria	s__obruta
OTU863	k__Fungi						
OTU864	k__Fungi						
OTU865	k__Fungi	p__Ascomycota	c__Eurotiomycetes	o__Eurotiales	f__Thermoascaceae	g__Paecilomyces	s__dactylethromorphus
OTU866	k__Fungi						
OTU867	k__Fungi						
OTU868	k__Fungi	p__Ascomycota					
OTU869	k__Fungi						
OTU870	k__Fungi	p__Ascomycota	c__Eurotiomycetes	o__Eurotiales	f__Thermoascaceae	g__Paecilomyces	s__dactylethromorphus
OTU871	k__Fungi						
OTU872	k__Fungi	p__Ascomycota	c__Lecanoromycetes	o__Pertusariales	f__Pertusariaceae	g__Pertusaria	s__obruta
OTU873	k__Fungi						
OTU874	k__Fungi	p__Ascomycota	c__Saccharomycetes	o__Saccharomycetales	f__Saccharomycetales_fam_Incertae_sedis	g__Candida	
OTU875	k__Fungi						
OTU876	k__Fungi	p__Ascomycota	c__Eurotiomycetes	o__Eurotiales	f__Thermoascaceae	g__Paecilomyces	s__dactylethromorphus
OTU877	k__Fungi						
OTU878	k__Fungi	p__Basidiomycota	c__Agaricomycetes	o__Agaricales	f__Physalacriaceae	g__Armillaria	s__borealis
OTU879	k__Fungi	p__Ascomycota	c__Eurotiomycetes	o__Eurotiales	f__Aspergillaceae	g__Aspergillus	s__ruber
OTU880	k__Fungi						
OTU881	k__Fungi						
OTU882	k__Fungi	p__Ascomycota	c__Lecanoromycetes				
OTU883	k__Fungi						
OTU884	k__Fungi	p__Ascomycota	c__Lecanoromycetes				
OTU885	k__Fungi	p__Ascomycota					
OTU886	k__Fungi						
OTU887	k__Fungi	p__Ascomycota	c__Lecanoromycetes				
OTU888	k__Fungi						
OTU889	k__Fungi						
OTU890	k__Fungi	p__Ascomycota	c__Saccharomycetes	o__Saccharomycetales	f__Saccharomycetales_fam_Incertae_sedis	g__Candida	s__orthopsilosis
OTU891	k__Fungi						
OTU892	k__Fungi	p__Basidiomycota	c__Microbotryomycetes	o__Sporidiobolales	f__Sporidiobolaceae	g__Rhodosporidiobolus	s__platycladi
OTU893	k__Fungi	p__Ascomycota					
OTU894	k__Fungi						
OTU895	k__Fungi						
OTU896	k__Fungi	p__Ascomycota	c__Lecanoromycetes				
OTU897	k__Fungi	p__Ascomycota	c__Lecanoromycetes				
OTU898	k__Fungi	p__Ascomycota	c__Lecanoromycetes				
OTU899	k__Fungi	p__Ascomycota	c__Lecanoromycetes				
OTU900	k__Fungi	p__Ascomycota	c__Lecanoromycetes				
OTU901	k__Fungi						
OTU902	k__Fungi						
OTU903	k__Fungi	p__Ascomycota	c__Lecanoromycetes				
OTU904	k__Fungi						
OTU905	k__Fungi						
OTU906	k__Fungi						
OTU907	k__Fungi	p__Ascomycota	c__Lecanoromycetes				
OTU908	k__Fungi	p__Ascomycota					
OTU909	k__Fungi						
OTU910	k__Fungi						
OTU911	k__Fungi	p__Chytridiomycota	c__Chytridiomycota_cls_Incertae_sedis	o__Chytridiomycota_ord_Incertae_sedis	f__Chytridiomycota_fam_Incertae_sedis	g__Chytridiomycota_gen_Incertae_sedis	
OTU912	k__Fungi	p__Ascomycota					
OTU913	k__Fungi	p__Ascomycota					
OTU914	k__Fungi	p__Ascomycota					
OTU915	k__Fungi	p__Ascomycota	c__Lecanoromycetes				
OTU916	k__Fungi						
OTU917	k__Fungi						
OTU918	k__Fungi						
OTU919	k__Fungi						
OTU920	k__Fungi	p__Ascomycota	c__Lecanoromycetes				
OTU921	k__Fungi						
OTU922	k__Fungi						
OTU923	k__Fungi						
OTU924	k__Fungi						
OTU925	k__Fungi	p__Ascomycota					
OTU926	k__Fungi	p__Ascomycota	c__Eurotiomycetes	o__Eurotiales	f__Thermoascaceae	g__Paecilomyces	s__dactylethromorphus
OTU927	k__Fungi	p__Ascomycota	c__Lecanoromycetes				
OTU928	k__Fungi						
OTU929	k__Fungi	p__Ascomycota	c__Lecanoromycetes				
OTU930	k__Fungi	p__Chytridiomycota	c__Chytridiomycota_cls_Incertae_sedis	o__Chytridiomycota_ord_Incertae_sedis	f__Chytridiomycota_fam_Incertae_sedis	g__Chytridiomycota_gen_Incertae_sedis	
OTU931	k__Fungi	p__Ascomycota	c__Lecanoromycetes				
OTU932	k__Fungi	p__Ascomycota	c__Saccharomycetes	o__Saccharomycetales	f__Saccharomycetales_fam_Incertae_sedis	g__Yarrowia	s__lipolytica
OTU933	k__Fungi	p__Ascomycota	c__Sordariomycetes	o__Hypocreales	f__Sarocladiaceae	g__Sarocladium	s__kiliense
OTU934	k__Fungi	p__Ascomycota					
OTU935	k__Fungi						
OTU936	k__Fungi	p__Chytridiomycota					
OTU937	k__Fungi						
OTU938	k__Fungi	p__Ascomycota	c__Saccharomycetes	o__Saccharomycetales	f__Saccharomycetales_fam_Incertae_sedis	g__Candida	
OTU939	k__Fungi						
OTU940	k__Fungi						
OTU941	k__Fungi	p__Ascomycota					
OTU942	k__Fungi	p__Ascomycota	c__Eurotiomycetes	o__Eurotiales	f__Aspergillaceae	g__Aspergillus	s__aculeatus
OTU943	k__Fungi	p__Ascomycota	c__Lecanoromycetes	o__Pertusariales	f__Pertusariaceae	g__Pertusaria	s__obruta
OTU944	k__Fungi	p__Ascomycota	c__Lecanoromycetes	o__Pertusariales	f__Pertusariaceae	g__Pertusaria	s__obruta
OTU945	k__Fungi						
OTU946	k__Fungi	p__Ascomycota	c__Dothideomycetes	o__Cladosporiales	f__Cladosporiaceae	g__Cladosporium	s__sphaerospermum
OTU947	k__Fungi	p__Ascomycota	c__Lecanoromycetes				
OTU948	k__Fungi						
OTU949	k__Fungi	p__Ascomycota					
OTU950	k__Fungi						
OTU951	k__Fungi	p__Ascomycota	c__Lecanoromycetes				
OTU952	k__Fungi						
OTU953	k__Fungi	p__Chytridiomycota	c__Chytridiomycota_cls_Incertae_sedis	o__Chytridiomycota_ord_Incertae_sedis	f__Chytridiomycota_fam_Incertae_sedis	g__Chytridiomycota_gen_Incertae_sedis	
OTU954	k__Fungi						
OTU955	k__Fungi	p__Ascomycota	c__Lecanoromycetes				
OTU956	k__Fungi	p__Chytridiomycota	c__Chytridiomycota_cls_Incertae_sedis	o__Chytridiomycota_ord_Incertae_sedis	f__Chytridiomycota_fam_Incertae_sedis	g__Chytridiomycota_gen_Incertae_sedis	
OTU957	k__Fungi						
OTU958	k__Fungi						
OTU959	k__Fungi	p__Ascomycota	c__Eurotiomycetes	o__Eurotiales	f__Aspergillaceae	g__Aspergillus	s__aculeatus
OTU960	k__Fungi	p__Ascomycota					
OTU961	k__Fungi	p__Basidiomycota	c__Malasseziomycetes	o__Malasseziales	f__Malasseziaceae	g__Malassezia	s__arunalokei
OTU962	k__Fungi	p__Ascomycota	c__Lecanoromycetes	o__Pertusariales	f__Pertusariaceae	g__Pertusaria	s__obruta
OTU963	k__Fungi	p__Ascomycota	c__Lecanoromycetes				
OTU964	k__Fungi						
OTU965	k__Fungi						
OTU966	k__Fungi						
OTU967	k__Fungi						
OTU968	k__Fungi						
OTU969	k__Fungi	p__Chytridiomycota					
OTU970	k__Fungi	p__Ascomycota					
OTU971	k__Fungi	p__Ascomycota					
OTU972	k__Fungi	p__Ascomycota					
OTU973	k__Fungi	p__Ascomycota	c__Lecanoromycetes				
OTU974	k__Fungi	p__Ascomycota	c__Eurotiomycetes	o__Eurotiales	f__Aspergillaceae	g__Aspergillus	s__ruber
OTU975	k__Fungi	p__Ascomycota	c__Lecanoromycetes	o__Pertusariales	f__Pertusariaceae	g__Pertusaria	s__obruta
OTU976	k__Fungi						
OTU977	k__Fungi	p__Ascomycota	c__Eurotiomycetes	o__Eurotiales	f__Aspergillaceae	g__Penicillium	
OTU978	k__Fungi	p__Ascomycota	c__Lecanoromycetes	o__Pertusariales	f__Pertusariaceae	g__Pertusaria	s__obruta
OTU979	k__Fungi						
OTU980	k__Fungi						
OTU981	k__Fungi						
OTU982	k__Fungi	p__Ascomycota	c__Dothideomycetes	o__Cladosporiales	f__Cladosporiaceae	g__Davidiella	
OTU983	k__Fungi	p__Chytridiomycota					
OTU984	k__Fungi						
OTU985	k__Fungi	p__Ascomycota	c__Saccharomycetes	o__Saccharomycetales	f__Saccharomycetales_fam_Incertae_sedis	g__Candida	
OTU986	k__Fungi						
OTU987	k__Fungi	p__Ascomycota	c__Dothideomycetes	o__Pleosporales	f__Pyrenochaetopsidaceae	g__Pyrenochaetopsis	s__leptospora
OTU988	k__Fungi						
OTU989	k__Fungi						
OTU990	k__Fungi						
OTU991	k__Fungi	p__Ascomycota	c__Eurotiomycetes	o__Eurotiales	f__Aspergillaceae	g__Penicillium	s__expansum
OTU992	k__Fungi						
OTU993	k__Fungi						
OTU994	k__Fungi						
OTU995	k__Fungi	p__Ascomycota	c__Sordariomycetes	o__Hypocreales	f__Sarocladiaceae	g__Sarocladium	s__kiliense
OTU996	k__Fungi						
OTU997	k__Fungi						
OTU998	k__Fungi	p__Ascomycota	c__Eurotiomycetes	o__Eurotiales	f__Aspergillaceae	g__Penicillium	
OTU999	k__Fungi	p__Ascomycota					
OTU1000	k__Fungi	p__Basidiomycota	c__Pucciniomycetes	o__Pucciniales	f__Pucciniaceae	g__Puccinia	s__digitaticoronata
OTU1001	k__Fungi	p__Ascomycota					
OTU1002	k__Fungi						
OTU1003	k__Fungi	p__Basidiomycota	c__Malasseziomycetes	o__Malasseziales	f__Malasseziaceae	g__Malassezia	s__japonica
OTU1004	k__Fungi						
OTU1005	k__Fungi	p__Ascomycota	c__Dothideomycetes	o__Pleosporales	f__Didymosphaeriaceae	g__Pseudopithomyces	
OTU1006	k__Fungi						
OTU1007	k__Fungi						
OTU1008	k__Fungi	p__Ascomycota	c__Lecanoromycetes	o__Pertusariales	f__Pertusariaceae	g__Pertusaria	s__obruta
OTU1009	k__Fungi						
OTU1010	k__Fungi	p__Chytridiomycota					
OTU1011	k__Fungi	p__Ascomycota	c__Eurotiomycetes	o__Eurotiales	f__Aspergillaceae	g__Aspergillus	s__aculeatus
OTU1012	k__Fungi	p__Ascomycota	c__Lecanoromycetes	o__Pertusariales	f__Pertusariaceae	g__Pertusaria	s__obruta
OTU1013	k__Fungi	p__Ascomycota					
OTU1014	k__Fungi	p__Ascomycota					
OTU1015	k__Fungi						
OTU1016	k__Fungi	p__Ascomycota	c__Lecanoromycetes				
OTU1017	k__Fungi	p__Ascomycota					
OTU1018	k__Fungi						
OTU1019	k__Fungi	p__Ascomycota	c__Lecanoromycetes				
OTU1020	k__Fungi	p__Ascomycota					
OTU1021	k__Fungi						
OTU1022	k__Fungi	p__Basidiomycota	c__Malasseziomycetes	o__Malasseziales	f__Malasseziaceae	g__Malassezia	s__restricta
OTU1023	k__Fungi	p__Ascomycota	c__Sordariomycetes	o__Glomerellales	f__Plectosphaerellaceae	g__Plectosphaerella	
OTU1024	k__Fungi	p__Ascomycota	c__Lecanoromycetes				
OTU1025	k__Fungi						
OTU1026	k__Fungi	p__Ascomycota					
OTU1027	k__Fungi	p__Ascomycota					
OTU1028	k__Fungi	p__Chytridiomycota	c__Chytridiomycota_cls_Incertae_sedis	o__Chytridiomycota_ord_Incertae_sedis	f__Chytridiomycota_fam_Incertae_sedis	g__Chytridiomycota_gen_Incertae_sedis	
OTU1029	k__Fungi	p__Ascomycota	c__Lecanoromycetes				
OTU1030	k__Fungi						
OTU1031	k__Fungi	p__Ascomycota					
OTU1032	k__Fungi	p__Chytridiomycota	c__Chytridiomycota_cls_Incertae_sedis	o__Chytridiomycota_ord_Incertae_sedis	f__Chytridiomycota_fam_Incertae_sedis	g__Chytridiomycota_gen_Incertae_sedis	
OTU1033	k__Fungi						
OTU1034	k__Fungi	p__Ascomycota	c__Sordariomycetes	o__Hypocreales	f__Bionectriaceae	g__Acremonium	s__alternatum
OTU1035	k__Fungi	p__Ascomycota	c__Lecanoromycetes				
OTU1036	k__Fungi						
OTU1037	k__Fungi	p__Ascomycota	c__Lecanoromycetes				
OTU1038	k__Fungi	p__Ascomycota	c__Lecanoromycetes				
OTU1039	k__Fungi						
OTU1040	k__Fungi						
OTU1041	k__Fungi	p__Ascomycota					
OTU1042	k__Fungi						
OTU1043	k__Fungi	p__Ascomycota	c__Saccharomycetes	o__Saccharomycetales	f__Saccharomycetales_fam_Incertae_sedis	g__Candida	s__sake
OTU1044	k__Fungi	p__Ascomycota					
OTU1045	k__Fungi						
OTU1046	k__Fungi						
OTU1047	k__Fungi						
OTU1048	k__Fungi	p__Ascomycota					
OTU1049	k__Fungi						
OTU1050	k__Fungi	p__Ascomycota	c__Lecanoromycetes				
OTU1051	k__Fungi						
OTU1052	k__Fungi	p__Ascomycota					
OTU1053	k__Fungi	p__Ascomycota					
OTU1054	k__Fungi	p__Ascomycota	c__Lecanoromycetes				
OTU1055	k__Fungi						
OTU1056	k__Fungi	p__Ascomycota	c__Lecanoromycetes				
OTU1057	k__Fungi	p__Ascomycota	c__Lecanoromycetes				
OTU1058	k__Fungi	p__Ascomycota	c__Lecanoromycetes				
OTU1059	k__Fungi	p__Ascomycota	c__Lecanoromycetes				
OTU1060	k__Fungi						
OTU1061	k__Fungi	p__Ascomycota	c__Saccharomycetes	o__Saccharomycetales	f__Saccharomycetales_fam_Incertae_sedis	g__Candida	
OTU1062	k__Fungi	p__Ascomycota	c__Lecanoromycetes				
OTU1063	k__Fungi	p__Ascomycota					
OTU1064	k__Fungi	p__Chytridiomycota					
OTU1065	k__Fungi						
OTU1066	k__Fungi	p__Ascomycota	c__Lecanoromycetes	o__Pertusariales	f__Pertusariaceae	g__Pertusaria	s__obruta
OTU1067	k__Fungi	p__Ascomycota					
OTU1068	k__Fungi						
OTU1069	k__Fungi	p__Ascomycota					
OTU1070	k__Fungi	p__Ascomycota					
OTU1071	k__Fungi	p__Ascomycota	c__Lecanoromycetes				
OTU1072	k__Fungi	p__Ascomycota					
OTU1073	k__Fungi	p__Ascomycota	c__Sordariomycetes	o__Hypocreales	f__Sarocladiaceae	g__Sarocladium	s__kiliense
OTU1074	k__Fungi	p__Ascomycota	c__Lecanoromycetes	o__Pertusariales	f__Pertusariaceae	g__Pertusaria	s__obruta
OTU1075	k__Fungi						
OTU1076	k__Fungi	p__Ascomycota	c__Lecanoromycetes				
OTU1077	k__Fungi						
OTU1078	k__Fungi						
OTU1079	k__Fungi	p__Basidiomycota	c__Agaricomycetes	o__Hymenochaetales	f__Hirschioporaceae	g__Pallidohirschioporus	s__subchartaceus
OTU1080	k__Fungi	p__Basidiomycota	c__Malasseziomycetes	o__Malasseziales	f__Malasseziaceae	g__Malassezia	s__globosa
OTU1081	k__Fungi						
OTU1082	k__Fungi	p__Ascomycota	c__Lecanoromycetes	o__Pertusariales	f__Pertusariaceae	g__Pertusaria	s__obruta
OTU1083	k__Fungi						
OTU1084	k__Fungi	p__Ascomycota					
OTU1085	k__Fungi						
OTU1086	k__Fungi	p__Ascomycota	c__Lecanoromycetes				
OTU1087	k__Fungi	p__Ascomycota	c__Taphrinomycetes	o__Taphrinales	f__Taphrinaceae	g__Taphrina	
OTU1088	k__Fungi						
OTU1089	k__Fungi						
OTU1090	k__Fungi						
OTU1091	k__Fungi						
OTU1092	k__Fungi						
OTU1093	k__Fungi						
OTU1094	k__Fungi						
OTU1095	k__Fungi	p__Ascomycota	c__Lecanoromycetes	o__Pertusariales	f__Pertusariaceae	g__Pertusaria	s__obruta
OTU1096	k__Fungi						
OTU1097	k__Fungi						
OTU1098	k__Fungi						
OTU1099	k__Fungi						
OTU1100	k__Fungi	p__Chytridiomycota					
OTU1101	k__Fungi	p__Ascomycota	c__Lecanoromycetes				
OTU1102	k__Fungi	p__Ascomycota	c__Lecanoromycetes				
OTU1103	k__Fungi						
OTU1104	k__Fungi						
OTU1105	k__Fungi	p__Ascomycota	c__Sordariomycetes	o__Hypocreales	f__Nectriaceae	g__Fusarium	s__incarnatum
OTU1106	k__Fungi	p__Ascomycota	c__Eurotiomycetes	o__Eurotiales	f__Aspergillaceae	g__Aspergillus	
OTU1107	k__Fungi						
OTU1108	k__Fungi						
OTU1109	k__Fungi	p__Ascomycota					
OTU1110	k__Fungi						
OTU1111	k__Fungi	p__Ascomycota	c__Lecanoromycetes				
OTU1112	k__Fungi						
OTU1113	k__Fungi						
OTU1114	k__Fungi						
OTU1115	k__Fungi						
OTU1116	k__Fungi						
OTU1117	k__Fungi	p__Ascomycota					
OTU1118	k__Fungi	p__Ascomycota					
OTU1119	k__Fungi						
OTU1120	k__Fungi						
OTU1121	k__Fungi	p__Ascomycota	c__Sordariomycetes	o__Amphisphaeriales	f__Apiosporaceae	g__Nigrospora	s__oryzae
OTU1122	k__Fungi						
OTU1123	k__Fungi	p__Basidiomycota	c__Malasseziomycetes	o__Malasseziales	f__Malasseziaceae	g__Malassezia	
OTU1124	k__Fungi	p__Ascomycota					
OTU1125	k__Fungi						
OTU1126	k__Fungi	p__Chytridiomycota					
OTU1127	k__Fungi						
OTU1128	k__Fungi	p__Ascomycota	c__Lecanoromycetes	o__Pertusariales	f__Pertusariaceae	g__Pertusaria	s__obruta
OTU1129	k__Fungi						
OTU1130	k__Fungi						
OTU1131	k__Fungi	p__Ascomycota	c__Lecanoromycetes				
OTU1132	k__Fungi	p__Ascomycota					
OTU1133	k__Fungi						
OTU1134	k__Fungi						
OTU1135	k__Fungi						
OTU1136	k__Fungi	p__Ascomycota					
OTU1137	k__Fungi						
OTU1138	k__Fungi						
OTU1139	k__Fungi						
OTU1140	k__Fungi	p__Ascomycota	c__Lecanoromycetes				
OTU1141	k__Fungi	p__Ascomycota	c__Lecanoromycetes				
OTU1142	k__Fungi						
OTU1143	k__Fungi						
OTU1144	k__Fungi	p__Chytridiomycota	c__Chytridiomycota_cls_Incertae_sedis	o__Chytridiomycota_ord_Incertae_sedis	f__Chytridiomycota_fam_Incertae_sedis	g__Chytridiomycota_gen_Incertae_sedis	
OTU1145	k__Fungi	p__Chytridiomycota					
OTU1146	k__Fungi						
OTU1147	k__Fungi						
OTU1148	k__Fungi	p__Ascomycota	c__Lecanoromycetes				
OTU1149	k__Fungi	p__Ascomycota					
OTU1150	k__Fungi	p__Ascomycota	c__Lecanoromycetes	o__Pertusariales	f__Pertusariaceae	g__Pertusaria	s__obruta
OTU1151	k__Fungi						
OTU1152	k__Fungi	p__Chytridiomycota	c__Chytridiomycota_cls_Incertae_sedis	o__Chytridiomycota_ord_Incertae_sedis	f__Chytridiomycota_fam_Incertae_sedis	g__Chytridiomycota_gen_Incertae_sedis	
OTU1153	k__Fungi	p__Ascomycota	c__Lecanoromycetes				
OTU1154	k__Fungi	p__Ascomycota					
OTU1155	k__Fungi						
OTU1156	k__Fungi	p__Ascomycota	c__Lecanoromycetes	o__Pertusariales	f__Pertusariaceae	g__Pertusaria	s__obruta
OTU1157	k__Fungi	p__Ascomycota	c__Lecanoromycetes				
OTU1158	k__Fungi	p__Basidiomycota	c__Agaricomycetes	o__Agaricales	f__Psathyrellaceae	g__Coprinellus	s__micaceus
OTU1159	k__Fungi	p__Ascomycota					
OTU1160	k__Fungi	p__Ascomycota					
OTU1161	k__Fungi	p__Chytridiomycota	c__Chytridiomycota_cls_Incertae_sedis	o__Chytridiomycota_ord_Incertae_sedis	f__Chytridiomycota_fam_Incertae_sedis	g__Chytridiomycota_gen_Incertae_sedis	
OTU1162	k__Fungi						
OTU1163	k__Fungi						
OTU1164	k__Fungi	p__Ascomycota					
OTU1165	k__Fungi	p__Ascomycota	c__Lecanoromycetes	o__Graphidales	f__Gomphillaceae	g__Gomphillus	s__calycioides
OTU1166	k__Fungi	p__Ascomycota	c__Dothideomycetes	o__Botryosphaeriales	f__Botryosphaeriaceae	g__Lasiodiplodia	
OTU1167	k__Fungi						
OTU1168	k__Fungi						
OTU1169	k__Fungi	p__Ascomycota	c__Lecanoromycetes	o__Pertusariales	f__Pertusariaceae	g__Pertusaria	s__obruta
OTU1170	k__Fungi	p__Ascomycota					
OTU1171	k__Fungi	p__Ascomycota					
OTU1172	k__Fungi						
OTU1173	k__Fungi						
OTU1174	k__Fungi	p__Ascomycota	c__Lecanoromycetes				
OTU1175	k__Fungi	p__Ascomycota					
OTU1176	k__Fungi	p__Chytridiomycota					
OTU1177	k__Fungi						
OTU1178	k__Fungi	p__Ascomycota	c__Dothideomycetes	o__Pleosporales	f__Pleosporaceae	g__Alternaria	
OTU1179	k__Fungi	p__Ascomycota					
OTU1180	k__Fungi	p__Basidiomycota	c__Malasseziomycetes	o__Malasseziales	f__Malasseziaceae	g__Malassezia	s__arunalokei
OTU1181	k__Fungi	p__Ascomycota	c__Lecanoromycetes	o__Pertusariales	f__Pertusariaceae	g__Pertusaria	s__obruta
OTU1182	k__Fungi						
OTU1183	k__Fungi						
OTU1184	k__Fungi	p__Ascomycota	c__Lecanoromycetes	o__Pertusariales	f__Pertusariaceae	g__Pertusaria	s__obruta
OTU1185	k__Fungi						
OTU1186	k__Fungi	p__Ascomycota	c__Sordariomycetes	o__Hypocreales	f__Myrotheciomycetaceae	g__Trichothecium	s__roseum
OTU1187	k__Fungi	p__Ascomycota					
OTU1188	k__Fungi	p__Ascomycota	c__Lecanoromycetes				
OTU1189	k__Fungi	p__Chytridiomycota					
OTU1190	k__Fungi						
OTU1191	k__Fungi						
OTU1192	k__Fungi	p__Ascomycota	c__Lecanoromycetes				
OTU1193	k__Fungi						
OTU1194	k__Fungi						
OTU1195	k__Fungi	p__Ascomycota					
OTU1196	k__Fungi						
OTU1197	k__Fungi						
OTU1198	k__Fungi	p__Chytridiomycota	c__Chytridiomycota_cls_Incertae_sedis	o__Chytridiomycota_ord_Incertae_sedis	f__Chytridiomycota_fam_Incertae_sedis	g__Chytridiomycota_gen_Incertae_sedis	
OTU1199	k__Fungi	p__Ascomycota	c__Lecanoromycetes				
OTU1200	k__Fungi						
OTU1201	k__Fungi	p__Ascomycota					
OTU1202	k__Fungi	p__Ascomycota	c__Lecanoromycetes				
OTU1203	k__Fungi	p__Chytridiomycota					
OTU1204	k__Fungi	p__Ascomycota	c__Lecanoromycetes	o__Pertusariales	f__Pertusariaceae	g__Pertusaria	s__obruta
OTU1205	k__Fungi	p__Chytridiomycota					
OTU1206	k__Fungi	p__Ascomycota	c__Dothideomycetes	o__Pleosporales	f__Pleosporaceae	g__Curvularia	s__heteropogonis
OTU1207	k__Fungi						
OTU1208	k__Fungi						
OTU1209	k__Fungi						
OTU1210	k__Fungi						
OTU1211	k__Fungi						
OTU1212	k__Fungi	p__Ascomycota	c__Lecanoromycetes	o__Pertusariales	f__Pertusariaceae	g__Pertusaria	s__obruta
OTU1213	k__Fungi						
OTU1214	k__Fungi	p__Ascomycota	c__Lecanoromycetes				
OTU1215	k__Fungi	p__Ascomycota	c__Lecanoromycetes	o__Pertusariales	f__Pertusariaceae	g__Pertusaria	s__obruta
OTU1216	k__Fungi						
OTU1217	k__Fungi	p__Ascomycota	c__Lecanoromycetes				
OTU1218	k__Fungi	p__Ascomycota					
OTU1219	k__Fungi	p__Ascomycota					
OTU1220	k__Fungi						
OTU1221	k__Fungi						
OTU1222	k__Fungi	p__Chytridiomycota					
OTU1223	k__Fungi						
OTU1224	k__Fungi						
OTU1225	k__Fungi						
OTU1226	k__Fungi						
OTU1227	k__Fungi						
OTU1228	k__Fungi						
OTU1229	k__Fungi						
OTU1230	k__Fungi						
OTU1231	k__Fungi	p__Ascomycota	c__Lecanoromycetes				
OTU1232	k__Fungi						
OTU1233	k__Fungi	p__Ascomycota					
OTU1234	k__Fungi						
OTU1235	k__Fungi						
OTU1236	k__Fungi	p__Ascomycota					
OTU1237	k__Fungi						
OTU1238	k__Fungi						
OTU1239	k__Fungi						
OTU1240	k__Fungi	p__Ascomycota	c__Saccharomycetes	o__Saccharomycetales	f__Saccharomycetales_fam_Incertae_sedis	g__Candida	s__orthopsilosis
OTU1241	k__Fungi	p__Ascomycota					
OTU1242	k__Fungi						
OTU1243	k__Fungi	p__Ascomycota	c__Lecanoromycetes				
OTU1244	k__Fungi						
OTU1245	k__Fungi	p__Ascomycota	c__Lecanoromycetes				
OTU1246	k__Fungi	p__Ascomycota					
OTU1247	k__Fungi						
OTU1248	k__Fungi	p__Ascomycota	c__Sordariomycetes	o__Hypocreales	f__Sarocladiaceae	g__Sarocladium	s__kiliense
OTU1249	k__Fungi						
OTU1250	k__Fungi	p__Ascomycota					
OTU1251	k__Fungi	p__Ascomycota	c__Lecanoromycetes	o__Pertusariales	f__Pertusariaceae	g__Pertusaria	s__obruta
OTU1252	k__Fungi	p__Ascomycota	c__Lecanoromycetes				
OTU1253	k__Fungi	p__Ascomycota					
OTU1254	k__Fungi	p__Ascomycota	c__Lecanoromycetes				
OTU1255	k__Fungi	p__Ascomycota	c__Saccharomycetes	o__Saccharomycetales	f__Saccharomycetales_fam_Incertae_sedis	g__Candida	s__albicans
OTU1256	k__Fungi						
OTU1257	k__Fungi						
OTU1258	k__Fungi	p__Ascomycota					
OTU1259	k__Fungi	p__Ascomycota					
OTU1260	k__Fungi						
OTU1261	k__Fungi						
OTU1262	k__Fungi	p__Ascomycota	c__Lecanoromycetes				
OTU1263	k__Fungi						
OTU1264	k__Fungi	p__Ascomycota	c__Lecanoromycetes				
OTU1265	k__Fungi						
OTU1266	k__Fungi						
OTU1267	k__Fungi	p__Ascomycota					
OTU1268	k__Fungi						
OTU1269	k__Fungi	p__Chytridiomycota	c__Chytridiomycota_cls_Incertae_sedis	o__Chytridiomycota_ord_Incertae_sedis	f__Chytridiomycota_fam_Incertae_sedis	g__Chytridiomycota_gen_Incertae_sedis	
OTU1270	k__Fungi	p__Ascomycota	c__Eurotiomycetes	o__Eurotiales	f__Thermoascaceae	g__Paecilomyces	
OTU1271	k__Fungi	p__Ascomycota					
OTU1272	k__Fungi	p__Ascomycota	c__Sordariomycetes	o__Glomerellales	f__Plectosphaerellaceae	g__Chlamydosporiella	s__restricta
OTU1273	k__Fungi	p__Ascomycota	c__Lecanoromycetes				
OTU1274	k__Fungi						
OTU1275	k__Fungi						
OTU1276	k__Fungi	p__Ascomycota	c__Lecanoromycetes	o__Pertusariales	f__Pertusariaceae	g__Pertusaria	s__obruta
OTU1277	k__Fungi	p__Ascomycota					
OTU1278	k__Fungi	p__Ascomycota	c__Lecanoromycetes				
OTU1279	k__Fungi						
OTU1280	k__Fungi						
OTU1281	k__Fungi	p__Ascomycota					
OTU1282	k__Fungi						
OTU1283	k__Fungi	p__Ascomycota					
OTU1284	k__Fungi						
OTU1285	k__Fungi	p__Ascomycota	c__Sordariomycetes	o__Hypocreales	f__Hypocreales_fam_Incertae_sedis	g__Xenoacrodontium	s__juglandis
OTU1286	k__Fungi						
OTU1287	k__Fungi						
OTU1288	k__Fungi						
OTU1289	k__Fungi						
OTU1290	k__Fungi	p__Ascomycota					
OTU1291	k__Fungi	p__Ascomycota					
OTU1292	k__Fungi	p__Ascomycota	c__Lecanoromycetes				
OTU1293	k__Fungi						
OTU1294	k__Fungi						
OTU1295	k__Fungi						
OTU1296	k__Fungi						
OTU1297	k__Fungi	p__Basidiomycota	c__Malasseziomycetes	o__Malasseziales	f__Malasseziaceae	g__Malassezia	s__globosa
OTU1298	k__Fungi	p__Ascomycota					
OTU1299	k__Fungi	p__Ascomycota					
OTU1300	k__Fungi						
OTU1301	k__Fungi						
OTU1302	k__Fungi	p__Ascomycota	c__Lecanoromycetes	o__Pertusariales	f__Pertusariaceae	g__Pertusaria	s__obruta
OTU1303	k__Fungi						
OTU1304	k__Fungi	p__Ascomycota					
OTU1305	k__Fungi						
OTU1306	k__Fungi	p__Ascomycota	c__Lecanoromycetes				
OTU1307	k__Fungi						
OTU1308	k__Fungi						
OTU1309	k__Fungi	p__Ascomycota	c__Lecanoromycetes				
OTU1310	k__Fungi						
OTU1311	k__Fungi						
OTU1312	k__Fungi	p__Ascomycota	c__Lecanoromycetes	o__Pertusariales	f__Pertusariaceae	g__Pertusaria	s__obruta
OTU1313	k__Fungi	p__Ascomycota	c__Lecanoromycetes	o__Pertusariales	f__Pertusariaceae	g__Pertusaria	s__obruta
OTU1314	k__Fungi	p__Ascomycota	c__Sordariomycetes	o__Hypocreales	f__Nectriaceae	g__Fusarium	s__incarnatum
OTU1315	k__Fungi						
OTU1316	k__Fungi						
OTU1317	k__Fungi	p__Ascomycota	c__Sordariomycetes	o__Hypocreales	f__Sarocladiaceae	g__Sarocladium	s__kiliense
OTU1318	k__Fungi	p__Ascomycota	c__Lecanoromycetes				
OTU1319	k__Fungi	p__Ascomycota					
OTU1320	k__Fungi						
OTU1321	k__Fungi						
OTU1322	k__Fungi						
OTU1323	k__Fungi						
OTU1324	k__Fungi						
OTU1325	k__Fungi						
OTU1326	k__Fungi	p__Ascomycota					
OTU1327	k__Fungi	p__Ascomycota					
OTU1328	k__Fungi	p__Chytridiomycota	c__Chytridiomycota_cls_Incertae_sedis	o__Chytridiomycota_ord_Incertae_sedis	f__Chytridiomycota_fam_Incertae_sedis	g__Chytridiomycota_gen_Incertae_sedis	
OTU1329	k__Fungi	p__Ascomycota					
OTU1330	k__Fungi	p__Ascomycota	c__Lecanoromycetes				
OTU1331	k__Fungi	p__Ascomycota	c__Saccharomycetes	o__Saccharomycetales	f__Phaffomycetaceae	g__Wickerhamomyces	s__anomalus
OTU1332	k__Fungi						
OTU1333	k__Fungi	p__Chytridiomycota					
OTU1334	k__Fungi	p__Ascomycota					
OTU1335	k__Fungi						
OTU1336	k__Fungi						
OTU1337	k__Fungi	p__Ascomycota					
OTU1338	k__Fungi						
OTU1339	k__Fungi	p__Ascomycota	c__Sordariomycetes	o__Hypocreales	f__Sarocladiaceae	g__Sarocladium	s__kiliense
OTU1340	k__Fungi	p__Chytridiomycota					
OTU1341	k__Fungi	p__Ascomycota					
OTU1342	k__Fungi						
OTU1343	k__Fungi						
OTU1344	k__Fungi	p__Ascomycota					
OTU1345	k__Fungi	p__Ascomycota	c__Lecanoromycetes				
OTU1346	k__Fungi	p__Ascomycota	c__Lecanoromycetes				
OTU1347	k__Fungi	p__Chytridiomycota					
OTU1348	k__Fungi	p__Ascomycota					
OTU1349	k__Fungi						
OTU1350	k__Fungi						
OTU1351	k__Fungi	p__Chytridiomycota					
OTU1352	k__Fungi	p__Ascomycota					
OTU1353	k__Fungi						
OTU1354	k__Fungi	p__Ascomycota	c__Lecanoromycetes				
OTU1355	k__Fungi						
OTU1356	k__Fungi	p__Ascomycota					
OTU1357	k__Fungi						
OTU1358	k__Fungi						
OTU1359	k__Fungi	p__Ascomycota	c__Eurotiomycetes	o__Eurotiales	f__Aspergillaceae	g__Penicillium	s__bialowiezense
OTU1360	k__Fungi						
OTU1361	k__Fungi						
OTU1362	k__Fungi						
OTU1363	k__Fungi						
OTU1364	k__Fungi						
OTU1365	k__Fungi						
OTU1366	k__Fungi	p__Ascomycota	c__Lecanoromycetes				
OTU1367	k__Fungi	p__Ascomycota	c__Lecanoromycetes				
OTU1368	k__Fungi						
OTU1369	k__Fungi						
OTU1370	k__Fungi	p__Ascomycota	c__Dothideomycetes	o__Pleosporales	f__Pleosporaceae	g__Exserohilum	s__turcicum
OTU1371	k__Fungi	p__Ascomycota	c__Lecanoromycetes				
OTU1372	k__Fungi						
OTU1373	k__Fungi	p__Ascomycota	c__Lecanoromycetes				
OTU1374	k__Fungi						
OTU1375	k__Fungi						
OTU1376	k__Fungi	p__Basidiomycota	c__Exobasidiomycetes	o__Microstromatales	f__Microstromatales_fam_Incertae_sedis	g__Pseudomicrostroma	s__phylloplanum
OTU1377	k__Fungi	p__Ascomycota	c__Lecanoromycetes	o__Pertusariales	f__Pertusariaceae	g__Pertusaria	s__obruta
OTU1378	k__Fungi						
OTU1379	k__Fungi						
OTU1380	k__Fungi	p__Ascomycota					
OTU1381	k__Fungi						
OTU1382	k__Fungi	p__Ascomycota					
OTU1383	k__Fungi						
OTU1384	k__Fungi	p__Ascomycota	c__Lecanoromycetes				
OTU1385	k__Fungi						
OTU1386	k__Fungi	p__Ascomycota					
OTU1387	k__Fungi						
OTU1388	k__Fungi	p__Chytridiomycota	c__Chytridiomycota_cls_Incertae_sedis	o__Chytridiomycota_ord_Incertae_sedis	f__Chytridiomycota_fam_Incertae_sedis	g__Chytridiomycota_gen_Incertae_sedis	
OTU1389	k__Fungi						
OTU1390	k__Fungi						
OTU1391	k__Fungi	p__Ascomycota	c__Lecanoromycetes				
OTU1392	k__Fungi	p__Chytridiomycota					
OTU1393	k__Fungi						
OTU1394	k__Fungi	p__Ascomycota					
OTU1395	k__Fungi	p__Ascomycota					
OTU1396	k__Fungi	p__Ascomycota					
OTU1397	k__Fungi						
OTU1398	k__Fungi	p__Ascomycota	c__Lecanoromycetes				
OTU1399	k__Fungi						
OTU1400	k__Fungi						
OTU1401	k__Fungi	p__Ascomycota	c__Lecanoromycetes	o__Caliciales	f__Physciaceae	g__Kurokawia	s__palmulata
OTU1402	k__Fungi	p__Chytridiomycota					
OTU1403	k__Fungi	p__Ascomycota					
OTU1404	k__Fungi	p__Ascomycota	c__Leotiomycetes	o__Helotiales	f__Helotiaceae	g__Helotium	s__uvidulum
OTU1405	k__Fungi						
OTU1406	k__Fungi	p__Ascomycota	c__Dothideomycetes	o__Pleosporales	f__Didymellaceae	g__Didymella	
OTU1407	k__Fungi	p__Ascomycota					
OTU1408	k__Fungi	p__Ascomycota					
OTU1409	k__Fungi	p__Ascomycota					
OTU1410	k__Fungi						
OTU1411	k__Fungi	p__Ascomycota					
OTU1412	k__Fungi	p__Ascomycota					
OTU1413	k__Fungi	p__Ascomycota					
OTU1414	k__Fungi						
OTU1415	k__Fungi	p__Chytridiomycota	c__Chytridiomycota_cls_Incertae_sedis	o__Chytridiomycota_ord_Incertae_sedis	f__Chytridiomycota_fam_Incertae_sedis	g__Chytridiomycota_gen_Incertae_sedis	
OTU1416	k__Fungi	p__Chytridiomycota	c__Chytridiomycota_cls_Incertae_sedis	o__Chytridiomycota_ord_Incertae_sedis	f__Chytridiomycota_fam_Incertae_sedis	g__Chytridiomycota_gen_Incertae_sedis	
OTU1417	k__Fungi						
OTU1418	k__Fungi	p__Ascomycota	c__Lecanoromycetes				
OTU1419	k__Fungi						
OTU1420	k__Fungi	p__Ascomycota					
OTU1421	k__Fungi						
OTU1422	k__Fungi						
OTU1423	k__Fungi	p__Ascomycota	c__Lecanoromycetes				
OTU1424	k__Fungi	p__Ascomycota					
OTU1425	k__Fungi						
OTU1426	k__Fungi	p__Chytridiomycota					
OTU1427	k__Fungi						
OTU1428	k__Fungi	p__Ascomycota	c__Lecanoromycetes				
OTU1429	k__Fungi	p__Ascomycota	c__Lecanoromycetes	o__Pertusariales	f__Pertusariaceae	g__Pertusaria	s__obruta
OTU1430	k__Fungi						
OTU1431	k__Fungi						
OTU1432	k__Fungi						
OTU1433	k__Fungi	p__Ascomycota	c__Eurotiomycetes	o__Eurotiales	f__Aspergillaceae	g__Aspergillus	s__conicus
OTU1434	k__Fungi	p__Ascomycota	c__Lecanoromycetes				
OTU1435	k__Fungi						
OTU1436	k__Fungi	p__Ascomycota	c__Lecanoromycetes				
OTU1437	k__Fungi	p__Ascomycota	c__Lecanoromycetes				
OTU1438	k__Fungi						
OTU1439	k__Fungi						
OTU1440	k__Fungi						
OTU1441	k__Fungi	p__Ascomycota	c__Lecanoromycetes				
OTU1442	k__Fungi						
OTU1443	k__Fungi						
OTU1444	k__Fungi						
OTU1445	k__Fungi						
OTU1446	k__Fungi	p__Ascomycota	c__Lecanoromycetes	o__Pertusariales	f__Pertusariaceae	g__Pertusaria	s__obruta
OTU1447	k__Fungi						
OTU1448	k__Fungi	p__Ascomycota	c__Saccharomycetes	o__Saccharomycetales	f__Debaryomycetaceae	g__Suhomyces	s__pyralidae
OTU1449	k__Fungi	p__Ascomycota	c__Lecanoromycetes	o__Pertusariales	f__Pertusariaceae	g__Pertusaria	s__obruta
OTU1450	k__Fungi						
OTU1451	k__Fungi						
OTU1452	k__Fungi						
OTU1453	k__Fungi						
OTU1454	k__Fungi	p__Chytridiomycota					
OTU1455	k__Fungi	p__Ascomycota					
OTU1456	k__Fungi	p__Chytridiomycota					
OTU1457	k__Fungi						
OTU1458	k__Fungi	p__Ascomycota	c__Lecanoromycetes				
OTU1459	k__Fungi	p__Ascomycota	c__Lecanoromycetes				
OTU1460	k__Fungi						
OTU1461	k__Fungi						
OTU1462	k__Fungi						
OTU1463	k__Fungi	p__Ascomycota	c__Lecanoromycetes				
OTU1464	k__Fungi						
OTU1465	k__Fungi						
OTU1466	k__Fungi						
OTU1467	k__Fungi						
OTU1468	k__Fungi	p__Ascomycota	c__Lecanoromycetes				
OTU1469	k__Fungi						
OTU1470	k__Fungi						
OTU1471	k__Fungi	p__Ascomycota					
OTU1472	k__Fungi						
OTU1473	k__Fungi	p__Ascomycota	c__Lecanoromycetes	o__Pertusariales	f__Pertusariaceae	g__Pertusaria	s__obruta
OTU1474	k__Fungi	p__Ascomycota					
OTU1475	k__Fungi	p__Ascomycota	c__Lecanoromycetes				
OTU1476	k__Fungi	p__Ascomycota					
OTU1477	k__Fungi						
OTU1478	k__Fungi	p__Ascomycota	c__Lecanoromycetes				
OTU1479	k__Fungi	p__Ascomycota	c__Lecanoromycetes				
OTU1480	k__Fungi						
OTU1481	k__Fungi						
OTU1482	k__Fungi	p__Chytridiomycota					
OTU1483	k__Fungi	p__Ascomycota	c__Lecanoromycetes	o__Graphidales	f__Gomphillaceae	g__Gomphillus	s__calycioides
OTU1484	k__Fungi	p__Ascomycota	c__Lecanoromycetes	o__Pertusariales	f__Pertusariaceae	g__Pertusaria	s__obruta
OTU1485	k__Fungi	p__Ascomycota					
OTU1486	k__Fungi	p__Ascomycota	c__Lecanoromycetes	o__Pertusariales	f__Pertusariaceae	g__Pertusaria	s__obruta
OTU1487	k__Fungi	p__Basidiomycota	c__Agaricomycetes	o__Polyporales	f__Meripilaceae	g__Rigidoporus	s__pouzarii
OTU1488	k__Fungi						
OTU1489	k__Fungi						
OTU1490	k__Fungi						
OTU1491	k__Fungi	p__Ascomycota	c__Lecanoromycetes				
OTU1492	k__Fungi						
OTU1493	k__Fungi						
OTU1494	k__Fungi	p__Ascomycota	c__Lecanoromycetes				
OTU1495	k__Fungi	p__Ascomycota					
OTU1496	k__Fungi	p__Ascomycota					
OTU1497	k__Fungi						
OTU1498	k__Fungi						
OTU1499	k__Fungi						
OTU1500	k__Fungi						
OTU1501	k__Fungi	p__Ascomycota					
OTU1502	k__Fungi	p__Chytridiomycota					
OTU1503	k__Fungi						
OTU1504	k__Fungi	p__Basidiomycota	c__Agaricomycetes	o__Polyporales	f__Meruliaceae	g__Phlebia	s__livida
OTU1505	k__Fungi	p__Chytridiomycota	c__Chytridiomycota_cls_Incertae_sedis	o__Chytridiomycota_ord_Incertae_sedis	f__Chytridiomycota_fam_Incertae_sedis	g__Chytridiomycota_gen_Incertae_sedis	
OTU1506	k__Fungi						
OTU1507	k__Fungi	p__Ascomycota	c__Lecanoromycetes				
OTU1508	k__Fungi						
OTU1509	k__Fungi	p__Ascomycota	c__Lecanoromycetes				
OTU1510	k__Fungi	p__Ascomycota	c__Lecanoromycetes				
OTU1511	k__Fungi	p__Ascomycota					
OTU1512	k__Fungi	p__Ascomycota	c__Sordariomycetes	o__Hypocreales	f__Sarocladiaceae	g__Sarocladium	s__kiliense
OTU1513	k__Fungi	p__Chytridiomycota					
OTU1514	k__Fungi	p__Ascomycota	c__Lecanoromycetes	o__Pertusariales	f__Pertusariaceae	g__Pertusaria	s__obruta
OTU1515	k__Fungi	p__Ascomycota	c__Lecanoromycetes				
OTU1516	k__Fungi						
OTU1517	k__Fungi	p__Ascomycota	c__Lecanoromycetes				
OTU1518	k__Fungi						
OTU1519	k__Fungi	p__Ascomycota	c__Lecanoromycetes	o__Pertusariales	f__Pertusariaceae	g__Pertusaria	s__obruta
OTU1520	k__Fungi	p__Ascomycota	c__Lecanoromycetes	o__Graphidales	f__Gomphillaceae	g__Gomphillus	s__calycioides
OTU1521	k__Fungi	p__Ascomycota	c__Lecanoromycetes				
OTU1522	k__Fungi						
OTU1523	k__Fungi	p__Ascomycota	c__Lecanoromycetes				
OTU1524	k__Fungi						
OTU1525	k__Fungi	p__Basidiomycota	c__Agaricomycetes	o__Polyporales	f__Meruliaceae	g__Phlebia	s__livida
OTU1526	k__Fungi						
OTU1527	k__Fungi						
OTU1528	k__Fungi						
OTU1529	k__Fungi						
OTU1530	k__Fungi	p__Ascomycota	c__Lecanoromycetes				
OTU1531	k__Fungi	p__Chytridiomycota					
OTU1532	k__Fungi	p__Ascomycota					
OTU1533	k__Fungi	p__Ascomycota					
OTU1534	k__Fungi	p__Ascomycota					
OTU1535	k__Fungi	p__Ascomycota	c__Lecanoromycetes				
OTU1536	k__Fungi	p__Ascomycota					
OTU1537	k__Fungi						
OTU1538	k__Fungi						
OTU1539	k__Fungi						
OTU1540	k__Fungi	p__Ascomycota	c__Saccharomycetes	o__Saccharomycetales	f__Saccharomycetales_fam_Incertae_sedis	g__Candida	s__albicans
OTU1541	k__Fungi						
OTU1542	k__Fungi						
OTU1543	k__Fungi						
OTU1544	k__Fungi						
OTU1545	k__Fungi						
OTU1546	k__Fungi	p__Ascomycota	c__Lecanoromycetes				
OTU1547	k__Fungi						
OTU1548	k__Fungi	p__Ascomycota					
OTU1549	k__Fungi	p__Ascomycota					
OTU1550	k__Fungi	p__Basidiomycota	c__Agaricomycetes	o__Auriculariales	f__Hyaloriaceae		
OTU1551	k__Fungi	p__Ascomycota					
OTU1552	k__Fungi	p__Ascomycota					
OTU1553	k__Fungi						
OTU1554	k__Fungi	p__Ascomycota	c__Lecanoromycetes				
OTU1555	k__Fungi	p__Chytridiomycota	c__Chytridiomycota_cls_Incertae_sedis	o__Chytridiomycota_ord_Incertae_sedis	f__Chytridiomycota_fam_Incertae_sedis	g__Chytridiomycota_gen_Incertae_sedis	
OTU1556	k__Fungi	p__Ascomycota	c__Lecanoromycetes				
OTU1557	k__Fungi						
OTU1558	k__Fungi						
OTU1559	k__Fungi						
OTU1560	k__Fungi						
OTU1561	k__Fungi						
OTU1562	k__Fungi	p__Chytridiomycota	c__Chytridiomycota_cls_Incertae_sedis	o__Chytridiomycota_ord_Incertae_sedis	f__Chytridiomycota_fam_Incertae_sedis	g__Chytridiomycota_gen_Incertae_sedis	
OTU1563	k__Fungi	p__Ascomycota	c__Lecanoromycetes				
OTU1564	k__Fungi	p__Ascomycota	c__Lecanoromycetes				
OTU1565	k__Fungi	p__Ascomycota					
OTU1566	k__Fungi						
OTU1567	k__Fungi	p__Ascomycota	c__Lecanoromycetes				
OTU1568	k__Fungi	p__Ascomycota	c__Lecanoromycetes				
OTU1569	k__Fungi						
OTU1570	k__Fungi						
OTU1571	k__Fungi	p__Ascomycota	c__Lecanoromycetes	o__Pertusariales	f__Pertusariaceae	g__Pertusaria	s__obruta
OTU1572	k__Fungi	p__Ascomycota	c__Lecanoromycetes				
OTU1573	k__Fungi						
OTU1574	k__Fungi	p__Basidiomycota	c__Agaricomycetes	o__Hymenochaetales	f__Schizoporaceae	g__Xylodon	s__raduloides
OTU1575	k__Fungi	p__Ascomycota	c__Lecanoromycetes				
OTU1576	k__Fungi						
OTU1577	k__Fungi	p__Chytridiomycota	c__Chytridiomycota_cls_Incertae_sedis	o__Chytridiomycota_ord_Incertae_sedis	f__Chytridiomycota_fam_Incertae_sedis	g__Chytridiomycota_gen_Incertae_sedis	
OTU1578	k__Fungi	p__Ascomycota	c__Lecanoromycetes				
OTU1579	k__Fungi	p__Ascomycota	c__Lecanoromycetes	o__Pertusariales	f__Pertusariaceae	g__Pertusaria	s__obruta
OTU1580	k__Fungi	p__Basidiomycota	c__Malasseziomycetes	o__Malasseziales	f__Malasseziaceae	g__Malassezia	s__obtusa
OTU1581	k__Fungi	p__Ascomycota	c__Lecanoromycetes				
OTU1582	k__Fungi	p__Ascomycota	c__Lecanoromycetes				
OTU1583	k__Fungi						
OTU1584	k__Fungi	p__Basidiomycota	c__Tremellomycetes	o__Tremellales	f__Cryptococcaceae	g__Cryptococcus	s__pseudolongus
OTU1585	k__Fungi	p__Ascomycota					
OTU1586	k__Fungi						
OTU1587	k__Fungi						
OTU1588	k__Fungi	p__Ascomycota	c__Lecanoromycetes				
OTU1589	k__Fungi						
OTU1590	k__Fungi	p__Ascomycota	c__Lecanoromycetes				
OTU1591	k__Fungi						
OTU1592	k__Fungi	p__Ascomycota	c__Lecanoromycetes				
OTU1593	k__Fungi	p__Ascomycota	c__Lecanoromycetes				
OTU1594	k__Fungi						
OTU1595	k__Fungi	p__Ascomycota					
OTU1596	k__Fungi	p__Chytridiomycota	c__Chytridiomycota_cls_Incertae_sedis	o__Chytridiomycota_ord_Incertae_sedis	f__Chytridiomycota_fam_Incertae_sedis	g__Chytridiomycota_gen_Incertae_sedis	
OTU1597	k__Fungi						
OTU1598	k__Fungi						
OTU1599	k__Fungi	p__Ascomycota	c__Lecanoromycetes				
OTU1600	k__Fungi	p__Ascomycota	c__Lecanoromycetes				
OTU1601	k__Fungi						
OTU1602	k__Fungi						
OTU1603	k__Fungi	p__Chytridiomycota	c__Chytridiomycota_cls_Incertae_sedis	o__Chytridiomycota_ord_Incertae_sedis	f__Chytridiomycota_fam_Incertae_sedis	g__Chytridiomycota_gen_Incertae_sedis	
OTU1604	k__Fungi	p__Ascomycota					
OTU1605	k__Fungi						
OTU1606	k__Fungi						
OTU1607	k__Fungi						
OTU1608	k__Fungi	p__Ascomycota	c__Lecanoromycetes				
OTU1609	k__Fungi	p__Ascomycota	c__Lecanoromycetes	o__Pertusariales	f__Pertusariaceae	g__Pertusaria	s__obruta
OTU1610	k__Fungi	p__Chytridiomycota					
OTU1611	k__Fungi						
OTU1612	k__Fungi	p__Ascomycota	c__Lecanoromycetes				
OTU1613	k__Fungi	p__Ascomycota	c__Lecanoromycetes				
OTU1614	k__Fungi						
OTU1615	k__Fungi						
OTU1616	k__Fungi						
OTU1617	k__Fungi						
OTU1618	k__Fungi						
OTU1619	k__Fungi	p__Ascomycota					
OTU1620	k__Fungi	p__Ascomycota	c__Lecanoromycetes	o__Pertusariales	f__Pertusariaceae	g__Pertusaria	s__obruta
OTU1621	k__Fungi	p__Chytridiomycota					
OTU1622	k__Fungi	p__Ascomycota	c__Lecanoromycetes				
OTU1623	k__Fungi						
OTU1624	k__Fungi	p__Chytridiomycota					
OTU1625	k__Fungi						
OTU1626	k__Fungi						
OTU1627	k__Fungi	p__Ascomycota	c__Lecanoromycetes				
OTU1628	k__Fungi	p__Ascomycota	c__Lecanoromycetes				
OTU1629	k__Fungi						
OTU1630	k__Fungi	p__Ascomycota	c__Lecanoromycetes				
OTU1631	k__Fungi						
OTU1632	k__Fungi						
OTU1633	k__Fungi	p__Ascomycota					
OTU1634	k__Fungi						
OTU1635	k__Fungi	p__Ascomycota					
OTU1636	k__Fungi	p__Ascomycota					
OTU1637	k__Fungi	p__Ascomycota					
OTU1638	k__Fungi	p__Ascomycota	c__Lecanoromycetes				
OTU1639	k__Fungi	p__Ascomycota	c__Lecanoromycetes				
OTU1640	k__Fungi	p__Ascomycota					
OTU1641	k__Fungi	p__Ascomycota	c__Lecanoromycetes				
OTU1642	k__Fungi						
OTU1643	k__Fungi						
OTU1644	k__Fungi	p__Ascomycota					
OTU1645	k__Fungi						
OTU1646	k__Fungi	p__Chytridiomycota					
OTU1647	k__Fungi	p__Ascomycota	c__Lecanoromycetes				
OTU1648	k__Fungi						
OTU1649	k__Fungi	p__Ascomycota	c__Lecanoromycetes				
OTU1650	k__Fungi	p__Ascomycota					
OTU1651	k__Fungi						
OTU1652	k__Fungi	p__Ascomycota	c__Lecanoromycetes	o__Pertusariales	f__Pertusariaceae	g__Pertusaria	s__obruta
OTU1653	k__Fungi						
OTU1654	k__Fungi	p__Ascomycota	c__Lecanoromycetes				
OTU1655	k__Fungi						
OTU1656	k__Fungi						
OTU1657	k__Fungi	p__Ascomycota	c__Saccharomycetes	o__Saccharomycetales	f__Saccharomycetales_fam_Incertae_sedis	g__Candida	
OTU1658	k__Fungi	p__Ascomycota	c__Lecanoromycetes	o__Pertusariales	f__Pertusariaceae	g__Pertusaria	s__obruta
OTU1659	k__Fungi	p__Ascomycota	c__Lecanoromycetes	o__Pertusariales	f__Pertusariaceae	g__Pertusaria	s__obruta
OTU1660	k__Fungi						
OTU1661	k__Fungi	p__Ascomycota	c__Lecanoromycetes				
OTU1662	k__Fungi	p__Ascomycota	c__Lecanoromycetes				
OTU1663	k__Fungi						
OTU1664	k__Fungi						
OTU1665	k__Fungi						
OTU1666	k__Fungi						
OTU1667	k__Fungi						
OTU1668	k__Fungi	p__Ascomycota					
OTU1669	k__Fungi	p__Ascomycota	c__Lecanoromycetes				
OTU1670	k__Fungi						
OTU1671	k__Fungi						
OTU1672	k__Fungi	p__Ascomycota	c__Lecanoromycetes				
OTU1673	k__Fungi						
OTU1674	k__Fungi						
OTU1675	k__Fungi	p__Ascomycota					
OTU1676	k__Fungi						
OTU1677	k__Fungi	p__Ascomycota	c__Lecanoromycetes				
OTU1678	k__Fungi	p__Ascomycota	c__Lecanoromycetes				
OTU1679	k__Fungi						
OTU1680	k__Fungi						
OTU1681	k__Fungi	p__Ascomycota					
OTU1682	k__Fungi						
OTU1683	k__Fungi	p__Chytridiomycota	c__Chytridiomycota_cls_Incertae_sedis	o__Chytridiomycota_ord_Incertae_sedis	f__Chytridiomycota_fam_Incertae_sedis	g__Chytridiomycota_gen_Incertae_sedis	
OTU1684	k__Fungi	p__Ascomycota					
OTU1685	k__Fungi						
OTU1686	k__Fungi						
OTU1687	k__Fungi						
OTU1688	k__Fungi						
OTU1689	k__Fungi	p__Ascomycota					
OTU1690	k__Fungi	p__Chytridiomycota					
OTU1691	k__Fungi	p__Ascomycota	c__Lecanoromycetes	o__Pertusariales	f__Pertusariaceae	g__Pertusaria	s__obruta
OTU1692	k__Fungi	p__Basidiomycota	c__Wallemiomycetes	o__Wallemiales	f__Wallemiaceae	g__Wallemia	s__sebi
OTU1693	k__Fungi	p__Ascomycota					
OTU1694	k__Fungi	p__Chytridiomycota					
OTU1695	k__Fungi	p__Ascomycota	c__Lecanoromycetes				
OTU1696	k__Fungi	p__Chytridiomycota					
OTU1697	k__Fungi	p__Ascomycota	c__Lecanoromycetes				
OTU1698	k__Fungi						
OTU1699	k__Fungi						
OTU1700	k__Fungi						
OTU1701	k__Fungi	p__Ascomycota	c__Lecanoromycetes				
OTU1702	k__Fungi	p__Ascomycota					
OTU1703	k__Fungi						
OTU1704	k__Fungi						
OTU1705	k__Fungi						
OTU1706	k__Fungi						
OTU1707	k__Fungi	p__Ascomycota	c__Lecanoromycetes				
OTU1708	k__Fungi	p__Ascomycota	c__Lecanoromycetes				
OTU1709	k__Fungi	p__Ascomycota					
OTU1710	k__Fungi	p__Ascomycota	c__Lecanoromycetes				
OTU1711	k__Fungi						
OTU1712	k__Fungi						
OTU1713	k__Fungi	p__Ascomycota	c__Lecanoromycetes				
OTU1714	k__Fungi	p__Ascomycota					
OTU1715	k__Fungi	p__Ascomycota	c__Eurotiomycetes	o__Eurotiales	f__Aspergillaceae	g__Penicillium	s__expansum
OTU1716	k__Fungi	p__Ascomycota	c__Lecanoromycetes	o__Pertusariales	f__Pertusariaceae	g__Pertusaria	s__obruta
OTU1717	k__Fungi	p__Ascomycota	c__Lecanoromycetes				
OTU1718	k__Fungi	p__Ascomycota	c__Lecanoromycetes	o__Pertusariales	f__Pertusariaceae	g__Pertusaria	s__obruta
OTU1719	k__Fungi	p__Ascomycota	c__Lecanoromycetes				
OTU1720	k__Fungi						
OTU1721	k__Fungi	p__Ascomycota					
OTU1722	k__Fungi						
OTU1723	k__Fungi	p__Chytridiomycota					
OTU1724	k__Fungi	p__Chytridiomycota					
OTU1725	k__Fungi						
OTU1726	k__Fungi	p__Ascomycota	c__Lecanoromycetes				
OTU1727	k__Fungi	p__Ascomycota	c__Lecanoromycetes				
OTU1728	k__Fungi						
OTU1729	k__Fungi						
OTU1730	k__Fungi	p__Ascomycota	c__Lecanoromycetes				
OTU1731	k__Fungi	p__Chytridiomycota					
OTU1732	k__Fungi	p__Ascomycota					
OTU1733	k__Fungi	p__Ascomycota	c__Lecanoromycetes				
OTU1734	k__Fungi	p__Ascomycota					
OTU1735	k__Fungi	p__Ascomycota					
OTU1736	k__Fungi						
OTU1737	k__Fungi	p__Ascomycota	c__Lecanoromycetes				
OTU1738	k__Fungi						
OTU1739	k__Fungi	p__Ascomycota	c__Lecanoromycetes				
OTU1740	k__Fungi						
OTU1741	k__Fungi	p__Ascomycota					
OTU1742	k__Fungi	p__Ascomycota					
OTU1743	k__Fungi						
OTU1744	k__Fungi	p__Ascomycota	c__Lecanoromycetes				
OTU1745	k__Fungi	p__Ascomycota	c__Lecanoromycetes				
OTU1746	k__Fungi	p__Ascomycota	c__Lecanoromycetes				
OTU1747	k__Fungi	p__Chytridiomycota					
OTU1748	k__Fungi	p__Ascomycota					
OTU1749	k__Fungi						
OTU1750	k__Fungi						
OTU1751	k__Fungi	p__Chytridiomycota					
OTU1752	k__Fungi						
OTU1753	k__Fungi						
OTU1754	k__Fungi	p__Ascomycota					
OTU1755	k__Fungi						
OTU1756	k__Fungi						
OTU1757	k__Fungi	p__Ascomycota	c__Lecanoromycetes				
OTU1758	k__Fungi						
OTU1759	k__Fungi	p__Ascomycota					
OTU1760	k__Fungi						
OTU1761	k__Fungi						
OTU1762	k__Fungi	p__Ascomycota	c__Lecanoromycetes				
OTU1763	k__Fungi						
OTU1764	k__Fungi						
OTU1765	k__Fungi						
OTU1766	k__Fungi						
OTU1767	k__Fungi	p__Chytridiomycota					
OTU1768	k__Fungi	p__Ascomycota	c__Eurotiomycetes	o__Eurotiales	f__Aspergillaceae	g__Penicillium	
OTU1769	k__Fungi	p__Ascomycota	c__Lecanoromycetes				
OTU1770	k__Fungi	p__Ascomycota	c__Lecanoromycetes				
OTU1771	k__Fungi	p__Ascomycota	c__Sordariomycetes	o__Hypocreales	f__Sarocladiaceae	g__Sarocladium	s__kiliense
OTU1772	k__Fungi	p__Ascomycota	c__Lecanoromycetes	o__Pertusariales	f__Pertusariaceae	g__Pertusaria	s__obruta
OTU1773	k__Fungi	p__Basidiomycota	c__Agaricomycetes	o__Russulales	f__Stereaceae	g__Stereum	s__complicatum
OTU1774	k__Fungi						
OTU1775	k__Fungi						
OTU1776	k__Fungi	p__Ascomycota					
OTU1777	k__Fungi	p__Ascomycota	c__Lecanoromycetes				
OTU1778	k__Fungi	p__Ascomycota	c__Lecanoromycetes				
OTU1779	k__Fungi						
OTU1780	k__Fungi						
OTU1781	k__Fungi	p__Chytridiomycota	c__Chytridiomycota_cls_Incertae_sedis	o__Chytridiomycota_ord_Incertae_sedis	f__Chytridiomycota_fam_Incertae_sedis	g__Chytridiomycota_gen_Incertae_sedis	
OTU1782	k__Fungi						
OTU1783	k__Fungi	p__Ascomycota	c__Lecanoromycetes				
OTU1784	k__Fungi						
OTU1785	k__Fungi						
OTU1786	k__Fungi	p__Ascomycota					
OTU1787	k__Fungi						
OTU1788	k__Fungi	p__Ascomycota					
OTU1789	k__Fungi						
OTU1790	k__Fungi						
OTU1791	k__Fungi						
OTU1792	k__Fungi						
OTU1793	k__Fungi						
OTU1794	k__Fungi						
OTU1795	k__Fungi						
OTU1796	k__Fungi	p__Ascomycota	c__Sordariomycetes	o__Hypocreales	f__Nectriaceae	g__Fusarium	s__incarnatum
OTU1797	k__Fungi	p__Ascomycota					
OTU1798	k__Fungi						
OTU1799	k__Fungi						
OTU1800	k__Fungi	p__Ascomycota	c__Lecanoromycetes				
OTU1801	k__Fungi	p__Ascomycota	c__Lecanoromycetes				
OTU1802	k__Fungi						
OTU1803	k__Fungi						
OTU1804	k__Fungi	p__Ascomycota	c__Lecanoromycetes				
OTU1805	k__Fungi	p__Ascomycota	c__Lecanoromycetes				
OTU1806	k__Fungi						
OTU1807	k__Fungi						
OTU1808	k__Fungi	p__Ascomycota					
OTU1809	k__Fungi	p__Chytridiomycota					
OTU1810	k__Fungi	p__Ascomycota					
OTU1811	k__Fungi	p__Ascomycota					
OTU1812	k__Fungi	p__Chytridiomycota	c__Chytridiomycota_cls_Incertae_sedis	o__Chytridiomycota_ord_Incertae_sedis	f__Chytridiomycota_fam_Incertae_sedis	g__Chytridiomycota_gen_Incertae_sedis	
OTU1813	k__Fungi						
OTU1814	k__Fungi						
OTU1815	k__Fungi						
OTU1816	k__Fungi						
OTU1817	k__Fungi						
OTU1818	k__Fungi						
OTU1819	k__Fungi						
OTU1820	k__Fungi						
OTU1821	k__Fungi	p__Ascomycota					
OTU1822	k__Fungi	p__Ascomycota					
OTU1823	k__Fungi						
OTU1824	k__Fungi						
OTU1825	k__Fungi						
OTU1826	k__Fungi						
OTU1827	k__Fungi	p__Ascomycota					
OTU1828	k__Fungi	p__Ascomycota					
OTU1829	k__Fungi	p__Chytridiomycota	c__Chytridiomycota_cls_Incertae_sedis	o__Chytridiomycota_ord_Incertae_sedis	f__Chytridiomycota_fam_Incertae_sedis	g__Chytridiomycota_gen_Incertae_sedis	
OTU1830	k__Fungi						
OTU1831	k__Fungi						
OTU1832	k__Fungi						
OTU1833	k__Fungi	p__Ascomycota					
OTU1834	k__Fungi						
OTU1835	k__Fungi						
OTU1836	k__Fungi						
OTU1837	k__Fungi						
OTU1838	k__Fungi	p__Ascomycota	c__Lecanoromycetes				
OTU1839	k__Fungi						
OTU1840	k__Fungi						
OTU1841	k__Fungi						
OTU1842	k__Fungi						
OTU1843	k__Fungi						
OTU1844	k__Fungi	p__Ascomycota					
OTU1845	k__Fungi						
OTU1846	k__Fungi	p__Ascomycota	c__Lecanoromycetes				
OTU1847	k__Fungi						
OTU1848	k__Fungi						
OTU1849	k__Fungi						
OTU1850	k__Fungi						
OTU1851	k__Fungi	p__Ascomycota					
OTU1852	k__Fungi	p__Ascomycota					
OTU1853	k__Fungi						
OTU1854	k__Fungi	p__Ascomycota	c__Lecanoromycetes				
OTU1855	k__Fungi						
OTU1856	k__Fungi	p__Chytridiomycota	c__Chytridiomycota_cls_Incertae_sedis	o__Chytridiomycota_ord_Incertae_sedis	f__Chytridiomycota_fam_Incertae_sedis	g__Chytridiomycota_gen_Incertae_sedis	
OTU1857	k__Fungi	p__Ascomycota					
OTU1858	k__Fungi						
OTU1859	k__Fungi	p__Ascomycota					
OTU1860	k__Fungi	p__Ascomycota					
OTU1861	k__Fungi	p__Ascomycota	c__Lecanoromycetes				
OTU1862	k__Fungi						
OTU1863	k__Fungi						
OTU1864	k__Fungi	p__Ascomycota					
OTU1865	k__Fungi						
OTU1866	k__Fungi	p__Ascomycota					
OTU1867	k__Fungi						
OTU1868	k__Fungi	p__Ascomycota					
OTU1869	k__Fungi	p__Ascomycota	c__Lecanoromycetes				
OTU1870	k__Fungi						
OTU1871	k__Fungi	p__Ascomycota	c__Lecanoromycetes				
OTU1872	k__Fungi						
OTU1873	k__Fungi						
OTU1874	k__Fungi						
OTU1875	k__Fungi						
OTU1876	k__Fungi						
OTU1877	k__Fungi						
OTU1878	k__Fungi						
OTU1879	k__Fungi	p__Chytridiomycota					
OTU1880	k__Fungi	p__Ascomycota	c__Lecanoromycetes				
OTU1881	k__Fungi	p__Ascomycota					
OTU1882	k__Fungi	p__Ascomycota	c__Lecanoromycetes				
OTU1883	k__Fungi						
OTU1884	k__Fungi	p__Ascomycota	c__Lecanoromycetes				
OTU1885	k__Fungi	p__Ascomycota					
OTU1886	k__Fungi						
OTU1887	k__Fungi	p__Ascomycota					
OTU1888	k__Fungi						
OTU1889	k__Fungi						
OTU1890	k__Fungi						
OTU1891	k__Fungi	p__Ascomycota					
OTU1892	k__Fungi	p__Ascomycota	c__Lecanoromycetes				
OTU1893	k__Fungi						
OTU1894	k__Fungi	p__Ascomycota	c__Lecanoromycetes	o__Pertusariales	f__Pertusariaceae	g__Pertusaria	s__obruta
OTU1895	k__Fungi	p__Ascomycota	c__Lecanoromycetes				
OTU1896	k__Fungi						
OTU1897	k__Fungi						
OTU1898	k__Fungi						
OTU1899	k__Fungi						
OTU1900	k__Fungi	p__Ascomycota	c__Lecanoromycetes	o__Pertusariales	f__Pertusariaceae	g__Pertusaria	s__obruta
OTU1901	k__Fungi	p__Ascomycota	c__Lecanoromycetes	o__Graphidales	f__Gomphillaceae	g__Gomphillus	s__calycioides
OTU1902	k__Fungi	p__Chytridiomycota					
OTU1903	k__Fungi						
OTU1904	k__Fungi	p__Ascomycota					
OTU1905	k__Fungi						
OTU1906	k__Fungi	p__Ascomycota					
OTU1907	k__Fungi						
OTU1908	k__Fungi						
OTU1909	k__Fungi	p__Ascomycota	c__Lecanoromycetes				
OTU1910	k__Fungi	p__Ascomycota					
OTU1911	k__Fungi	p__Ascomycota					
OTU1912	k__Fungi						
OTU1913	k__Fungi						
OTU1914	k__Fungi						
OTU1915	k__Fungi						
OTU1916	k__Fungi	p__Ascomycota	c__Lecanoromycetes				
OTU1917	k__Fungi	p__Ascomycota					
OTU1918	k__Fungi	p__Ascomycota	c__Lecanoromycetes	o__Pertusariales	f__Pertusariaceae	g__Pertusaria	s__obruta
OTU1919	k__Fungi						
OTU1920	k__Fungi	p__Ascomycota	c__Lecanoromycetes	o__Pertusariales	f__Pertusariaceae	g__Pertusaria	s__obruta
OTU1921	k__Fungi	p__Chytridiomycota	c__Chytridiomycota_cls_Incertae_sedis	o__Chytridiomycota_ord_Incertae_sedis	f__Chytridiomycota_fam_Incertae_sedis	g__Chytridiomycota_gen_Incertae_sedis	
OTU1922	k__Fungi	p__Chytridiomycota	c__Chytridiomycota_cls_Incertae_sedis	o__Chytridiomycota_ord_Incertae_sedis	f__Chytridiomycota_fam_Incertae_sedis	g__Chytridiomycota_gen_Incertae_sedis	
OTU1923	k__Fungi						
OTU1924	k__Fungi						
OTU1925	k__Fungi						
OTU1926	k__Fungi	p__Ascomycota					
OTU1927	k__Fungi						
OTU1928	k__Fungi						
OTU1929	k__Fungi						
OTU1930	k__Fungi	p__Ascomycota	c__Lecanoromycetes	o__Pertusariales	f__Pertusariaceae	g__Pertusaria	s__obruta
OTU1931	k__Fungi	p__Ascomycota	c__Lecanoromycetes				
OTU1932	k__Fungi	p__Chytridiomycota	c__Chytridiomycota_cls_Incertae_sedis	o__Chytridiomycota_ord_Incertae_sedis	f__Chytridiomycota_fam_Incertae_sedis	g__Chytridiomycota_gen_Incertae_sedis	
OTU1933	k__Fungi						
OTU1934	k__Fungi	p__Chytridiomycota	c__Chytridiomycota_cls_Incertae_sedis	o__Chytridiomycota_ord_Incertae_sedis	f__Chytridiomycota_fam_Incertae_sedis	g__Chytridiomycota_gen_Incertae_sedis	
OTU1935	k__Fungi						
OTU1936	k__Fungi						
OTU1937	k__Fungi						
OTU1938	k__Fungi	p__Ascomycota					
OTU1939	k__Fungi	p__Ascomycota	c__Lecanoromycetes				
OTU1940	k__Fungi						
OTU1941	k__Fungi	p__Ascomycota	c__Lecanoromycetes				
OTU1942	k__Fungi	p__Ascomycota					
OTU1943	k__Fungi	p__Ascomycota					
OTU1944	k__Fungi	p__Ascomycota	c__Lecanoromycetes				
OTU1945	k__Fungi	p__Ascomycota	c__Lecanoromycetes				
OTU1946	k__Fungi						
OTU1947	k__Fungi	p__Ascomycota	c__Lecanoromycetes				
OTU1948	k__Fungi	p__Ascomycota	c__Lecanoromycetes				
OTU1949	k__Fungi	p__Ascomycota	c__Lecanoromycetes	o__Pertusariales	f__Pertusariaceae	g__Pertusaria	s__obruta
OTU1950	k__Fungi	p__Ascomycota	c__Lecanoromycetes				
OTU1951	k__Fungi	p__Ascomycota	c__Lecanoromycetes				
OTU1952	k__Fungi	p__Ascomycota					
OTU1953	k__Fungi						
OTU1954	k__Fungi						
OTU1955	k__Fungi						
OTU1956	k__Fungi						
OTU1957	k__Fungi	p__Ascomycota					
OTU1958	k__Fungi	p__Ascomycota	c__Lecanoromycetes	o__Pertusariales	f__Pertusariaceae	g__Pertusaria	s__obruta
OTU1959	k__Fungi						
OTU1960	k__Fungi						
OTU1961	k__Fungi						
OTU1962	k__Fungi	p__Ascomycota	c__Lecanoromycetes	o__Pertusariales	f__Pertusariaceae	g__Pertusaria	s__obruta
OTU1963	k__Fungi	p__Ascomycota	c__Lecanoromycetes				
OTU1964	k__Fungi	p__Ascomycota	c__Saccharomycetes	o__Saccharomycetales	f__Saccharomycetales_fam_Incertae_sedis	g__Candida	s__albicans
OTU1965	k__Fungi						
OTU1966	k__Fungi	p__Ascomycota					
OTU1967	k__Fungi	p__Ascomycota	c__Lecanoromycetes				
OTU1968	k__Fungi						
OTU1969	k__Fungi						
OTU1970	k__Fungi	p__Ascomycota					
OTU1971	k__Fungi						
OTU1972	k__Fungi	p__Chytridiomycota					
OTU1973	k__Fungi	p__Ascomycota	c__Lecanoromycetes				
OTU1974	k__Fungi	p__Ascomycota	c__Lecanoromycetes				
OTU1975	k__Fungi	p__Ascomycota	c__Lecanoromycetes				
OTU1976	k__Fungi						
OTU1977	k__Fungi						
OTU1978	k__Fungi						
OTU1979	k__Fungi						
OTU1980	k__Fungi						
OTU1981	k__Fungi						
OTU1982	k__Fungi	p__Ascomycota	c__Eurotiomycetes	o__Eurotiales	f__Thermoascaceae	g__Paecilomyces	s__dactylethromorphus
OTU1983	k__Fungi						
OTU1984	k__Fungi						
OTU1985	k__Fungi	p__Ascomycota	c__Lecanoromycetes	o__Pertusariales	f__Pertusariaceae	g__Pertusaria	s__obruta
OTU1986	k__Fungi						
OTU1987	k__Fungi	p__Chytridiomycota					
OTU1988	k__Fungi	p__Ascomycota	c__Lecanoromycetes				
OTU1989	k__Fungi	p__Ascomycota	c__Lecanoromycetes				
OTU1990	k__Fungi	p__Ascomycota					
OTU1991	k__Fungi						
OTU1992	k__Fungi						
OTU1993	k__Fungi	p__Ascomycota	c__Lecanoromycetes				
OTU1994	k__Fungi						
OTU1995	k__Fungi						
OTU1996	k__Fungi	p__Ascomycota	c__Lecanoromycetes				
OTU1997	k__Fungi	p__Ascomycota	c__Lecanoromycetes	o__Pertusariales	f__Pertusariaceae	g__Pertusaria	s__obruta
OTU1998	k__Fungi	p__Ascomycota	c__Lecanoromycetes	o__Pertusariales	f__Pertusariaceae	g__Pertusaria	s__obruta
OTU1999	k__Fungi						
OTU2000	k__Fungi	p__Chytridiomycota	c__Chytridiomycota_cls_Incertae_sedis	o__Chytridiomycota_ord_Incertae_sedis	f__Chytridiomycota_fam_Incertae_sedis	g__Chytridiomycota_gen_Incertae_sedis	
OTU2001	k__Fungi						
OTU2002	k__Fungi	p__Ascomycota	c__Lecanoromycetes				
OTU2003	k__Fungi						
OTU2004	k__Fungi	p__Ascomycota	c__Lecanoromycetes				
OTU2005	k__Fungi						
OTU2006	k__Fungi	p__Ascomycota	c__Lecanoromycetes				
OTU2007	k__Fungi						
OTU2008	k__Fungi	p__Chytridiomycota					
OTU2009	k__Fungi	p__Ascomycota					
OTU2010	k__Fungi						
OTU2011	k__Fungi						
OTU2012	k__Fungi	p__Ascomycota	c__Lecanoromycetes				
OTU2013	k__Fungi	p__Ascomycota	c__Saccharomycetes	o__Saccharomycetales	f__Saccharomycetales_fam_Incertae_sedis	g__Candida	
OTU2014	k__Fungi	p__Ascomycota	c__Lecanoromycetes				
OTU2015	k__Fungi						
OTU2016	k__Fungi	p__Fungi_phy_Incertae_sedis	c__Fungi_cls_Incertae_sedis	o__Fungi_ord_Incertae_sedis	f__Fungi_fam_Incertae_sedis	g__Fungi_gen_Incertae_sedis	
OTU2017	k__Fungi	p__Ascomycota	c__Lecanoromycetes				
OTU2018	k__Fungi	p__Ascomycota					
OTU2019	k__Fungi	p__Ascomycota	c__Lecanoromycetes				
OTU2020	k__Fungi	p__Ascomycota	c__Lecanoromycetes				
OTU2021	k__Fungi	p__Ascomycota					
OTU2022	k__Fungi						
OTU2023	k__Fungi						
OTU2024	k__Fungi	p__Ascomycota	c__Lecanoromycetes				
OTU2025	k__Fungi	p__Ascomycota	c__Lecanoromycetes	o__Pertusariales	f__Pertusariaceae	g__Pertusaria	s__obruta
OTU2026	k__Fungi						
OTU2027	k__Fungi	p__Chytridiomycota	c__Chytridiomycota_cls_Incertae_sedis	o__Chytridiomycota_ord_Incertae_sedis	f__Chytridiomycota_fam_Incertae_sedis	g__Chytridiomycota_gen_Incertae_sedis	
OTU2028	k__Fungi	p__Ascomycota	c__Lecanoromycetes				
OTU2029	k__Fungi						
OTU2030	k__Fungi	p__Chytridiomycota	c__Chytridiomycota_cls_Incertae_sedis	o__Chytridiomycota_ord_Incertae_sedis	f__Chytridiomycota_fam_Incertae_sedis	g__Chytridiomycota_gen_Incertae_sedis	
OTU2031	k__Fungi	p__Ascomycota	c__Lecanoromycetes				
OTU2032	k__Fungi						
OTU2033	k__Fungi						
OTU2034	k__Fungi						
OTU2035	k__Fungi						
OTU2036	k__Fungi	p__Ascomycota					
OTU2037	k__Fungi	p__Ascomycota	c__Lecanoromycetes	o__Pertusariales	f__Pertusariaceae	g__Pertusaria	s__obruta
OTU2038	k__Fungi						
OTU2039	k__Fungi	p__Rozellomycota	c__Rozellomycota_cls_Incertae_sedis	o__Rozellomycota_ord_Incertae_sedis	f__Rozellomycota_fam_Incertae_sedis	g__Rozellomycota_gen_Incertae_sedis	
OTU2040	k__Fungi						
OTU2041	k__Fungi	p__Ascomycota					
OTU2042	k__Fungi	p__Ascomycota	c__Lecanoromycetes				
OTU2043	k__Fungi	p__Ascomycota					
OTU2044	k__Fungi						
OTU2045	k__Fungi						
OTU2046	k__Fungi	p__Chytridiomycota	c__Chytridiomycota_cls_Incertae_sedis	o__Chytridiomycota_ord_Incertae_sedis	f__Chytridiomycota_fam_Incertae_sedis	g__Chytridiomycota_gen_Incertae_sedis	
OTU2047	k__Fungi						
OTU2048	k__Fungi	p__Ascomycota					
OTU2049	k__Fungi						
OTU2050	k__Fungi	p__Ascomycota					
OTU2051	k__Fungi	p__Chytridiomycota					
OTU2052	k__Fungi						
OTU2053	k__Fungi	p__Basidiomycota	c__Agaricomycetes	o__Hymenochaetales	f__Hymenochaetaceae		
OTU2054	k__Fungi	p__Ascomycota	c__Lecanoromycetes				
OTU2055	k__Fungi	p__Ascomycota					
OTU2056	k__Fungi						
OTU2057	k__Fungi						
OTU2058	k__Fungi						
OTU2059	k__Fungi						
OTU2060	k__Fungi						
OTU2061	k__Fungi						
OTU2062	k__Fungi						
OTU2063	k__Fungi						
OTU2064	k__Fungi	p__Ascomycota	c__Lecanoromycetes	o__Pertusariales	f__Pertusariaceae	g__Pertusaria	s__obruta
OTU2065	k__Fungi						
OTU2066	k__Fungi						
OTU2067	k__Fungi						
OTU2068	k__Fungi	p__Ascomycota	c__Lecanoromycetes				
OTU2069	k__Fungi						
OTU2070	k__Fungi						
OTU2071	k__Fungi	p__Ascomycota					
OTU2072	k__Fungi	p__Ascomycota					
OTU2073	k__Fungi						
OTU2074	k__Fungi	p__Ascomycota					
OTU2075	k__Fungi						
OTU2076	k__Fungi	p__Ascomycota					
OTU2077	k__Fungi	p__Ascomycota					
OTU2078	k__Fungi	p__Ascomycota	c__Lecanoromycetes	o__Pertusariales	f__Pertusariaceae	g__Pertusaria	s__obruta
OTU2079	k__Fungi						
OTU2080	k__Fungi						
OTU2081	k__Fungi	p__Ascomycota	c__Lecanoromycetes				
OTU2082	k__Fungi						
OTU2083	k__Fungi						
OTU2084	k__Fungi	p__Ascomycota	c__Lecanoromycetes				
OTU2085	k__Fungi						
OTU2086	k__Fungi						
OTU2087	k__Fungi	p__Chytridiomycota					
OTU2088	k__Fungi	p__Ascomycota	c__Lecanoromycetes	o__Pertusariales	f__Pertusariaceae	g__Pertusaria	s__obruta
OTU2089	k__Fungi	p__Ascomycota	c__Lecanoromycetes				
OTU2090	k__Fungi	p__Ascomycota					
OTU2091	k__Fungi						
OTU2092	k__Fungi						
OTU2093	k__Fungi						
OTU2094	k__Fungi						
OTU2095	k__Fungi						
OTU2096	k__Fungi	p__Ascomycota					
OTU2097	k__Fungi						
OTU2098	k__Fungi	p__Ascomycota	c__Lecanoromycetes				
OTU2099	k__Fungi						
OTU2100	k__Fungi						
OTU2101	k__Fungi	p__Chytridiomycota					
OTU2102	k__Fungi						
OTU2103	k__Fungi						
OTU2104	k__Fungi	p__Ascomycota					
OTU2105	k__Fungi						
OTU2106	k__Fungi	p__Ascomycota					
OTU2107	k__Fungi	p__Ascomycota					
OTU2108	k__Fungi	p__Ascomycota	c__Lecanoromycetes				
OTU2109	k__Fungi	p__Chytridiomycota	c__Chytridiomycota_cls_Incertae_sedis	o__Chytridiomycota_ord_Incertae_sedis	f__Chytridiomycota_fam_Incertae_sedis	g__Chytridiomycota_gen_Incertae_sedis	
OTU2110	k__Fungi	p__Chytridiomycota					
OTU2111	k__Fungi	p__Ascomycota	c__Lecanoromycetes				
OTU2112	k__Fungi	p__Ascomycota					
OTU2113	k__Fungi						
OTU2114	k__Fungi						
OTU2115	k__Fungi						
OTU2116	k__Fungi	p__Ascomycota	c__Lecanoromycetes				
OTU2117	k__Fungi	p__Chytridiomycota	c__Chytridiomycota_cls_Incertae_sedis	o__Chytridiomycota_ord_Incertae_sedis	f__Chytridiomycota_fam_Incertae_sedis	g__Chytridiomycota_gen_Incertae_sedis	
OTU2118	k__Fungi						
OTU2119	k__Fungi	p__Ascomycota	c__Lecanoromycetes				
OTU2120	k__Fungi	p__Ascomycota	c__Eurotiomycetes	o__Eurotiales	f__Aspergillaceae	g__Aspergillus	s__ruber
OTU2121	k__Fungi	p__Ascomycota	c__Lecanoromycetes				
OTU2122	k__Fungi	p__Ascomycota	c__Lecanoromycetes				
OTU2123	k__Fungi						
OTU2124	k__Fungi	p__Ascomycota	c__Lecanoromycetes				
OTU2125	k__Fungi	p__Ascomycota	c__Lecanoromycetes				
OTU2126	k__Fungi	p__Ascomycota	c__Lecanoromycetes	o__Pertusariales	f__Pertusariaceae	g__Pertusaria	s__obruta
OTU2127	k__Fungi						
OTU2128	k__Fungi						
OTU2129	k__Fungi						
OTU2130	k__Fungi						
OTU2131	k__Fungi	p__Ascomycota					
OTU2132	k__Fungi						
OTU2133	k__Fungi						
OTU2134	k__Fungi						
OTU2135	k__Fungi						
OTU2136	k__Fungi	p__Ascomycota	c__Lecanoromycetes				
OTU2137	k__Fungi						
OTU2138	k__Fungi	p__Ascomycota	c__Lecanoromycetes				
OTU2139	k__Fungi	p__Ascomycota	c__Lecanoromycetes				
OTU2140	k__Fungi	p__Ascomycota					
OTU2141	k__Fungi	p__Ascomycota					
OTU2142	k__Fungi	p__Chytridiomycota					
OTU2143	k__Fungi						
OTU2144	k__Fungi	p__Ascomycota					
OTU2145	k__Fungi	p__Ascomycota					
OTU2146	k__Fungi	p__Ascomycota					
OTU2147	k__Fungi	p__Chytridiomycota					
OTU2148	k__Fungi						
OTU2149	k__Fungi	p__Ascomycota					
OTU2150	k__Fungi	p__Ascomycota	c__Lecanoromycetes				
OTU2151	k__Fungi						
OTU2152	k__Fungi						
OTU2153	k__Fungi	p__Ascomycota					
OTU2154	k__Fungi	p__Ascomycota	c__Lecanoromycetes				
OTU2155	k__Fungi						
OTU2156	k__Fungi	p__Ascomycota					
OTU2157	k__Fungi	p__Ascomycota	c__Lecanoromycetes				
OTU2158	k__Fungi						
OTU2159	k__Fungi	p__Ascomycota	c__Lecanoromycetes				
OTU2160	k__Fungi						
OTU2161	k__Fungi	p__Ascomycota	c__Lecanoromycetes	o__Pertusariales	f__Pertusariaceae	g__Pertusaria	s__obruta
OTU2162	k__Fungi						
OTU2163	k__Fungi	p__Ascomycota					
OTU2164	k__Fungi						
OTU2165	k__Fungi	p__Ascomycota					
OTU2166	k__Fungi						
OTU2167	k__Fungi						
OTU2168	k__Fungi						
OTU2169	k__Fungi						
OTU2170	k__Fungi						
OTU2171	k__Fungi						
OTU2172	k__Fungi	p__Ascomycota	c__Lecanoromycetes	o__Pertusariales	f__Pertusariaceae	g__Pertusaria	s__obruta
OTU2173	k__Fungi						
OTU2174	k__Fungi	p__Ascomycota					
OTU2175	k__Fungi	p__Ascomycota					
OTU2176	k__Fungi	p__Ascomycota	c__Lecanoromycetes	o__Pertusariales	f__Pertusariaceae	g__Pertusaria	s__obruta
OTU2177	k__Fungi						
OTU2178	k__Fungi	p__Ascomycota	c__Lecanoromycetes				
OTU2179	k__Fungi	p__Chytridiomycota					
OTU2180	k__Fungi	p__Ascomycota	c__Lecanoromycetes	o__Pertusariales	f__Pertusariaceae	g__Pertusaria	s__obruta
OTU2181	k__Fungi						
OTU2182	k__Fungi						
OTU2183	k__Fungi	p__Ascomycota	c__Lecanoromycetes				
OTU2184	k__Fungi	p__Ascomycota	c__Lecanoromycetes				
OTU2185	k__Fungi						
OTU2186	k__Fungi	p__Chytridiomycota					
OTU2187	k__Fungi						
OTU2188	k__Fungi						
OTU2189	k__Fungi						
OTU2190	k__Fungi	p__Chytridiomycota	c__Chytridiomycota_cls_Incertae_sedis	o__Chytridiomycota_ord_Incertae_sedis	f__Chytridiomycota_fam_Incertae_sedis	g__Chytridiomycota_gen_Incertae_sedis	
OTU2191	k__Fungi						
OTU2192	k__Fungi	p__Basidiomycota	c__Microbotryomycetes	o__Sporidiobolales	f__Sporidiobolaceae	g__Rhodosporidiobolus	s__colostri
OTU2193	k__Fungi						
OTU2194	k__Fungi	p__Chytridiomycota	c__Chytridiomycota_cls_Incertae_sedis	o__Chytridiomycota_ord_Incertae_sedis	f__Chytridiomycota_fam_Incertae_sedis	g__Chytridiomycota_gen_Incertae_sedis	
OTU2195	k__Fungi						
OTU2196	k__Fungi						
OTU2197	k__Fungi						
OTU2198	k__Fungi	p__Ascomycota	c__Lecanoromycetes				
OTU2199	k__Fungi	p__Ascomycota					
OTU2200	k__Fungi	p__Ascomycota	c__Lecanoromycetes				
OTU2201	k__Fungi	p__Ascomycota	c__Lecanoromycetes				
OTU2202	k__Fungi	p__Ascomycota	c__Lecanoromycetes				
OTU2203	k__Fungi						
OTU2204	k__Fungi	p__Ascomycota	c__Lecanoromycetes				
OTU2205	k__Fungi						
OTU2206	k__Fungi	p__Ascomycota					
OTU2207	k__Fungi						
OTU2208	k__Fungi	p__Ascomycota	c__Lecanoromycetes	o__Pertusariales	f__Pertusariaceae	g__Pertusaria	s__obruta
OTU2209	k__Fungi						
OTU2210	k__Fungi						
OTU2211	k__Fungi						
OTU2212	k__Fungi	p__Ascomycota	c__Lecanoromycetes				
OTU2213	k__Fungi	p__Ascomycota	c__Lecanoromycetes	o__Pertusariales	f__Pertusariaceae	g__Pertusaria	s__obruta
OTU2214	k__Fungi	p__Ascomycota	c__Lecanoromycetes	o__Graphidales	f__Gomphillaceae	g__Gomphillus	s__calycioides
OTU2215	k__Fungi						
OTU2216	k__Fungi						
OTU2217	k__Fungi						
OTU2218	k__Fungi						
OTU2219	k__Fungi	p__Chytridiomycota	c__Chytridiomycota_cls_Incertae_sedis	o__Chytridiomycota_ord_Incertae_sedis	f__Chytridiomycota_fam_Incertae_sedis	g__Chytridiomycota_gen_Incertae_sedis	
OTU2220	k__Fungi						
OTU2221	k__Fungi	p__Ascomycota					
OTU2222	k__Fungi						
OTU2223	k__Fungi	p__Ascomycota	c__Lecanoromycetes				
OTU2224	k__Fungi	p__Ascomycota	c__Lecanoromycetes				
OTU2225	k__Fungi	p__Ascomycota	c__Lecanoromycetes				
OTU2226	k__Fungi	p__Ascomycota					
OTU2227	k__Fungi						
OTU2228	k__Fungi	p__Ascomycota					
OTU2229	k__Fungi	p__Ascomycota	c__Lecanoromycetes				
OTU2230	k__Fungi	p__Ascomycota	c__Lecanoromycetes				
OTU2231	k__Fungi	p__Ascomycota					
OTU2232	k__Fungi	p__Chytridiomycota	c__Chytridiomycota_cls_Incertae_sedis	o__Chytridiomycota_ord_Incertae_sedis	f__Chytridiomycota_fam_Incertae_sedis	g__Chytridiomycota_gen_Incertae_sedis	
OTU2233	k__Fungi						
OTU2234	k__Fungi						
OTU2235	k__Fungi						
OTU2236	k__Fungi	p__Ascomycota	c__Leotiomycetes	o__Helotiales	f__Erysiphaceae	g__Blumeria	s__americana
OTU2237	k__Fungi						
OTU2238	k__Fungi	p__Ascomycota	c__Lecanoromycetes				
OTU2239	k__Fungi						
OTU2240	k__Fungi						
OTU2241	k__Fungi						
OTU2242	k__Fungi						
OTU2243	k__Fungi	p__Ascomycota	c__Lecanoromycetes				
OTU2244	k__Fungi	p__Ascomycota	c__Lecanoromycetes	o__Pertusariales	f__Pertusariaceae	g__Pertusaria	s__obruta
OTU2245	k__Fungi						
OTU2246	k__Fungi	p__Chytridiomycota	c__Chytridiomycota_cls_Incertae_sedis	o__Chytridiomycota_ord_Incertae_sedis	f__Chytridiomycota_fam_Incertae_sedis	g__Chytridiomycota_gen_Incertae_sedis	
OTU2247	k__Fungi						
OTU2248	k__Fungi						
OTU2249	k__Fungi						
OTU2250	k__Fungi	p__Ascomycota					
OTU2251	k__Fungi	p__Ascomycota					
OTU2252	k__Fungi						
OTU2253	k__Fungi						
OTU2254	k__Fungi						
OTU2255	k__Fungi						
OTU2256	k__Fungi	p__Ascomycota	c__Lecanoromycetes				
OTU2257	k__Fungi	p__Chytridiomycota					
OTU2258	k__Fungi	p__Ascomycota					
OTU2259	k__Fungi						
OTU2260	k__Fungi						
OTU2261	k__Fungi						
OTU2262	k__Fungi						
OTU2263	k__Fungi	p__Chytridiomycota					
OTU2264	k__Fungi						
OTU2265	k__Fungi						
OTU2266	k__Fungi						
OTU2267	k__Fungi	p__Ascomycota	c__Lecanoromycetes				
OTU2268	k__Fungi	p__Ascomycota					
OTU2269	k__Fungi						
OTU2270	k__Fungi	p__Ascomycota	c__Lecanoromycetes				
OTU2271	k__Fungi	p__Ascomycota					
OTU2272	k__Fungi						
OTU2273	k__Fungi	p__Ascomycota					
OTU2274	k__Fungi	p__Ascomycota	c__Lecanoromycetes				
OTU2275	k__Fungi						
OTU2276	k__Fungi						
OTU2277	k__Fungi	p__Ascomycota					
OTU2278	k__Fungi	p__Ascomycota					
OTU2279	k__Fungi	p__Ascomycota	c__Eurotiomycetes	o__Eurotiales	f__Aspergillaceae	g__Aspergillus	s__sydowii
OTU2280	k__Fungi						
OTU2281	k__Fungi	p__Ascomycota	c__Lecanoromycetes				
OTU2282	k__Fungi						
OTU2283	k__Fungi						
OTU2284	k__Fungi	p__Ascomycota					
OTU2285	k__Fungi						
OTU2286	k__Fungi						
OTU2287	k__Fungi						
OTU2288	k__Fungi						
OTU2289	k__Fungi						
OTU2290	k__Fungi	p__Ascomycota					
OTU2291	k__Fungi	p__Ascomycota	c__Lecanoromycetes				
OTU2292	k__Fungi	p__Ascomycota	c__Lecanoromycetes				
OTU2293	k__Fungi	p__Ascomycota					
OTU2294	k__Fungi	p__Ascomycota	c__Lecanoromycetes				
OTU2295	k__Fungi	p__Ascomycota	c__Lecanoromycetes				
OTU2296	k__Fungi	p__Ascomycota					
OTU2297	k__Fungi	p__Ascomycota	c__Lecanoromycetes				
OTU2298	k__Fungi	p__Ascomycota					
OTU2299	k__Fungi	p__Ascomycota	c__Lecanoromycetes	o__Pertusariales	f__Pertusariaceae	g__Pertusaria	s__obruta
OTU2300	k__Fungi						
OTU2301	k__Fungi	p__Ascomycota	c__Lecanoromycetes				
OTU2302	k__Fungi						
OTU2303	k__Fungi						
OTU2304	k__Fungi						
OTU2305	k__Fungi	p__Ascomycota	c__Lecanoromycetes				
OTU2306	k__Fungi						
OTU2307	k__Fungi	p__Ascomycota	c__Lecanoromycetes	o__Pertusariales	f__Pertusariaceae	g__Pertusaria	s__obruta
OTU2308	k__Fungi						
OTU2309	k__Fungi	p__Ascomycota					
OTU2310	k__Fungi	p__Ascomycota					
OTU2311	k__Fungi	p__Chytridiomycota					
OTU2312	k__Fungi						
OTU2313	k__Fungi	p__Ascomycota	c__Lecanoromycetes				
OTU2314	k__Fungi						
OTU2315	k__Fungi						
OTU2316	k__Fungi	p__Ascomycota					
OTU2317	k__Fungi						
OTU2318	k__Fungi						
OTU2319	k__Fungi	p__Ascomycota					
OTU2320	k__Fungi	p__Ascomycota					
OTU2321	k__Fungi	p__Ascomycota	c__Lecanoromycetes				
OTU2322	k__Fungi						
OTU2323	k__Fungi						
OTU2324	k__Fungi	p__Ascomycota	c__Lecanoromycetes				
OTU2325	k__Fungi						
OTU2326	k__Fungi	p__Ascomycota	c__Lecanoromycetes				
OTU2327	k__Fungi						
OTU2328	k__Fungi						
OTU2329	k__Fungi						
OTU2330	k__Fungi						
OTU2331	k__Fungi						
OTU2332	k__Fungi						
OTU2333	k__Fungi	p__Ascomycota	c__Dothideomycetes	o__Pleosporales	f__Pleosporaceae	g__Alternaria	s__arborescens
OTU2334	k__Fungi						
OTU2335	k__Fungi	p__Ascomycota	c__Lecanoromycetes				
OTU2336	k__Fungi	p__Ascomycota					
OTU2337	k__Fungi	p__Ascomycota	c__Lecanoromycetes	o__Pertusariales	f__Pertusariaceae	g__Pertusaria	s__obruta
OTU2338	k__Fungi	p__Ascomycota	c__Lecanoromycetes	o__Caliciales	f__Physciaceae	g__Kurokawia	s__palmulata
OTU2339	k__Fungi						
OTU2340	k__Fungi						
OTU2341	k__Fungi	p__Ascomycota	c__Lecanoromycetes				
OTU2342	k__Fungi	p__Ascomycota	c__Eurotiomycetes	o__Eurotiales	f__Aspergillaceae	g__Aspergillus	s__flavus
OTU2343	k__Fungi	p__Ascomycota					
OTU2344	k__Fungi	p__Ascomycota	c__Lecanoromycetes				
OTU2345	k__Fungi	p__Chytridiomycota	c__Chytridiomycota_cls_Incertae_sedis	o__Chytridiomycota_ord_Incertae_sedis	f__Chytridiomycota_fam_Incertae_sedis	g__Chytridiomycota_gen_Incertae_sedis	
OTU2346	k__Fungi	p__Ascomycota	c__Dothideomycetes	o__Pleosporales	f__Didymellaceae	g__Nothophoma	s__taboriae
OTU2347	k__Fungi						
OTU2348	k__Fungi	p__Chytridiomycota					
OTU2349	k__Fungi	p__Ascomycota	c__Lecanoromycetes				
OTU2350	k__Fungi						
OTU2351	k__Fungi	p__Ascomycota	c__Lecanoromycetes				
OTU2352	k__Fungi	p__Ascomycota	c__Lecanoromycetes				
OTU2353	k__Fungi						
OTU2354	k__Fungi						
OTU2355	k__Fungi	p__Chytridiomycota	c__Chytridiomycota_cls_Incertae_sedis	o__Chytridiomycota_ord_Incertae_sedis	f__Chytridiomycota_fam_Incertae_sedis	g__Chytridiomycota_gen_Incertae_sedis	
OTU2356	k__Fungi						
OTU2357	k__Fungi						
OTU2358	k__Fungi	p__Ascomycota	c__Lecanoromycetes				
OTU2359	k__Fungi						
OTU2360	k__Fungi	p__Ascomycota	c__Lecanoromycetes				
OTU2361	k__Fungi	p__Ascomycota	c__Lecanoromycetes	o__Pertusariales	f__Pertusariaceae	g__Pertusaria	s__obruta
OTU2362	k__Fungi						
OTU2363	k__Fungi						
OTU2364	k__Fungi						
OTU2365	k__Fungi						
OTU2366	k__Fungi	p__Ascomycota					
OTU2367	k__Fungi	p__Ascomycota	c__Lecanoromycetes	o__Pertusariales	f__Pertusariaceae	g__Pertusaria	s__obruta
OTU2368	k__Fungi	p__Ascomycota	c__Lecanoromycetes				
OTU2369	k__Fungi	p__Ascomycota	c__Lecanoromycetes	o__Pertusariales	f__Pertusariaceae	g__Pertusaria	s__obruta
OTU2370	k__Fungi	p__Ascomycota	c__Lecanoromycetes	o__Pertusariales	f__Pertusariaceae	g__Pertusaria	s__obruta
OTU2371	k__Fungi	p__Chytridiomycota					
OTU2372	k__Fungi	p__Ascomycota	c__Lecanoromycetes	o__Graphidales	f__Gomphillaceae	g__Gomphillus	
OTU2373	k__Fungi						
OTU2374	k__Fungi	p__Ascomycota	c__Lecanoromycetes				
OTU2375	k__Fungi	p__Ascomycota	c__Lecanoromycetes	o__Pertusariales	f__Pertusariaceae	g__Pertusaria	s__obruta
OTU2376	k__Fungi						
OTU2377	k__Fungi						
OTU2378	k__Fungi	p__Ascomycota	c__Lecanoromycetes				
OTU2379	k__Fungi						
OTU2380	k__Fungi						
OTU2381	k__Fungi						
OTU2382	k__Fungi						
OTU2383	k__Fungi	p__Ascomycota	c__Lecanoromycetes				
OTU2384	k__Fungi	p__Ascomycota	c__Saccharomycetes	o__Saccharomycetales	f__Saccharomycetales_fam_Incertae_sedis	g__Candida	
OTU2385	k__Fungi						
OTU2386	k__Fungi	p__Mucoromycota	c__Mucoromycetes	o__Mucorales	f__Mucoraceae	g__Mucor	s__racemosus
OTU2387	k__Fungi						
OTU2388	k__Fungi						
OTU2389	k__Fungi						
OTU2390	k__Fungi						
OTU2391	k__Fungi	p__Ascomycota	c__Lecanoromycetes	o__Pertusariales	f__Pertusariaceae	g__Pertusaria	s__obruta
OTU2392	k__Fungi	p__Ascomycota	c__Eurotiomycetes	o__Eurotiales	f__Aspergillaceae	g__Aspergillus	
OTU2393	k__Fungi	p__Chytridiomycota					
OTU2394	k__Fungi						
OTU2395	k__Fungi	p__Ascomycota					
OTU2396	k__Fungi	p__Ascomycota					
OTU2397	k__Fungi	p__Ascomycota					
OTU2398	k__Fungi						
OTU2399	k__Fungi	p__Ascomycota					
OTU2400	k__Fungi	p__Ascomycota	c__Lecanoromycetes	o__Pertusariales	f__Pertusariaceae	g__Pertusaria	s__obruta
OTU2401	k__Fungi						
OTU2402	k__Fungi						
OTU2403	k__Fungi						
OTU2404	k__Fungi						
OTU2405	k__Fungi	p__Ascomycota					
OTU2406	k__Fungi	p__Ascomycota	c__Lecanoromycetes				
OTU2407	k__Fungi	p__Ascomycota	c__Lecanoromycetes				
OTU2408	k__Fungi						
OTU2409	k__Fungi						
OTU2410	k__Fungi						
OTU2411	k__Fungi						
OTU2412	k__Fungi						
OTU2413	k__Fungi						
OTU2414	k__Fungi						
OTU2415	k__Fungi						
OTU2416	k__Fungi						
OTU2417	k__Fungi	p__Chytridiomycota					
OTU2418	k__Fungi	p__Ascomycota					
OTU2419	k__Fungi	p__Ascomycota					
OTU2420	k__Fungi	p__Ascomycota	c__Lecanoromycetes				
OTU2421	k__Fungi	p__Ascomycota	c__Lecanoromycetes				
OTU2422	k__Fungi						
OTU2423	k__Fungi	p__Ascomycota	c__Lecanoromycetes				
OTU2424	k__Fungi						
OTU2425	k__Fungi	p__Ascomycota					
OTU2426	k__Fungi						
OTU2427	k__Fungi						
OTU2428	k__Fungi	p__Ascomycota					
OTU2429	k__Fungi						
OTU2430	k__Fungi	p__Ascomycota	c__Lecanoromycetes				
OTU2431	k__Fungi						
OTU2432	k__Fungi						
OTU2433	k__Fungi	p__Ascomycota					
OTU2434	k__Fungi	p__Ascomycota					
OTU2435	k__Fungi						
OTU2436	k__Fungi	p__Ascomycota	c__Lecanoromycetes	o__Pertusariales	f__Pertusariaceae	g__Pertusaria	s__obruta
OTU2437	k__Fungi						
OTU2438	k__Fungi						
OTU2439	k__Fungi						
OTU2440	k__Fungi						
OTU2441	k__Fungi	p__Ascomycota	c__Lecanoromycetes	o__Pertusariales	f__Pertusariaceae	g__Pertusaria	s__obruta
OTU2442	k__Fungi	p__Chytridiomycota	c__Chytridiomycota_cls_Incertae_sedis	o__Chytridiomycota_ord_Incertae_sedis	f__Chytridiomycota_fam_Incertae_sedis	g__Chytridiomycota_gen_Incertae_sedis	
OTU2443	k__Fungi	p__Ascomycota	c__Lecanoromycetes				
OTU2444	k__Fungi						
OTU2445	k__Fungi	p__Ascomycota	c__Lecanoromycetes				
OTU2446	k__Fungi	p__Ascomycota	c__Lecanoromycetes	o__Pertusariales	f__Pertusariaceae	g__Pertusaria	s__obruta
OTU2447	k__Fungi	p__Ascomycota	c__Lecanoromycetes	o__Pertusariales	f__Pertusariaceae	g__Pertusaria	s__obruta
OTU2448	k__Fungi	p__Ascomycota	c__Lecanoromycetes				
OTU2449	k__Fungi	p__Ascomycota	c__Lecanoromycetes				
OTU2450	k__Fungi						
OTU2451	k__Fungi						
OTU2452	k__Fungi						
OTU2453	k__Fungi	p__Ascomycota					
OTU2454	k__Fungi	p__Ascomycota					
OTU2455	k__Fungi	p__Ascomycota	c__Lecanoromycetes	o__Pertusariales	f__Pertusariaceae	g__Pertusaria	s__obruta
OTU2456	k__Fungi	p__Chytridiomycota					
OTU2457	k__Fungi						
OTU2458	k__Fungi	p__Ascomycota					
OTU2459	k__Fungi						
OTU2460	k__Fungi	p__Ascomycota	c__Lecanoromycetes	o__Pertusariales	f__Pertusariaceae	g__Pertusaria	s__obruta
OTU2461	k__Fungi	p__Ascomycota					
OTU2462	k__Fungi	p__Ascomycota	c__Lecanoromycetes				
OTU2463	k__Fungi	p__Ascomycota	c__Lecanoromycetes				
OTU2464	k__Fungi	p__Chytridiomycota	c__Chytridiomycota_cls_Incertae_sedis	o__Chytridiomycota_ord_Incertae_sedis	f__Chytridiomycota_fam_Incertae_sedis	g__Chytridiomycota_gen_Incertae_sedis	
OTU2465	k__Fungi						
OTU2466	k__Fungi	p__Ascomycota					
OTU2467	k__Fungi	p__Ascomycota	c__Dothideomycetes	o__Pleosporales	f__Pleosporaceae	g__Alternaria	s__crassa
OTU2468	k__Fungi						
OTU2469	k__Fungi						
OTU2470	k__Fungi						
OTU2471	k__Fungi	p__Chytridiomycota					
OTU2472	k__Fungi	p__Ascomycota					
OTU2473	k__Fungi	p__Chytridiomycota	c__Chytridiomycota_cls_Incertae_sedis	o__Chytridiomycota_ord_Incertae_sedis	f__Chytridiomycota_fam_Incertae_sedis	g__Chytridiomycota_gen_Incertae_sedis	
OTU2474	k__Fungi						
OTU2475	k__Fungi	p__Ascomycota	c__Lecanoromycetes				
OTU2476	k__Fungi	p__Ascomycota	c__Lecanoromycetes				
OTU2477	k__Fungi						
OTU2478	k__Fungi						
OTU2479	k__Fungi	p__Ascomycota	c__Lecanoromycetes	o__Pertusariales	f__Pertusariaceae	g__Pertusaria	s__obruta
OTU2480	k__Fungi						
OTU2481	k__Fungi	p__Ascomycota	c__Lecanoromycetes				
OTU2482	k__Fungi	p__Ascomycota	c__Dothideomycetes	o__Pleosporales	f__Pleosporaceae	g__Pyrenophora	
OTU2483	k__Fungi	p__Ascomycota					
OTU2484	k__Fungi	p__Ascomycota	c__Lecanoromycetes				
OTU2485	k__Fungi	p__Ascomycota	c__Lecanoromycetes				
OTU2486	k__Fungi						
OTU2487	k__Fungi						
OTU2488	k__Fungi	p__Ascomycota					
OTU2489	k__Fungi	p__Ascomycota					
OTU2490	k__Fungi						
OTU2491	k__Fungi	p__Ascomycota					
OTU2492	k__Fungi						
OTU2493	k__Fungi						
OTU2494	k__Fungi	p__Ascomycota					
OTU2495	k__Fungi						
OTU2496	k__Fungi	p__Ascomycota					
OTU2497	k__Fungi	p__Ascomycota	c__Lecanoromycetes				
OTU2498	k__Fungi	p__Ascomycota					
OTU2499	k__Fungi						
OTU2500	k__Fungi	p__Ascomycota	c__Lecanoromycetes				
OTU2501	k__Fungi	p__Ascomycota					
OTU2502	k__Fungi						
OTU2503	k__Fungi	p__Ascomycota	c__Lecanoromycetes				
OTU2504	k__Fungi						
OTU2505	k__Fungi	p__Ascomycota	c__Lecanoromycetes	o__Pertusariales	f__Pertusariaceae	g__Pertusaria	s__obruta
OTU2506	k__Fungi						
OTU2507	k__Fungi	p__Ascomycota					
OTU2508	k__Fungi						
OTU2509	k__Fungi						
OTU2510	k__Fungi						
OTU2511	k__Fungi	p__Ascomycota	c__Lecanoromycetes				
OTU2512	k__Fungi	p__Chytridiomycota					
OTU2513	k__Fungi						
OTU2514	k__Fungi	p__Chytridiomycota					
OTU2515	k__Fungi	p__Ascomycota					
OTU2516	k__Fungi	p__Ascomycota					
OTU2517	k__Fungi	p__Chytridiomycota					
OTU2518	k__Fungi	p__Ascomycota	c__Lecanoromycetes	o__Pertusariales	f__Pertusariaceae	g__Pertusaria	s__obruta
OTU2519	k__Fungi						
OTU2520	k__Fungi	p__Ascomycota	c__Lecanoromycetes	o__Pertusariales	f__Pertusariaceae	g__Pertusaria	s__obruta
OTU2521	k__Fungi						
OTU2522	k__Fungi	p__Ascomycota	c__Lecanoromycetes				
OTU2523	k__Fungi						
OTU2524	k__Fungi	p__Ascomycota					
OTU2525	k__Fungi						
OTU2526	k__Fungi						
OTU2527	k__Fungi	p__Ascomycota					
OTU2528	k__Fungi	p__Ascomycota	c__Lecanoromycetes	o__Pertusariales	f__Pertusariaceae	g__Pertusaria	s__obruta
OTU2529	k__Fungi	p__Ascomycota	c__Lecanoromycetes				
OTU2530	k__Fungi	p__Ascomycota					
OTU2531	k__Fungi	p__Ascomycota					
OTU2532	k__Fungi	p__Ascomycota	c__Lecanoromycetes				
OTU2533	k__Fungi						
OTU2534	k__Fungi	p__Ascomycota					
OTU2535	k__Fungi						
OTU2536	k__Fungi	p__Ascomycota	c__Lecanoromycetes				
OTU2537	k__Fungi						
OTU2538	k__Fungi	p__Ascomycota	c__Lecanoromycetes				
OTU2539	k__Fungi	p__Ascomycota	c__Lecanoromycetes				
OTU2540	k__Fungi	p__Ascomycota					
OTU2541	k__Fungi	p__Ascomycota					
OTU2542	k__Fungi						
OTU2543	k__Fungi						
OTU2544	k__Fungi						
OTU2545	k__Fungi	p__Ascomycota	c__Lecanoromycetes				
OTU2546	k__Fungi	p__Ascomycota	c__Lecanoromycetes	o__Pertusariales	f__Pertusariaceae	g__Pertusaria	s__obruta
OTU2547	k__Fungi						
OTU2548	k__Fungi						
OTU2549	k__Fungi						
OTU2550	k__Fungi						
OTU2551	k__Fungi	p__Chytridiomycota	c__Chytridiomycota_cls_Incertae_sedis	o__Chytridiomycota_ord_Incertae_sedis	f__Chytridiomycota_fam_Incertae_sedis	g__Chytridiomycota_gen_Incertae_sedis	
OTU2552	k__Fungi	p__Chytridiomycota					
OTU2553	k__Fungi	p__Ascomycota	c__Lecanoromycetes	o__Pertusariales	f__Pertusariaceae	g__Pertusaria	s__obruta
OTU2554	k__Fungi	p__Ascomycota					
OTU2555	k__Fungi						
OTU2556	k__Fungi	p__Ascomycota					
OTU2557	k__Fungi	p__Ascomycota	c__Lecanoromycetes				
OTU2558	k__Fungi	p__Ascomycota	c__Lecanoromycetes				
OTU2559	k__Fungi	p__Ascomycota					
OTU2560	k__Fungi						
OTU2561	k__Fungi	p__Ascomycota	c__Lecanoromycetes				
OTU2562	k__Fungi						
OTU2563	k__Fungi						
OTU2564	k__Fungi						
OTU2565	k__Fungi						
OTU2566	k__Fungi	p__Ascomycota	c__Lecanoromycetes				
OTU2567	k__Fungi	p__Ascomycota	c__Lecanoromycetes				
OTU2568	k__Fungi	p__Ascomycota	c__Lecanoromycetes				
OTU2569	k__Fungi	p__Ascomycota					
OTU2570	k__Fungi						
OTU2571	k__Fungi	p__Ascomycota	c__Lecanoromycetes				
OTU2572	k__Fungi	p__Chytridiomycota					
OTU2573	k__Fungi	p__Ascomycota					
OTU2574	k__Fungi						
OTU2575	k__Fungi	p__Ascomycota					
OTU2576	k__Fungi						
OTU2577	k__Fungi	p__Ascomycota	c__Lecanoromycetes				
OTU2578	k__Fungi	p__Chytridiomycota					
OTU2579	k__Fungi	p__Ascomycota					
OTU2580	k__Fungi	p__Ascomycota	c__Lecanoromycetes				
OTU2581	k__Fungi						
OTU2582	k__Fungi						
OTU2583	k__Fungi						
OTU2584	k__Fungi						
OTU2585	k__Fungi						
OTU2586	k__Fungi						
OTU2587	k__Fungi						
OTU2588	k__Fungi	p__Ascomycota					
OTU2589	k__Fungi	p__Ascomycota					
OTU2590	k__Fungi	p__Ascomycota	c__Lecanoromycetes				
OTU2591	k__Fungi	p__Ascomycota					
OTU2592	k__Fungi	p__Ascomycota					
OTU2593	k__Fungi						
OTU2594	k__Fungi						
OTU2595	k__Fungi	p__Chytridiomycota	c__Chytridiomycota_cls_Incertae_sedis	o__Chytridiomycota_ord_Incertae_sedis	f__Chytridiomycota_fam_Incertae_sedis	g__Chytridiomycota_gen_Incertae_sedis	
OTU2596	k__Fungi						
OTU2597	k__Fungi						
OTU2598	k__Fungi						
OTU2599	k__Fungi	p__Ascomycota	c__Lecanoromycetes				
OTU2600	k__Fungi	p__Chytridiomycota					
OTU2601	k__Fungi						
OTU2602	k__Fungi						
OTU2603	k__Fungi	p__Ascomycota					
OTU2604	k__Fungi	p__Ascomycota					
OTU2605	k__Fungi						
OTU2606	k__Fungi	p__Ascomycota					
OTU2607	k__Fungi						
OTU2608	k__Fungi						
OTU2609	k__Fungi						
OTU2610	k__Fungi	p__Ascomycota					
OTU2611	k__Fungi	p__Ascomycota	c__Lecanoromycetes	o__Pertusariales	f__Pertusariaceae	g__Pertusaria	s__obruta
OTU2612	k__Fungi	p__Ascomycota	c__Lecanoromycetes				
OTU2613	k__Fungi	p__Ascomycota	c__Lecanoromycetes	o__Pertusariales	f__Pertusariaceae	g__Pertusaria	s__obruta
OTU2614	k__Fungi						
OTU2615	k__Fungi	p__Chytridiomycota					
OTU2616	k__Fungi	p__Ascomycota	c__Lecanoromycetes				
OTU2617	k__Fungi	p__Ascomycota					
OTU2618	k__Fungi	p__Ascomycota					
OTU2619	k__Fungi	p__Chytridiomycota					
OTU2620	k__Fungi	p__Ascomycota					
OTU2621	k__Fungi	p__Ascomycota	c__Lecanoromycetes				
OTU2622	k__Fungi	p__Ascomycota					
OTU2623	k__Fungi	p__Chytridiomycota					
OTU2624	k__Fungi						
OTU2625	k__Fungi						
OTU2626	k__Fungi						
OTU2627	k__Fungi						
OTU2628	k__Fungi						
OTU2629	k__Fungi	p__Ascomycota	c__Lecanoromycetes				
OTU2630	k__Fungi						
OTU2631	k__Fungi						
OTU2632	k__Fungi	p__Ascomycota					
OTU2633	k__Fungi	p__Ascomycota					
OTU2634	k__Fungi						
OTU2635	k__Fungi	p__Ascomycota					
OTU2636	k__Fungi						
OTU2637	k__Fungi	p__Ascomycota					
OTU2638	k__Fungi						
OTU2639	k__Fungi						
OTU2640	k__Fungi	p__Ascomycota	c__Lecanoromycetes				
OTU2641	k__Fungi						
OTU2642	k__Fungi						
OTU2643	k__Fungi	p__Ascomycota	c__Lecanoromycetes	o__Pertusariales	f__Pertusariaceae	g__Pertusaria	s__obruta
OTU2644	k__Fungi	p__Ascomycota	c__Lecanoromycetes				
OTU2645	k__Fungi						
OTU2646	k__Fungi						
OTU2647	k__Fungi	p__Ascomycota	c__Lecanoromycetes				
OTU2648	k__Fungi	p__Ascomycota	c__Lecanoromycetes	o__Pertusariales	f__Pertusariaceae	g__Pertusaria	s__obruta
OTU2649	k__Fungi	p__Ascomycota	c__Lecanoromycetes				
OTU2650	k__Fungi	p__Chytridiomycota	c__Chytridiomycota_cls_Incertae_sedis	o__Chytridiomycota_ord_Incertae_sedis	f__Chytridiomycota_fam_Incertae_sedis	g__Chytridiomycota_gen_Incertae_sedis	
OTU2651	k__Fungi	p__Ascomycota					
OTU2652	k__Fungi	p__Chytridiomycota					
OTU2653	k__Fungi						
OTU2654	k__Fungi						
OTU2655	k__Fungi						
OTU2656	k__Fungi	p__Ascomycota					
OTU2657	k__Fungi						
OTU2658	k__Fungi	p__Ascomycota	c__Lecanoromycetes	o__Caliciales	f__Physciaceae	g__Kurokawia	s__palmulata
OTU2659	k__Fungi	p__Ascomycota					
OTU2660	k__Fungi						
OTU2661	k__Fungi						
OTU2662	k__Fungi						
OTU2663	k__Fungi						
OTU2664	k__Fungi	p__Ascomycota					
OTU2665	k__Fungi	p__Ascomycota					
OTU2666	k__Fungi	p__Chytridiomycota					
OTU2667	k__Fungi	p__Ascomycota					
OTU2668	k__Fungi	p__Chytridiomycota	c__Chytridiomycota_cls_Incertae_sedis	o__Chytridiomycota_ord_Incertae_sedis	f__Chytridiomycota_fam_Incertae_sedis	g__Chytridiomycota_gen_Incertae_sedis	
OTU2669	k__Fungi						
OTU2670	k__Fungi	p__Ascomycota	c__Lecanoromycetes				
OTU2671	k__Fungi	p__Ascomycota					
OTU2672	k__Fungi						
OTU2673	k__Fungi	p__Ascomycota	c__Lecanoromycetes				
OTU2674	k__Fungi	p__Ascomycota	c__Lecanoromycetes				
OTU2675	k__Fungi	p__Ascomycota					
OTU2676	k__Fungi						
OTU2677	k__Fungi						
OTU2678	k__Fungi						
OTU2679	k__Fungi	p__Ascomycota	c__Lecanoromycetes	o__Pertusariales	f__Pertusariaceae	g__Pertusaria	s__obruta
OTU2680	k__Fungi						
OTU2681	k__Fungi	p__Ascomycota					
OTU2682	k__Fungi						
OTU2683	k__Fungi						
OTU2684	k__Fungi						
OTU2685	k__Fungi						
OTU2686	k__Fungi	p__Chytridiomycota					
OTU2687	k__Fungi						
OTU2688	k__Fungi						
OTU2689	k__Fungi						
OTU2690	k__Fungi						
OTU2691	k__Fungi						
OTU2692	k__Fungi	p__Ascomycota	c__Lecanoromycetes	o__Graphidales	f__Gomphillaceae	g__Gomphillus	
OTU2693	k__Fungi	p__Ascomycota	c__Lecanoromycetes				
OTU2694	k__Fungi						
OTU2695	k__Fungi	p__Ascomycota					
OTU2696	k__Fungi	p__Ascomycota	c__Lecanoromycetes				
OTU2697	k__Fungi	p__Chytridiomycota					
OTU2698	k__Fungi	p__Chytridiomycota					
OTU2699	k__Fungi	p__Ascomycota	c__Lecanoromycetes				
OTU2700	k__Fungi						
OTU2701	k__Fungi	p__Ascomycota					
OTU2702	k__Fungi						
OTU2703	k__Fungi						
OTU2704	k__Fungi						
OTU2705	k__Fungi	p__Ascomycota					
OTU2706	k__Fungi						
OTU2707	k__Fungi	p__Ascomycota	c__Lecanoromycetes				
OTU2708	k__Fungi	p__Ascomycota	c__Lecanoromycetes				
OTU2709	k__Fungi	p__Ascomycota	c__Lecanoromycetes				
OTU2710	k__Fungi	p__Ascomycota	c__Lecanoromycetes				
OTU2711	k__Fungi						
OTU2712	k__Fungi						
OTU2713	k__Fungi	p__Ascomycota	c__Lecanoromycetes				
OTU2714	k__Fungi	p__Ascomycota	c__Lecanoromycetes				
OTU2715	k__Fungi	p__Ascomycota	c__Lecanoromycetes				
OTU2716	k__Fungi						
OTU2717	k__Fungi						
OTU2718	k__Fungi	p__Ascomycota					
OTU2719	k__Fungi	p__Chytridiomycota					
OTU2720	k__Fungi	p__Ascomycota					
OTU2721	k__Fungi						
OTU2722	k__Fungi						
OTU2723	k__Fungi						
OTU2724	k__Fungi	p__Ascomycota	c__Lecanoromycetes				
OTU2725	k__Fungi						
OTU2726	k__Fungi	p__Ascomycota	c__Lecanoromycetes				
OTU2727	k__Fungi						
OTU2728	k__Fungi						
OTU2729	k__Fungi						
OTU2730	k__Fungi						
OTU2731	k__Fungi	p__Ascomycota	c__Lecanoromycetes				
OTU2732	k__Fungi	p__Chytridiomycota					
OTU2733	k__Fungi						
OTU2734	k__Fungi						
OTU2735	k__Fungi						
OTU2736	k__Fungi						
OTU2737	k__Fungi	p__Ascomycota	c__Lecanoromycetes				
OTU2738	k__Fungi	p__Ascomycota					
OTU2739	k__Fungi	p__Ascomycota	c__Lecanoromycetes				
OTU2740	k__Fungi						
OTU2741	k__Fungi						
OTU2742	k__Fungi						
OTU2743	k__Fungi	p__Ascomycota					
OTU2744	k__Fungi	p__Ascomycota	c__Lecanoromycetes				
OTU2745	k__Fungi						
OTU2746	k__Fungi	p__Ascomycota					
OTU2747	k__Fungi	p__Ascomycota	c__Lecanoromycetes				
OTU2748	k__Fungi						
OTU2749	k__Fungi						
OTU2750	k__Fungi	p__Chytridiomycota	c__Chytridiomycota_cls_Incertae_sedis	o__Chytridiomycota_ord_Incertae_sedis	f__Chytridiomycota_fam_Incertae_sedis	g__Chytridiomycota_gen_Incertae_sedis	
OTU2751	k__Fungi						
OTU2752	k__Fungi						
OTU2753	k__Fungi	p__Chytridiomycota	c__Chytridiomycota_cls_Incertae_sedis	o__Chytridiomycota_ord_Incertae_sedis	f__Chytridiomycota_fam_Incertae_sedis	g__Chytridiomycota_gen_Incertae_sedis	
OTU2754	k__Fungi	p__Chytridiomycota	c__Chytridiomycota_cls_Incertae_sedis	o__Chytridiomycota_ord_Incertae_sedis	f__Chytridiomycota_fam_Incertae_sedis	g__Chytridiomycota_gen_Incertae_sedis	
OTU2755	k__Fungi	p__Ascomycota					
OTU2756	k__Fungi	p__Ascomycota					
OTU2757	k__Fungi	p__Ascomycota	c__Lecanoromycetes				
OTU2758	k__Fungi						
OTU2759	k__Fungi	p__Ascomycota					
OTU2760	k__Fungi						
OTU2761	k__Fungi	p__Ascomycota	c__Lecanoromycetes	o__Pertusariales	f__Pertusariaceae	g__Pertusaria	s__obruta
OTU2762	k__Fungi	p__Ascomycota	c__Lecanoromycetes				
OTU2763	k__Fungi	p__Ascomycota	c__Lecanoromycetes				
OTU2764	k__Fungi	p__Ascomycota					
OTU2765	k__Fungi	p__Ascomycota	c__Lecanoromycetes				
OTU2766	k__Fungi						
OTU2767	k__Fungi						
OTU2768	k__Fungi						
OTU2769	k__Fungi	p__Ascomycota					
OTU2770	k__Fungi						
OTU2771	k__Fungi						
OTU2772	k__Fungi	p__Ascomycota	c__Lecanoromycetes	o__Pertusariales	f__Pertusariaceae	g__Pertusaria	s__obruta
OTU2773	k__Fungi	p__Ascomycota	c__Lecanoromycetes				
OTU2774	k__Fungi	p__Ascomycota	c__Lecanoromycetes				
OTU2775	k__Fungi						
OTU2776	k__Fungi	p__Chytridiomycota					
OTU2777	k__Fungi	p__Ascomycota					
OTU2778	k__Fungi	p__Ascomycota					
OTU2779	k__Fungi	p__Ascomycota	c__Lecanoromycetes				
OTU2780	k__Fungi	p__Ascomycota	c__Lecanoromycetes	o__Pertusariales	f__Pertusariaceae	g__Pertusaria	s__obruta
OTU2781	k__Fungi	p__Ascomycota	c__Lecanoromycetes				
OTU2782	k__Fungi	p__Ascomycota	c__Lecanoromycetes				
OTU2783	k__Fungi	p__Ascomycota					
OTU2784	k__Fungi						
OTU2785	k__Fungi						
OTU2786	k__Fungi						
OTU2787	k__Fungi	p__Ascomycota	c__Lecanoromycetes	o__Pertusariales	f__Pertusariaceae	g__Pertusaria	s__obruta
OTU2788	k__Fungi	p__Ascomycota					
OTU2789	k__Fungi						
OTU2790	k__Fungi						
OTU2791	k__Fungi	p__Fungi_phy_Incertae_sedis	c__Fungi_cls_Incertae_sedis	o__Fungi_ord_Incertae_sedis	f__Fungi_fam_Incertae_sedis	g__Fungi_gen_Incertae_sedis	
OTU2792	k__Fungi						
OTU2793	k__Fungi	p__Ascomycota	c__Lecanoromycetes	o__Graphidales	f__Gomphillaceae	g__Gomphillus	s__calycioides
OTU2794	k__Fungi						
OTU2795	k__Fungi						
OTU2796	k__Fungi	p__Ascomycota	c__Lecanoromycetes				
OTU2797	k__Fungi	p__Chytridiomycota	c__Chytridiomycota_cls_Incertae_sedis	o__Chytridiomycota_ord_Incertae_sedis	f__Chytridiomycota_fam_Incertae_sedis	g__Chytridiomycota_gen_Incertae_sedis	
OTU2798	k__Fungi	p__Ascomycota					
OTU2799	k__Fungi						
OTU2800	k__Fungi	p__Ascomycota	c__Lecanoromycetes				
OTU2801	k__Fungi	p__Ascomycota					
OTU2802	k__Fungi	p__Ascomycota					
OTU2803	k__Fungi						
OTU2804	k__Fungi	p__Ascomycota					
OTU2805	k__Fungi						
OTU2806	k__Fungi	p__Ascomycota	c__Lecanoromycetes				
OTU2807	k__Fungi	p__Ascomycota					
OTU2808	k__Fungi	p__Ascomycota					
OTU2809	k__Fungi						
OTU2810	k__Fungi						
OTU2811	k__Fungi						
OTU2812	k__Fungi	p__Ascomycota	c__Lecanoromycetes				
OTU2813	k__Fungi	p__Ascomycota	c__Lecanoromycetes				
OTU2814	k__Fungi	p__Ascomycota	c__Lecanoromycetes				
OTU2815	k__Fungi	p__Ascomycota	c__Lecanoromycetes				
OTU2816	k__Fungi	p__Ascomycota	c__Lecanoromycetes				
OTU2817	k__Fungi	p__Ascomycota					
OTU2818	k__Fungi	p__Ascomycota	c__Lecanoromycetes				
OTU2819	k__Fungi						
OTU2820	k__Fungi						
OTU2821	k__Fungi						
OTU2822	k__Fungi	p__Ascomycota					
OTU2823	k__Fungi						
OTU2824	k__Fungi						
OTU2825	k__Fungi	p__Ascomycota	c__Lecanoromycetes				
OTU2826	k__Fungi	p__Ascomycota					
OTU2827	k__Fungi						
OTU2828	k__Fungi						
OTU2829	k__Fungi	p__Ascomycota	c__Lecanoromycetes	o__Pertusariales	f__Pertusariaceae	g__Pertusaria	s__obruta
OTU2830	k__Fungi						
OTU2831	k__Fungi						
OTU2832	k__Fungi						
OTU2833	k__Fungi						
OTU2834	k__Fungi						
OTU2835	k__Fungi	p__Ascomycota	c__Lecanoromycetes	o__Pertusariales	f__Pertusariaceae	g__Pertusaria	s__obruta
OTU2836	k__Fungi	p__Ascomycota	c__Lecanoromycetes				
OTU2837	k__Fungi	p__Ascomycota	c__Lecanoromycetes				
OTU2838	k__Fungi						
OTU2839	k__Fungi						
OTU2840	k__Fungi						
OTU2841	k__Fungi	p__Ascomycota	c__Lecanoromycetes	o__Pertusariales	f__Pertusariaceae	g__Pertusaria	s__obruta
OTU2842	k__Fungi	p__Ascomycota	c__Lecanoromycetes				
OTU2843	k__Fungi						
OTU2844	k__Fungi						
OTU2845	k__Fungi	p__Ascomycota	c__Lecanoromycetes				
OTU2846	k__Fungi	p__Ascomycota					
OTU2847	k__Fungi	p__Ascomycota					
OTU2848	k__Fungi	p__Ascomycota	c__Lecanoromycetes	o__Pertusariales	f__Pertusariaceae	g__Pertusaria	s__obruta
OTU2849	k__Fungi						
OTU2850	k__Fungi						
OTU2851	k__Fungi						
OTU2852	k__Fungi						
OTU2853	k__Fungi	p__Ascomycota	c__Lecanoromycetes				
OTU2854	k__Fungi	p__Ascomycota	c__Lecanoromycetes	o__Pertusariales	f__Pertusariaceae	g__Pertusaria	s__obruta
OTU2855	k__Fungi	p__Ascomycota	c__Lecanoromycetes	o__Pertusariales	f__Pertusariaceae	g__Pertusaria	s__obruta
OTU2856	k__Fungi	p__Ascomycota	c__Lecanoromycetes				
OTU2857	k__Fungi						
OTU2858	k__Fungi	p__Ascomycota					
OTU2859	k__Fungi	p__Ascomycota					
OTU2860	k__Fungi						
OTU2861	k__Fungi						
OTU2862	k__Fungi						
OTU2863	k__Fungi	p__Chytridiomycota					
OTU2864	k__Fungi						
OTU2865	k__Fungi	p__Ascomycota					
OTU2866	k__Fungi						
OTU2867	k__Fungi						
OTU2868	k__Fungi						
OTU2869	k__Fungi						
OTU2870	k__Fungi						
OTU2871	k__Fungi	p__Fungi_phy_Incertae_sedis	c__Fungi_cls_Incertae_sedis	o__Fungi_ord_Incertae_sedis	f__Fungi_fam_Incertae_sedis	g__Fungi_gen_Incertae_sedis	
OTU2872	k__Fungi						
OTU2873	k__Fungi						
OTU2874	k__Fungi	p__Ascomycota					
OTU2875	k__Fungi						
OTU2876	k__Fungi						
OTU2877	k__Fungi						
OTU2878	k__Fungi						
OTU2879	k__Fungi						
OTU2880	k__Fungi						
OTU2881	k__Fungi						
OTU2882	k__Fungi	p__Ascomycota					
OTU2883	k__Fungi						
OTU2884	k__Fungi						
OTU2885	k__Fungi	p__Ascomycota	c__Lecanoromycetes				
OTU2886	k__Fungi	p__Ascomycota	c__Dothideomycetes	o__Pleosporales	f__Pleosporaceae	g__Alternaria	s__crassa
OTU2887	k__Fungi	p__Chytridiomycota					
OTU2888	k__Fungi	p__Ascomycota	c__Dothideomycetes	o__Cladosporiales	f__Cladosporiaceae	g__Cladosporium	s__subuliforme
OTU2889	k__Fungi	p__Ascomycota	c__Lecanoromycetes				
OTU2890	k__Fungi	p__Ascomycota					
OTU2891	k__Fungi						
OTU2892	k__Fungi						
OTU2893	k__Fungi	p__Ascomycota					
OTU2894	k__Fungi	p__Chytridiomycota					
OTU2895	k__Fungi	p__Chytridiomycota					
OTU2896	k__Fungi						
OTU2897	k__Fungi	p__Ascomycota	c__Lecanoromycetes				
OTU2898	k__Fungi						
OTU2899	k__Fungi	p__Chytridiomycota	c__Chytridiomycota_cls_Incertae_sedis	o__Chytridiomycota_ord_Incertae_sedis	f__Chytridiomycota_fam_Incertae_sedis	g__Chytridiomycota_gen_Incertae_sedis	
OTU2900	k__Fungi	p__Ascomycota	c__Lecanoromycetes				
OTU2901	k__Fungi	p__Ascomycota	c__Lecanoromycetes				
OTU2902	k__Fungi	p__Ascomycota	c__Lecanoromycetes	o__Pertusariales	f__Pertusariaceae	g__Pertusaria	s__obruta
OTU2903	k__Fungi	p__Ascomycota	c__Lecanoromycetes				
OTU2904	k__Fungi	p__Ascomycota					
OTU2905	k__Fungi						
OTU2906	k__Fungi						
OTU2907	k__Fungi	p__Ascomycota	c__Lecanoromycetes				
OTU2908	k__Fungi	p__Chytridiomycota	c__Chytridiomycota_cls_Incertae_sedis	o__Chytridiomycota_ord_Incertae_sedis	f__Chytridiomycota_fam_Incertae_sedis	g__Chytridiomycota_gen_Incertae_sedis	
OTU2909	k__Fungi						
OTU2910	k__Fungi	p__Fungi_phy_Incertae_sedis	c__Fungi_cls_Incertae_sedis	o__Fungi_ord_Incertae_sedis	f__Fungi_fam_Incertae_sedis	g__Fungi_gen_Incertae_sedis	
OTU2911	k__Fungi						
OTU2912	k__Fungi						
OTU2913	k__Fungi						
OTU2914	k__Fungi	p__Ascomycota	c__Lecanoromycetes				
OTU2915	k__Fungi						
OTU2916	k__Fungi	p__Ascomycota					
OTU2917	k__Fungi	p__Ascomycota					
OTU2918	k__Fungi	p__Chytridiomycota					
OTU2919	k__Fungi	p__Ascomycota	c__Lecanoromycetes				
OTU2920	k__Fungi	p__Ascomycota					
OTU2921	k__Fungi						
OTU2922	k__Fungi	p__Ascomycota					
OTU2923	k__Fungi	p__Chytridiomycota					
OTU2924	k__Fungi	p__Ascomycota					
OTU2925	k__Fungi	p__Ascomycota	c__Lecanoromycetes				
OTU2926	k__Fungi	p__Ascomycota	c__Lecanoromycetes				
OTU2927	k__Fungi						
OTU2928	k__Fungi						
OTU2929	k__Fungi	p__Ascomycota					
OTU2930	k__Fungi						
OTU2931	k__Fungi	p__Chytridiomycota					
OTU2932	k__Fungi						
OTU2933	k__Fungi	p__Ascomycota					
OTU2934	k__Fungi	p__Ascomycota	c__Lecanoromycetes				
OTU2935	k__Fungi						
OTU2936	k__Fungi	p__Ascomycota					
OTU2937	k__Fungi						
OTU2938	k__Fungi						
OTU2939	k__Fungi	p__Ascomycota					
OTU2940	k__Fungi						
OTU2941	k__Fungi						
OTU2942	k__Fungi	p__Chytridiomycota					
OTU2943	k__Fungi						
OTU2944	k__Fungi	p__Ascomycota	c__Lecanoromycetes				
OTU2945	k__Fungi						
OTU2946	k__Fungi						
OTU2947	k__Fungi	p__Ascomycota	c__Lecanoromycetes	o__Pertusariales	f__Pertusariaceae	g__Pertusaria	s__obruta
OTU2948	k__Fungi						
OTU2949	k__Fungi						
OTU2950	k__Fungi	p__Ascomycota	c__Lecanoromycetes				
OTU2951	k__Fungi	p__Ascomycota	c__Lecanoromycetes				
OTU2952	k__Fungi	p__Ascomycota					
OTU2953	k__Fungi						
OTU2954	k__Fungi	p__Ascomycota	c__Lecanoromycetes				
OTU2955	k__Fungi						
OTU2956	k__Fungi						
OTU2957	k__Fungi						
OTU2958	k__Fungi						
OTU2959	k__Fungi	p__Ascomycota	c__Lecanoromycetes				
OTU2960	k__Fungi						
OTU2961	k__Fungi						
OTU2962	k__Fungi	p__Ascomycota					
OTU2963	k__Fungi	p__Ascomycota					
OTU2964	k__Fungi	p__Ascomycota	c__Lecanoromycetes	o__Pertusariales	f__Pertusariaceae	g__Pertusaria	s__obruta
OTU2965	k__Fungi	p__Ascomycota	c__Lecanoromycetes				
OTU2966	k__Fungi	p__Ascomycota	c__Lecanoromycetes	o__Pertusariales	f__Pertusariaceae	g__Pertusaria	s__obruta
OTU2967	k__Fungi						
OTU2968	k__Fungi						
OTU2969	k__Fungi	p__Ascomycota					
OTU2970	k__Fungi	p__Basidiomycota	c__Tremellomycetes	o__Filobasidiales	f__Filobasidiaceae	g__Filobasidium	s__floriforme
OTU2971	k__Fungi	p__Ascomycota	c__Lecanoromycetes				
OTU2972	k__Fungi	p__Chytridiomycota					
OTU2973	k__Fungi						
OTU2974	k__Fungi						
OTU2975	k__Fungi						
OTU2976	k__Fungi	p__Ascomycota	c__Lecanoromycetes				
OTU2977	k__Fungi						
OTU2978	k__Fungi	p__Ascomycota					
OTU2979	k__Fungi						
OTU2980	k__Fungi						
OTU2981	k__Fungi						
OTU2982	k__Fungi	p__Ascomycota	c__Lecanoromycetes				
OTU2983	k__Fungi	p__Ascomycota					
OTU2984	k__Fungi	p__Ascomycota	c__Lecanoromycetes				
OTU2985	k__Fungi	p__Ascomycota	c__Lecanoromycetes				
OTU2986	k__Fungi	p__Ascomycota	c__Lecanoromycetes				
OTU2987	k__Fungi	p__Ascomycota					
OTU2988	k__Fungi	p__Ascomycota					
OTU2989	k__Fungi	p__Ascomycota	c__Lecanoromycetes				
OTU2990	k__Fungi	p__Ascomycota					
OTU2991	k__Fungi	p__Ascomycota					
OTU2992	k__Fungi	p__Ascomycota	c__Lecanoromycetes				
OTU2993	k__Fungi	p__Ascomycota					
OTU2994	k__Fungi						
OTU2995	k__Fungi						
OTU2996	k__Fungi						
OTU2997	k__Fungi	p__Ascomycota					
OTU2998	k__Fungi						
OTU2999	k__Fungi	p__Ascomycota	c__Lecanoromycetes				
OTU3000	k__Fungi	p__Ascomycota	c__Dothideomycetes	o__Pleosporales	f__Didymellaceae		
OTU3001	k__Fungi	p__Ascomycota					
OTU3002	k__Fungi						
OTU3003	k__Fungi						
OTU3004	k__Fungi						
OTU3005	k__Fungi	p__Ascomycota	c__Lecanoromycetes				
OTU3006	k__Fungi	p__Ascomycota	c__Lecanoromycetes				
OTU3007	k__Fungi	p__Ascomycota	c__Lecanoromycetes				
OTU3008	k__Fungi	p__Ascomycota	c__Lecanoromycetes				
OTU3009	k__Fungi	p__Chytridiomycota	c__Chytridiomycota_cls_Incertae_sedis	o__Chytridiomycota_ord_Incertae_sedis	f__Chytridiomycota_fam_Incertae_sedis	g__Chytridiomycota_gen_Incertae_sedis	
OTU3010	k__Fungi	p__Ascomycota					
OTU3011	k__Fungi						
OTU3012	k__Fungi	p__Chytridiomycota					
OTU3013	k__Fungi						
OTU3014	k__Fungi	p__Ascomycota					
OTU3015	k__Fungi						
OTU3016	k__Fungi						
OTU3017	k__Fungi	p__Chytridiomycota	c__Chytridiomycota_cls_Incertae_sedis	o__Chytridiomycota_ord_Incertae_sedis	f__Chytridiomycota_fam_Incertae_sedis	g__Chytridiomycota_gen_Incertae_sedis	
OTU3018	k__Fungi						
OTU3019	k__Fungi	p__Ascomycota	c__Lecanoromycetes				
OTU3020	k__Fungi	p__Ascomycota					
OTU3021	k__Fungi	p__Chytridiomycota					
OTU3022	k__Fungi						
OTU3023	k__Fungi	p__Ascomycota					
OTU3024	k__Fungi						
OTU3025	k__Fungi						
OTU3026	k__Fungi						
OTU3027	k__Fungi						
OTU3028	k__Fungi	p__Chytridiomycota	c__Chytridiomycota_cls_Incertae_sedis	o__Chytridiomycota_ord_Incertae_sedis	f__Chytridiomycota_fam_Incertae_sedis	g__Chytridiomycota_gen_Incertae_sedis	
OTU3029	k__Fungi						
OTU3030	k__Fungi						
OTU3031	k__Fungi						
OTU3032	k__Fungi						
OTU3033	k__Fungi	p__Ascomycota					
OTU3034	k__Fungi						
OTU3035	k__Fungi	p__Ascomycota	c__Lecanoromycetes				
OTU3036	k__Fungi	p__Chytridiomycota					
OTU3037	k__Fungi	p__Ascomycota	c__Lecanoromycetes	o__Pertusariales	f__Pertusariaceae	g__Pertusaria	s__obruta
OTU3038	k__Fungi	p__Chytridiomycota	c__Chytridiomycota_cls_Incertae_sedis	o__Chytridiomycota_ord_Incertae_sedis	f__Chytridiomycota_fam_Incertae_sedis	g__Chytridiomycota_gen_Incertae_sedis	
OTU3039	k__Fungi	p__Ascomycota	c__Lecanoromycetes				
OTU3040	k__Fungi	p__Ascomycota					
OTU3041	k__Fungi						
OTU3042	k__Fungi						
OTU3043	k__Fungi	p__Ascomycota	c__Dothideomycetes	o__Pleosporales	f__Pleosporaceae	g__Stemphylium	s__halophilum
OTU3044	k__Fungi	p__Chytridiomycota					
OTU3045	k__Fungi	p__Chytridiomycota	c__Chytridiomycota_cls_Incertae_sedis	o__Chytridiomycota_ord_Incertae_sedis	f__Chytridiomycota_fam_Incertae_sedis	g__Chytridiomycota_gen_Incertae_sedis	
OTU3046	k__Fungi	p__Ascomycota	c__Dothideomycetes	o__Pleosporales	f__Didymellaceae	g__Nothophoma	s__taboriae
OTU3047	k__Fungi						
OTU3048	k__Fungi						
OTU3049	k__Fungi	p__Ascomycota	c__Lecanoromycetes				
OTU3050	k__Fungi						
OTU3051	k__Fungi	p__Ascomycota					
OTU3052	k__Fungi						
OTU3053	k__Fungi	p__Ascomycota	c__Lecanoromycetes				
OTU3054	k__Fungi						
OTU3055	k__Fungi	p__Chytridiomycota					
OTU3056	k__Fungi						
OTU3057	k__Fungi						
OTU3058	k__Fungi	p__Ascomycota	c__Lecanoromycetes				
OTU3059	k__Fungi	p__Chytridiomycota	c__Chytridiomycota_cls_Incertae_sedis	o__Chytridiomycota_ord_Incertae_sedis	f__Chytridiomycota_fam_Incertae_sedis	g__Chytridiomycota_gen_Incertae_sedis	
OTU3060	k__Fungi						
OTU3061	k__Fungi						
OTU3062	k__Fungi	p__Ascomycota	c__Lecanoromycetes				
OTU3063	k__Fungi						
OTU3064	k__Fungi	p__Ascomycota	c__Lecanoromycetes	o__Pertusariales	f__Pertusariaceae	g__Pertusaria	s__obruta
OTU3065	k__Fungi						
OTU3066	k__Fungi	p__Ascomycota					
OTU3067	k__Fungi						
OTU3068	k__Fungi	p__Ascomycota	c__Lecanoromycetes				
OTU3069	k__Fungi	p__Ascomycota	c__Lecanoromycetes	o__Graphidales	f__Gomphillaceae	g__Gomphillus	s__calycioides
OTU3070	k__Fungi	p__Ascomycota	c__Lecanoromycetes				
OTU3071	k__Fungi	p__Ascomycota	c__Lecanoromycetes	o__Pertusariales	f__Pertusariaceae	g__Pertusaria	s__obruta
OTU3072	k__Fungi						
OTU3073	k__Fungi						
OTU3074	k__Fungi						
OTU3075	k__Fungi	p__Ascomycota					
OTU3076	k__Fungi						
OTU3077	k__Fungi	p__Ascomycota					
OTU3078	k__Fungi	p__Ascomycota					
OTU3079	k__Fungi	p__Ascomycota	c__Lecanoromycetes				
OTU3080	k__Fungi	p__Ascomycota					
OTU3081	k__Fungi						
OTU3082	k__Fungi	p__Ascomycota	c__Lecanoromycetes				
OTU3083	k__Fungi						
OTU3084	k__Fungi	p__Ascomycota	c__Lecanoromycetes				
OTU3085	k__Fungi	p__Ascomycota	c__Lecanoromycetes				
OTU3086	k__Fungi	p__Ascomycota	c__Lecanoromycetes				
OTU3087	k__Fungi						
OTU3088	k__Fungi	p__Ascomycota					
OTU3089	k__Fungi						
OTU3090	k__Fungi	p__Basidiomycota	c__Agaricomycetes	o__Polyporales	f__Polyporaceae	g__Daedaleopsis	s__confragosa
OTU3091	k__Fungi						
OTU3092	k__Fungi	p__Ascomycota	c__Lecanoromycetes				
OTU3093	k__Fungi	p__Ascomycota	c__Lecanoromycetes				
OTU3094	k__Fungi	p__Ascomycota	c__Lecanoromycetes				
OTU3095	k__Fungi						
OTU3096	k__Fungi	p__Ascomycota					
OTU3097	k__Fungi						
OTU3098	k__Fungi						
OTU3099	k__Fungi	p__Ascomycota					
OTU3100	k__Fungi	p__Ascomycota					
OTU3101	k__Fungi						
OTU3102	k__Fungi						
OTU3103	k__Fungi						
OTU3104	k__Fungi						
OTU3105	k__Fungi						
OTU3106	k__Fungi						
OTU3107	k__Fungi	p__Ascomycota					
OTU3108	k__Fungi						
OTU3109	k__Fungi	p__Ascomycota					
OTU3110	k__Fungi	p__Ascomycota					
OTU3111	k__Fungi						
OTU3112	k__Fungi						
OTU3113	k__Fungi	p__Ascomycota	c__Lecanoromycetes				
OTU3114	k__Fungi						
OTU3115	k__Fungi						
OTU3116	k__Fungi	p__Ascomycota					
OTU3117	k__Fungi	p__Chytridiomycota					
OTU3118	k__Fungi	p__Ascomycota	c__Lecanoromycetes				
OTU3119	k__Fungi						
OTU3120	k__Fungi	p__Ascomycota	c__Lecanoromycetes				
OTU3121	k__Fungi						
OTU3122	k__Fungi	p__Ascomycota	c__Lecanoromycetes	o__Pertusariales	f__Pertusariaceae	g__Pertusaria	s__obruta
OTU3123	k__Fungi	p__Ascomycota	c__Lecanoromycetes				
OTU3124	k__Fungi						
OTU3125	k__Fungi	p__Ascomycota					
OTU3126	k__Fungi	p__Ascomycota					
OTU3127	k__Fungi	p__Ascomycota					
OTU3128	k__Fungi						
OTU3129	k__Fungi						
OTU3130	k__Fungi	p__Ascomycota	c__Lecanoromycetes				
OTU3131	k__Fungi	p__Ascomycota	c__Lecanoromycetes				
OTU3132	k__Fungi	p__Ascomycota	c__Lecanoromycetes				
OTU3133	k__Fungi						
OTU3134	k__Fungi	p__Ascomycota					
OTU3135	k__Fungi	p__Chytridiomycota	c__Chytridiomycota_cls_Incertae_sedis	o__Chytridiomycota_ord_Incertae_sedis	f__Chytridiomycota_fam_Incertae_sedis	g__Chytridiomycota_gen_Incertae_sedis	
OTU3136	k__Fungi	p__Ascomycota					
OTU3137	k__Fungi	p__Chytridiomycota					
OTU3138	k__Fungi						
OTU3139	k__Fungi	p__Chytridiomycota	c__Chytridiomycota_cls_Incertae_sedis	o__Chytridiomycota_ord_Incertae_sedis	f__Chytridiomycota_fam_Incertae_sedis	g__Chytridiomycota_gen_Incertae_sedis	
OTU3140	k__Fungi						
OTU3141	k__Fungi						
OTU3142	k__Fungi	p__Chytridiomycota					
OTU3143	k__Fungi						
OTU3144	k__Fungi						
OTU3145	k__Fungi	p__Ascomycota					
OTU3146	k__Fungi						
OTU3147	k__Fungi						
OTU3148	k__Fungi						
OTU3149	k__Fungi						
OTU3150	k__Fungi						
OTU3151	k__Fungi	p__Ascomycota	c__Saccharomycetes	o__Saccharomycetales	f__Metschnikowiaceae	g__Metschnikowia	
OTU3152	k__Fungi	p__Ascomycota	c__Lecanoromycetes	o__Pertusariales	f__Pertusariaceae	g__Pertusaria	s__obruta
OTU3153	k__Fungi						
OTU3154	k__Fungi						
OTU3155	k__Fungi	p__Ascomycota					
OTU3156	k__Fungi						
OTU3157	k__Fungi						
OTU3158	k__Fungi						
OTU3159	k__Fungi	p__Chytridiomycota					
OTU3160	k__Fungi						
OTU3161	k__Fungi						
OTU3162	k__Fungi						
OTU3163	k__Fungi	p__Ascomycota	c__Lecanoromycetes				
OTU3164	k__Fungi						
OTU3165	k__Fungi						
OTU3166	k__Fungi	p__Ascomycota	c__Lecanoromycetes	o__Graphidales	f__Gomphillaceae	g__Gomphillus	s__calycioides
OTU3167	k__Fungi	p__Ascomycota	c__Lecanoromycetes	o__Pertusariales	f__Pertusariaceae	g__Pertusaria	s__obruta
OTU3168	k__Fungi	p__Ascomycota	c__Lecanoromycetes				
OTU3169	k__Fungi						
OTU3170	k__Fungi						
OTU3171	k__Fungi						
OTU3172	k__Fungi						
OTU3173	k__Fungi						
OTU3174	k__Fungi						
OTU3175	k__Fungi	p__Ascomycota					
OTU3176	k__Fungi						
OTU3177	k__Fungi	p__Ascomycota					
OTU3178	k__Fungi						
OTU3179	k__Fungi	p__Ascomycota	c__Lecanoromycetes				
OTU3180	k__Fungi	p__Chytridiomycota					
OTU3181	k__Fungi	p__Ascomycota	c__Lecanoromycetes	o__Pertusariales	f__Pertusariaceae	g__Pertusaria	s__obruta
OTU3182	k__Fungi	p__Ascomycota					
OTU3183	k__Fungi	p__Ascomycota					
OTU3184	k__Fungi						
OTU3185	k__Fungi						
OTU3186	k__Fungi	p__Ascomycota	c__Lecanoromycetes				
OTU3187	k__Fungi	p__Ascomycota					
OTU3188	k__Fungi	p__Ascomycota	c__Lecanoromycetes	o__Pertusariales	f__Pertusariaceae	g__Pertusaria	s__obruta
OTU3189	k__Fungi	p__Ascomycota	c__Lecanoromycetes				
OTU3190	k__Fungi						
OTU3191	k__Fungi	p__Ascomycota	c__Lecanoromycetes	o__Pertusariales	f__Pertusariaceae	g__Pertusaria	s__obruta
OTU3192	k__Fungi						
OTU3193	k__Fungi	p__Ascomycota					
OTU3194	k__Fungi						
OTU3195	k__Fungi	p__Ascomycota	c__Lecanoromycetes				
OTU3196	k__Fungi	p__Ascomycota					
OTU3197	k__Fungi	p__Ascomycota	c__Lecanoromycetes	o__Pertusariales	f__Pertusariaceae	g__Pertusaria	s__obruta
OTU3198	k__Fungi	p__Ascomycota	c__Lecanoromycetes	o__Pertusariales	f__Pertusariaceae	g__Pertusaria	s__obruta
OTU3199	k__Fungi	p__Ascomycota	c__Dothideomycetes	o__Pleosporales	f__Didymellaceae		
OTU3200	k__Fungi	p__Ascomycota					
OTU3201	k__Fungi						
OTU3202	k__Fungi	p__Ascomycota	c__Lecanoromycetes				
OTU3203	k__Fungi	p__Ascomycota	c__Lecanoromycetes	o__Pertusariales	f__Pertusariaceae	g__Pertusaria	s__obruta
OTU3204	k__Fungi	p__Ascomycota	c__Lecanoromycetes				
OTU3205	k__Fungi	p__Ascomycota	c__Lecanoromycetes				
OTU3206	k__Fungi	p__Ascomycota	c__Lecanoromycetes				
OTU3207	k__Fungi	p__Ascomycota					
OTU3208	k__Fungi	p__Ascomycota					
OTU3209	k__Fungi	p__Ascomycota	c__Lecanoromycetes				
OTU3210	k__Fungi						
OTU3211	k__Fungi						
OTU3212	k__Fungi						
OTU3213	k__Fungi						
OTU3214	k__Fungi						
OTU3215	k__Fungi	p__Ascomycota	c__Lecanoromycetes				
OTU3216	k__Fungi	p__Ascomycota					
OTU3217	k__Fungi	p__Ascomycota	c__Lecanoromycetes				
OTU3218	k__Fungi	p__Ascomycota					
OTU3219	k__Fungi	p__Ascomycota	c__Lecanoromycetes				
OTU3220	k__Fungi	p__Ascomycota					
OTU3221	k__Fungi	p__Chytridiomycota					
OTU3222	k__Fungi	p__Ascomycota					
OTU3223	k__Fungi						
OTU3224	k__Fungi						
OTU3225	k__Fungi	p__Ascomycota					
OTU3226	k__Fungi	p__Ascomycota					
OTU3227	k__Fungi						
OTU3228	k__Fungi	p__Chytridiomycota	c__Chytridiomycota_cls_Incertae_sedis	o__Chytridiomycota_ord_Incertae_sedis	f__Chytridiomycota_fam_Incertae_sedis	g__Chytridiomycota_gen_Incertae_sedis	
OTU3229	k__Fungi						
OTU3230	k__Fungi	p__Ascomycota	c__Lecanoromycetes				
OTU3231	k__Fungi						
OTU3232	k__Fungi						
OTU3233	k__Fungi						
OTU3234	k__Fungi						
OTU3235	k__Fungi	p__Ascomycota	c__Lecanoromycetes	o__Pertusariales	f__Pertusariaceae	g__Pertusaria	
OTU3236	k__Fungi	p__Ascomycota					
OTU3237	k__Fungi	p__Chytridiomycota	c__Chytridiomycota_cls_Incertae_sedis	o__Chytridiomycota_ord_Incertae_sedis	f__Chytridiomycota_fam_Incertae_sedis	g__Chytridiomycota_gen_Incertae_sedis	
OTU3238	k__Fungi						
OTU3239	k__Fungi						
OTU3240	k__Fungi	p__Ascomycota	c__Lecanoromycetes	o__Pertusariales	f__Pertusariaceae	g__Pertusaria	s__obruta
OTU3241	k__Fungi	p__Ascomycota	c__Lecanoromycetes	o__Pertusariales	f__Pertusariaceae	g__Pertusaria	s__obruta
OTU3242	k__Fungi	p__Ascomycota	c__Lecanoromycetes	o__Pertusariales	f__Pertusariaceae	g__Pertusaria	s__obruta
OTU3243	k__Fungi						
OTU3244	k__Fungi	p__Ascomycota					
OTU3245	k__Fungi						
OTU3246	k__Fungi	p__Ascomycota	c__Lecanoromycetes				
OTU3247	k__Fungi	p__Ascomycota	c__Lecanoromycetes	o__Pertusariales	f__Pertusariaceae	g__Pertusaria	s__obruta
OTU3248	k__Fungi						
OTU3249	k__Fungi	p__Ascomycota	c__Dothideomycetes	o__Pleosporales	f__Pleosporaceae	g__Alternaria	s__infectoria
OTU3250	k__Fungi						
OTU3251	k__Fungi						
OTU3252	k__Fungi						
OTU3253	k__Fungi	p__Ascomycota					
OTU3254	k__Fungi	p__Ascomycota	c__Lecanoromycetes				
OTU3255	k__Fungi	p__Ascomycota	c__Lecanoromycetes	o__Pertusariales	f__Pertusariaceae	g__Pertusaria	s__obruta
OTU3256	k__Fungi	p__Ascomycota	c__Lecanoromycetes				
OTU3257	k__Fungi	p__Ascomycota	c__Lecanoromycetes				
OTU3258	k__Fungi	p__Ascomycota	c__Lecanoromycetes				
OTU3259	k__Fungi						
OTU3260	k__Fungi						
OTU3261	k__Fungi						
OTU3262	k__Fungi						
OTU3263	k__Fungi	p__Ascomycota					
OTU3264	k__Fungi						
OTU3265	k__Fungi	p__Ascomycota					
OTU3266	k__Fungi						
OTU3267	k__Fungi						
OTU3268	k__Fungi						
OTU3269	k__Fungi						
OTU3270	k__Fungi						
OTU3271	k__Fungi						
OTU3272	k__Fungi						
OTU3273	k__Fungi	p__Ascomycota					
OTU3274	k__Fungi						
OTU3275	k__Fungi	p__Ascomycota					
OTU3276	k__Fungi	p__Chytridiomycota					
OTU3277	k__Fungi						
OTU3278	k__Fungi						
OTU3279	k__Fungi	p__Ascomycota	c__Lecanoromycetes				
OTU3280	k__Fungi	p__Ascomycota	c__Lecanoromycetes				
OTU3281	k__Fungi						
OTU3282	k__Fungi	p__Chytridiomycota	c__Chytridiomycota_cls_Incertae_sedis	o__Chytridiomycota_ord_Incertae_sedis	f__Chytridiomycota_fam_Incertae_sedis	g__Chytridiomycota_gen_Incertae_sedis	
OTU3283	k__Fungi	p__Ascomycota					
OTU3284	k__Fungi	p__Ascomycota					
OTU3285	k__Fungi	p__Chytridiomycota					
OTU3286	k__Fungi	p__Ascomycota	c__Lecanoromycetes				
OTU3287	k__Fungi						
OTU3288	k__Fungi	p__Ascomycota					
OTU3289	k__Fungi						
OTU3290	k__Fungi	p__Ascomycota	c__Lecanoromycetes				
OTU3291	k__Fungi	p__Ascomycota					
OTU3292	k__Fungi						
OTU3293	k__Fungi	p__Chytridiomycota	c__Chytridiomycota_cls_Incertae_sedis	o__Chytridiomycota_ord_Incertae_sedis	f__Chytridiomycota_fam_Incertae_sedis	g__Chytridiomycota_gen_Incertae_sedis	
OTU3294	k__Fungi	p__Ascomycota	c__Lecanoromycetes	o__Pertusariales	f__Pertusariaceae	g__Pertusaria	s__obruta
OTU3295	k__Fungi	p__Chytridiomycota	c__Chytridiomycota_cls_Incertae_sedis	o__Chytridiomycota_ord_Incertae_sedis	f__Chytridiomycota_fam_Incertae_sedis	g__Chytridiomycota_gen_Incertae_sedis	
OTU3296	k__Fungi						
OTU3297	k__Fungi	p__Ascomycota	c__Lecanoromycetes	o__Pertusariales	f__Pertusariaceae	g__Pertusaria	s__obruta
OTU3298	k__Fungi	p__Chytridiomycota					
OTU3299	k__Fungi						
OTU3300	k__Fungi						
OTU3301	k__Fungi	p__Ascomycota	c__Lecanoromycetes				
OTU3302	k__Fungi	p__Ascomycota					
OTU3303	k__Fungi						
OTU3304	k__Fungi	p__Ascomycota	c__Lecanoromycetes				
OTU3305	k__Fungi						
OTU3306	k__Fungi	p__Ascomycota					
OTU3307	k__Fungi	p__Ascomycota	c__Lecanoromycetes	o__Pertusariales	f__Pertusariaceae	g__Pertusaria	s__obruta
OTU3308	k__Fungi	p__Chytridiomycota	c__Chytridiomycota_cls_Incertae_sedis	o__Chytridiomycota_ord_Incertae_sedis	f__Chytridiomycota_fam_Incertae_sedis	g__Chytridiomycota_gen_Incertae_sedis	
OTU3309	k__Fungi						
OTU3310	k__Fungi						
OTU3311	k__Fungi	p__Ascomycota	c__Lecanoromycetes	o__Pertusariales	f__Pertusariaceae	g__Pertusaria	s__obruta
OTU3312	k__Fungi						
OTU3313	k__Fungi						
OTU3314	k__Fungi						
OTU3315	k__Fungi						
OTU3316	k__Fungi	p__Ascomycota	c__Lecanoromycetes				
OTU3317	k__Fungi	p__Chytridiomycota					
OTU3318	k__Fungi	p__Ascomycota	c__Lecanoromycetes				
OTU3319	k__Fungi	p__Chytridiomycota	c__Chytridiomycota_cls_Incertae_sedis	o__Chytridiomycota_ord_Incertae_sedis	f__Chytridiomycota_fam_Incertae_sedis	g__Chytridiomycota_gen_Incertae_sedis	
OTU3320	k__Fungi	p__Ascomycota					
OTU3321	k__Fungi	p__Ascomycota					
OTU3322	k__Fungi	p__Ascomycota	c__Lecanoromycetes				
OTU3323	k__Fungi	p__Chytridiomycota					
OTU3324	k__Fungi	p__Basidiomycota	c__Tremellomycetes	o__Cystofilobasidiales	f__Cystofilobasidiaceae	g__Cystofilobasidium	s__capitatum
OTU3325	k__Fungi						
OTU3326	k__Fungi	p__Ascomycota					
OTU3327	k__Fungi	p__Chytridiomycota					
OTU3328	k__Fungi						
OTU3329	k__Fungi						
OTU3330	k__Fungi						
OTU3331	k__Fungi	p__Chytridiomycota					
OTU3332	k__Fungi	p__Ascomycota	c__Laboulbeniomycetes	o__Pyxidiophorales	f__Pyxidiophoraceae	g__Pyxidiophora	s__arvernensis
OTU3333	k__Fungi						
OTU3334	k__Fungi						
OTU3335	k__Fungi	p__Ascomycota	c__Lecanoromycetes				
OTU3336	k__Fungi						
OTU3337	k__Fungi	p__Chytridiomycota					
OTU3338	k__Fungi	p__Ascomycota	c__Lecanoromycetes				
OTU3339	k__Fungi						
OTU3340	k__Fungi	p__Ascomycota					
OTU3341	k__Fungi	p__Ascomycota					
OTU3342	k__Fungi						
OTU3343	k__Fungi						
OTU3344	k__Fungi						
OTU3345	k__Fungi						
OTU3346	k__Fungi						
OTU3347	k__Fungi	p__Ascomycota					
OTU3348	k__Fungi	p__Ascomycota					
OTU3349	k__Fungi	p__Chytridiomycota					
OTU3350	k__Fungi						
OTU3351	k__Fungi	p__Ascomycota	c__Lecanoromycetes				
OTU3352	k__Fungi						
OTU3353	k__Fungi						
OTU3354	k__Fungi	p__Chytridiomycota	c__Chytridiomycota_cls_Incertae_sedis	o__Chytridiomycota_ord_Incertae_sedis	f__Chytridiomycota_fam_Incertae_sedis	g__Chytridiomycota_gen_Incertae_sedis	
OTU3355	k__Fungi						
OTU3356	k__Fungi						
OTU3357	k__Fungi						
OTU3358	k__Fungi	p__Ascomycota	c__Lecanoromycetes				
OTU3359	k__Fungi	p__Ascomycota					
OTU3360	k__Fungi						
OTU3361	k__Fungi	p__Chytridiomycota					
OTU3362	k__Fungi						
OTU3363	k__Fungi	p__Ascomycota					
OTU3364	k__Fungi						
OTU3365	k__Fungi						
OTU3366	k__Fungi	p__Ascomycota					
OTU3367	k__Fungi	p__Chytridiomycota					
OTU3368	k__Fungi	p__Ascomycota	c__Lecanoromycetes				
OTU3369	k__Fungi	p__Ascomycota	c__Lecanoromycetes				
OTU3370	k__Fungi	p__Ascomycota					
OTU3371	k__Fungi	p__Ascomycota	c__Lecanoromycetes				
OTU3372	k__Fungi	p__Ascomycota	c__Lecanoromycetes				
OTU3373	k__Fungi	p__Ascomycota					
OTU3374	k__Fungi	p__Ascomycota					
OTU3375	k__Fungi	p__Ascomycota	c__Lecanoromycetes				
OTU3376	k__Fungi						
OTU3377	k__Fungi	p__Ascomycota	c__Lecanoromycetes				
OTU3378	k__Fungi	p__Ascomycota	c__Lecanoromycetes				
OTU3379	k__Fungi						
OTU3380	k__Fungi	p__Ascomycota	c__Lecanoromycetes				
OTU3381	k__Fungi						
OTU3382	k__Fungi	p__Chytridiomycota					
OTU3383	k__Fungi						
OTU3384	k__Fungi	p__Ascomycota					
OTU3385	k__Fungi	p__Ascomycota	c__Saccharomycetes	o__Saccharomycetales	f__Metschnikowiaceae	g__Metschnikowia	
OTU3386	k__Fungi						
OTU3387	k__Fungi						
OTU3388	k__Fungi						
OTU3389	k__Fungi	p__Ascomycota					
OTU3390	k__Fungi	p__Ascomycota					
OTU3391	k__Fungi	p__Ascomycota					
OTU3392	k__Fungi						
OTU3393	k__Fungi	p__Ascomycota					
OTU3394	k__Fungi						
OTU3395	k__Fungi						
OTU3396	k__Fungi						
OTU3397	k__Fungi						
OTU3398	k__Fungi						
OTU3399	k__Fungi						
OTU3400	k__Fungi	p__Ascomycota					
OTU3401	k__Fungi	p__Ascomycota					
OTU3402	k__Fungi						
OTU3403	k__Fungi	p__Ascomycota	c__Lecanoromycetes				
OTU3404	k__Fungi	p__Ascomycota					
OTU3405	k__Fungi	p__Ascomycota					
OTU3406	k__Fungi						
OTU3407	k__Fungi	p__Chytridiomycota					
OTU3408	k__Fungi	p__Ascomycota	c__Lecanoromycetes				
OTU3409	k__Fungi	p__Ascomycota					
OTU3410	k__Fungi	p__Ascomycota					
OTU3411	k__Fungi						
OTU3412	k__Fungi	p__Ascomycota	c__Lecanoromycetes	o__Pertusariales	f__Pertusariaceae	g__Pertusaria	s__obruta
OTU3413	k__Fungi						
OTU3414	k__Fungi						
OTU3415	k__Fungi						
OTU3416	k__Fungi						
OTU3417	k__Fungi	p__Ascomycota	c__Lecanoromycetes	o__Pertusariales	f__Pertusariaceae	g__Pertusaria	s__obruta
OTU3418	k__Fungi	p__Ascomycota	c__Lecanoromycetes	o__Pertusariales	f__Pertusariaceae	g__Pertusaria	s__obruta
OTU3419	k__Fungi						
OTU3420	k__Fungi						
OTU3421	k__Fungi						
OTU3422	k__Fungi						
OTU3423	k__Fungi	p__Ascomycota					
OTU3424	k__Fungi						
OTU3425	k__Fungi						
OTU3426	k__Fungi						
OTU3427	k__Fungi	p__Ascomycota	c__Lecanoromycetes				
OTU3428	k__Fungi	p__Ascomycota	c__Lecanoromycetes	o__Pertusariales	f__Pertusariaceae	g__Pertusaria	s__obruta
OTU3429	k__Fungi	p__Ascomycota					
OTU3430	k__Fungi	p__Ascomycota	c__Lecanoromycetes	o__Pertusariales	f__Pertusariaceae	g__Pertusaria	s__obruta
OTU3431	k__Fungi						
OTU3432	k__Fungi	p__Ascomycota					
OTU3433	k__Fungi	p__Ascomycota	c__Lecanoromycetes				
OTU3434	k__Fungi	p__Ascomycota	c__Lecanoromycetes				
OTU3435	k__Fungi	p__Ascomycota					
OTU3436	k__Fungi						
OTU3437	k__Fungi						
OTU3438	k__Fungi	p__Ascomycota	c__Lecanoromycetes				
OTU3439	k__Fungi	p__Chytridiomycota	c__Chytridiomycota_cls_Incertae_sedis	o__Chytridiomycota_ord_Incertae_sedis	f__Chytridiomycota_fam_Incertae_sedis	g__Chytridiomycota_gen_Incertae_sedis	
OTU3440	k__Fungi	p__Ascomycota	c__Lecanoromycetes	o__Pertusariales	f__Pertusariaceae	g__Pertusaria	s__obruta
OTU3441	k__Fungi	p__Chytridiomycota					
OTU3442	k__Fungi						
OTU3443	k__Fungi						
OTU3444	k__Fungi						
OTU3445	k__Fungi						
OTU3446	k__Fungi	p__Ascomycota	c__Lecanoromycetes				
OTU3447	k__Fungi	p__Ascomycota	c__Lecanoromycetes				
OTU3448	k__Fungi	p__Ascomycota	c__Lecanoromycetes				
OTU3449	k__Fungi	p__Ascomycota	c__Lecanoromycetes				
OTU3450	k__Fungi						
OTU3451	k__Fungi	p__Ascomycota					
OTU3452	k__Fungi	p__Ascomycota	c__Lecanoromycetes				
OTU3453	k__Fungi	p__Ascomycota					
OTU3454	k__Fungi	p__Ascomycota	c__Lecanoromycetes				
OTU3455	k__Fungi	p__Ascomycota	c__Lecanoromycetes	o__Pertusariales	f__Pertusariaceae	g__Pertusaria	s__obruta
OTU3456	k__Fungi	p__Ascomycota	c__Lecanoromycetes				
OTU3457	k__Fungi	p__Ascomycota					
OTU3458	k__Fungi	p__Chytridiomycota	c__Chytridiomycota_cls_Incertae_sedis	o__Chytridiomycota_ord_Incertae_sedis	f__Chytridiomycota_fam_Incertae_sedis	g__Chytridiomycota_gen_Incertae_sedis	
OTU3459	k__Fungi	p__Ascomycota					
OTU3460	k__Fungi						
OTU3461	k__Fungi						
OTU3462	k__Fungi	p__Ascomycota					
OTU3463	k__Fungi	p__Ascomycota					
OTU3464	k__Fungi						
OTU3465	k__Fungi						
OTU3466	k__Fungi						
OTU3467	k__Fungi						
OTU3468	k__Fungi						
OTU3469	k__Fungi	p__Ascomycota	c__Dothideomycetes	o__Pleosporales	f__Phaeosphaeriaceae	g__Septoriella	
OTU3470	k__Fungi	p__Ascomycota					
OTU3471	k__Fungi	p__Ascomycota					
OTU3472	k__Fungi	p__Chytridiomycota					
OTU3473	k__Fungi						
OTU3474	k__Fungi	p__Ascomycota					
OTU3475	k__Fungi						
OTU3476	k__Fungi						
OTU3477	k__Fungi	p__Ascomycota	c__Dothideomycetes	o__Cladosporiales	f__Cladosporiaceae	g__Davidiella	
OTU3478	k__Fungi	p__Ascomycota	c__Lecanoromycetes				
OTU3479	k__Fungi	p__Chytridiomycota					
OTU3480	k__Fungi						
OTU3481	k__Fungi	p__Basidiomycota	c__Tremellomycetes	o__Filobasidiales	f__Filobasidiaceae	g__Filobasidium	s__floriforme
OTU3482	k__Fungi						
OTU3483	k__Fungi	p__Ascomycota					
OTU3484	k__Fungi						
OTU3485	k__Fungi						
OTU3486	k__Fungi	p__Ascomycota					
OTU3487	k__Fungi	p__Ascomycota	c__Lecanoromycetes				
OTU3488	k__Fungi	p__Ascomycota	c__Dothideomycetes	o__Pleosporales	f__Didymellaceae	g__Nothophoma	s__taboriae
OTU3489	k__Fungi	p__Ascomycota	c__Lecanoromycetes				
OTU3490	k__Fungi						
OTU3491	k__Fungi						
OTU3492	k__Fungi	p__Ascomycota					
OTU3493	k__Fungi	p__Chytridiomycota	c__Chytridiomycota_cls_Incertae_sedis	o__Chytridiomycota_ord_Incertae_sedis	f__Chytridiomycota_fam_Incertae_sedis	g__Chytridiomycota_gen_Incertae_sedis	
OTU3494	k__Fungi	p__Ascomycota	c__Lecanoromycetes	o__Pertusariales	f__Pertusariaceae	g__Pertusaria	s__obruta
OTU3495	k__Fungi						
OTU3496	k__Fungi						
OTU3497	k__Fungi	p__Ascomycota					
OTU3498	k__Fungi						
OTU3499	k__Fungi	p__Ascomycota					
OTU3500	k__Fungi						
OTU3501	k__Fungi	p__Ascomycota	c__Lecanoromycetes				
OTU3502	k__Fungi	p__Ascomycota					
OTU3503	k__Fungi						
OTU3504	k__Fungi						
OTU3505	k__Fungi	p__Ascomycota					
OTU3506	k__Fungi						
OTU3507	k__Fungi	p__Ascomycota	c__Lecanoromycetes	o__Pertusariales	f__Pertusariaceae	g__Pertusaria	s__obruta
OTU3508	k__Fungi	p__Ascomycota	c__Lecanoromycetes	o__Pertusariales	f__Pertusariaceae	g__Pertusaria	s__obruta
OTU3509	k__Fungi	p__Chytridiomycota	c__Chytridiomycota_cls_Incertae_sedis	o__Chytridiomycota_ord_Incertae_sedis	f__Chytridiomycota_fam_Incertae_sedis	g__Chytridiomycota_gen_Incertae_sedis	
OTU3510	k__Fungi						
OTU3511	k__Fungi	p__Ascomycota	c__Lecanoromycetes				
OTU3512	k__Fungi						
OTU3513	k__Fungi	p__Ascomycota	c__Lecanoromycetes				
OTU3514	k__Fungi	p__Chytridiomycota	c__Chytridiomycota_cls_Incertae_sedis	o__Chytridiomycota_ord_Incertae_sedis	f__Chytridiomycota_fam_Incertae_sedis	g__Chytridiomycota_gen_Incertae_sedis	
OTU3515	k__Fungi						
OTU3516	k__Fungi	p__Chytridiomycota					
OTU3517	k__Fungi						
OTU3518	k__Fungi	p__Ascomycota					
OTU3519	k__Fungi	p__Ascomycota	c__Lecanoromycetes	o__Pertusariales	f__Pertusariaceae	g__Pertusaria	s__obruta
OTU3520	k__Fungi						
OTU3521	k__Fungi	p__Ascomycota	c__Lecanoromycetes				
OTU3522	k__Fungi	p__Ascomycota	c__Lecanoromycetes				
OTU3523	k__Fungi	p__Ascomycota	c__Lecanoromycetes				
OTU3524	k__Fungi						
OTU3525	k__Fungi						
OTU3526	k__Fungi						
OTU3527	k__Fungi	p__Ascomycota	c__Lecanoromycetes				
OTU3528	k__Fungi	p__Ascomycota	c__Lecanoromycetes	o__Pertusariales	f__Pertusariaceae	g__Pertusaria	s__obruta
OTU3529	k__Fungi						
OTU3530	k__Fungi						
OTU3531	k__Fungi	p__Ascomycota	c__Lecanoromycetes				
OTU3532	k__Fungi	p__Ascomycota					
OTU3533	k__Fungi	p__Ascomycota					
OTU3534	k__Fungi	p__Ascomycota					
OTU3535	k__Fungi	p__Ascomycota	c__Lecanoromycetes	o__Pertusariales	f__Pertusariaceae	g__Pertusaria	s__obruta
OTU3536	k__Fungi						
OTU3537	k__Fungi						
OTU3538	k__Fungi	p__Ascomycota					
OTU3539	k__Fungi						
OTU3540	k__Fungi						
OTU3541	k__Fungi						
OTU3542	k__Fungi	p__Ascomycota	c__Lecanoromycetes				
OTU3543	k__Fungi						
OTU3544	k__Fungi	p__Ascomycota	c__Lecanoromycetes				
OTU3545	k__Fungi	p__Ascomycota					
OTU3546	k__Fungi	p__Ascomycota	c__Lecanoromycetes				
OTU3547	k__Fungi	p__Ascomycota	c__Lecanoromycetes	o__Pertusariales	f__Pertusariaceae	g__Pertusaria	s__obruta
OTU3548	k__Fungi	p__Ascomycota					
OTU3549	k__Fungi						
OTU3550	k__Fungi	p__Ascomycota					
OTU3551	k__Fungi	p__Ascomycota	c__Lecanoromycetes				
OTU3552	k__Fungi	p__Ascomycota	c__Lecanoromycetes	o__Pertusariales	f__Pertusariaceae	g__Pertusaria	s__obruta
OTU3553	k__Fungi	p__Ascomycota	c__Lecanoromycetes	o__Pertusariales	f__Pertusariaceae	g__Pertusaria	s__obruta
OTU3554	k__Fungi	p__Ascomycota					
OTU3555	k__Fungi	p__Ascomycota					
OTU3556	k__Fungi						
OTU3557	k__Fungi						
OTU3558	k__Fungi	p__Ascomycota	c__Lecanoromycetes				
OTU3559	k__Fungi						
OTU3560	k__Fungi	p__Ascomycota	c__Lecanoromycetes				
OTU3561	k__Fungi						
OTU3562	k__Fungi						
OTU3563	k__Fungi						
OTU3564	k__Fungi	p__Chytridiomycota	c__Chytridiomycota_cls_Incertae_sedis	o__Chytridiomycota_ord_Incertae_sedis			
OTU3565	k__Fungi						
OTU3566	k__Fungi						
OTU3567	k__Fungi	p__Ascomycota					
OTU3568	k__Fungi						
OTU3569	k__Fungi						
OTU3570	k__Fungi						
OTU3571	k__Fungi						
OTU3572	k__Fungi						
OTU3573	k__Fungi						
OTU3574	k__Fungi	p__Ascomycota					
OTU3575	k__Fungi	p__Ascomycota					
OTU3576	k__Fungi						
OTU3577	k__Fungi						
OTU3578	k__Fungi						
OTU3579	k__Fungi						
OTU3580	k__Fungi	p__Ascomycota	c__Lecanoromycetes	o__Pertusariales	f__Pertusariaceae	g__Pertusaria	s__obruta
OTU3581	k__Fungi	p__Ascomycota	c__Lecanoromycetes				
OTU3582	k__Fungi						
OTU3583	k__Fungi	p__Ascomycota	c__Lecanoromycetes	o__Pertusariales	f__Pertusariaceae	g__Pertusaria	s__obruta
OTU3584	k__Fungi	p__Ascomycota	c__Lecanoromycetes				
OTU3585	k__Fungi						
OTU3586	k__Fungi						
OTU3587	k__Fungi	p__Chytridiomycota					
OTU3588	k__Fungi	p__Ascomycota	c__Lecanoromycetes	o__Pertusariales	f__Pertusariaceae	g__Pertusaria	s__obruta
OTU3589	k__Fungi	p__Ascomycota	c__Lecanoromycetes				
OTU3590	k__Fungi						
OTU3591	k__Fungi						
OTU3592	k__Fungi						
OTU3593	k__Fungi						
OTU3594	k__Fungi	p__Ascomycota					
OTU3595	k__Fungi						
OTU3596	k__Fungi						
OTU3597	k__Fungi						
OTU3598	k__Fungi	p__Ascomycota	c__Lecanoromycetes				
OTU3599	k__Fungi	p__Chytridiomycota					
OTU3600	k__Fungi						
OTU3601	k__Fungi						
OTU3602	k__Fungi	p__Ascomycota	c__Lecanoromycetes	o__Pertusariales	f__Pertusariaceae	g__Pertusaria	s__obruta
OTU3603	k__Fungi						
OTU3604	k__Fungi	p__Ascomycota	c__Lecanoromycetes				
OTU3605	k__Fungi	p__Ascomycota	c__Lecanoromycetes				
OTU3606	k__Fungi						
OTU3607	k__Fungi						
OTU3608	k__Fungi	p__Ascomycota	c__Lecanoromycetes	o__Graphidales	f__Gomphillaceae	g__Gomphillus	s__calycioides
OTU3609	k__Fungi						
OTU3610	k__Fungi						
OTU3611	k__Fungi	p__Ascomycota	c__Dothideomycetes	o__Pleosporales	f__Phaeosphaeriaceae	g__Parastagonospora	s__allouniseptata
OTU3612	k__Fungi	p__Ascomycota	c__Lecanoromycetes	o__Pertusariales	f__Pertusariaceae	g__Pertusaria	s__obruta
OTU3613	k__Fungi						
OTU3614	k__Fungi	p__Ascomycota					
OTU3615	k__Fungi						
OTU3616	k__Fungi	p__Chytridiomycota					
OTU3617	k__Fungi	p__Chytridiomycota					
OTU3618	k__Fungi						
OTU3619	k__Fungi						
OTU3620	k__Fungi						
OTU3621	k__Fungi						
OTU3622	k__Fungi						
OTU3623	k__Fungi	p__Ascomycota	c__Lecanoromycetes				
OTU3624	k__Fungi						
OTU3625	k__Fungi						
OTU3626	k__Fungi						
OTU3627	k__Fungi	p__Ascomycota	c__Lecanoromycetes	o__Pertusariales	f__Pertusariaceae	g__Pertusaria	s__obruta
OTU3628	k__Fungi	p__Ascomycota	c__Lecanoromycetes				
OTU3629	k__Fungi	p__Ascomycota	c__Lecanoromycetes				
OTU3630	k__Fungi						
OTU3631	k__Fungi	p__Ascomycota	c__Lecanoromycetes				
OTU3632	k__Fungi	p__Ascomycota					
OTU3633	k__Fungi						
OTU3634	k__Fungi						
OTU3635	k__Fungi						
OTU3636	k__Fungi	p__Ascomycota	c__Lecanoromycetes	o__Pertusariales	f__Pertusariaceae	g__Pertusaria	s__obruta
OTU3637	k__Fungi						
OTU3638	k__Fungi						
OTU3639	k__Fungi	p__Chytridiomycota					
OTU3640	k__Fungi						
OTU3641	k__Fungi	p__Ascomycota	c__Saccharomycetes	o__Saccharomycetales	f__Metschnikowiaceae	g__Metschnikowia	
OTU3642	k__Fungi	p__Ascomycota	c__Sordariomycetes				
OTU3643	k__Fungi	p__Ascomycota	c__Lecanoromycetes				
OTU3644	k__Fungi	p__Ascomycota	c__Lecanoromycetes				
OTU3645	k__Fungi						
OTU3646	k__Fungi						
OTU3647	k__Fungi						
OTU3648	k__Fungi	p__Ascomycota	c__Lecanoromycetes				
OTU3649	k__Fungi						
OTU3650	k__Fungi	p__Ascomycota					
OTU3651	k__Fungi	p__Ascomycota	c__Lecanoromycetes				
OTU3652	k__Fungi	p__Ascomycota	c__Lecanoromycetes	o__Pertusariales	f__Pertusariaceae	g__Pertusaria	s__obruta
OTU3653	k__Fungi	p__Ascomycota	c__Lecanoromycetes				
OTU3654	k__Fungi						
OTU3655	k__Fungi	p__Ascomycota	c__Lecanoromycetes	o__Pertusariales	f__Pertusariaceae	g__Pertusaria	s__obruta
OTU3656	k__Fungi	p__Ascomycota	c__Lecanoromycetes				
OTU3657	k__Fungi	p__Ascomycota	c__Lecanoromycetes				
OTU3658	k__Fungi						
OTU3659	k__Fungi	p__Ascomycota	c__Lecanoromycetes				
OTU3660	k__Fungi	p__Ascomycota					
OTU3661	k__Fungi	p__Ascomycota	c__Lecanoromycetes	o__Pertusariales	f__Pertusariaceae	g__Pertusaria	s__obruta
OTU3662	k__Fungi	p__Ascomycota					
OTU3663	k__Fungi						
OTU3664	k__Fungi						
OTU3665	k__Fungi						
OTU3666	k__Fungi						
OTU3667	k__Fungi						
OTU3668	k__Fungi						
OTU3669	k__Fungi	p__Ascomycota	c__Lecanoromycetes				
OTU3670	k__Fungi	p__Ascomycota	c__Lecanoromycetes				
OTU3671	k__Fungi	p__Fungi_phy_Incertae_sedis	c__Fungi_cls_Incertae_sedis	o__Fungi_ord_Incertae_sedis	f__Fungi_fam_Incertae_sedis	g__Fungi_gen_Incertae_sedis	
OTU3672	k__Fungi	p__Ascomycota	c__Lecanoromycetes				
OTU3673	k__Fungi	p__Ascomycota	c__Lecanoromycetes				
OTU3674	k__Fungi	p__Ascomycota	c__Lecanoromycetes				
OTU3675	k__Fungi	p__Ascomycota	c__Lecanoromycetes				
OTU3676	k__Fungi	p__Ascomycota					
OTU3677	k__Fungi	p__Ascomycota					
OTU3678	k__Fungi						
OTU3679	k__Fungi	p__Ascomycota	c__Lecanoromycetes				
OTU3680	k__Fungi	p__Ascomycota	c__Lecanoromycetes				
OTU3681	k__Fungi	p__Ascomycota	c__Lecanoromycetes				
OTU3682	k__Fungi	p__Ascomycota	c__Lecanoromycetes	o__Pertusariales	f__Pertusariaceae	g__Pertusaria	s__obruta
OTU3683	k__Fungi						
OTU3684	k__Fungi	p__Ascomycota	c__Lecanoromycetes				
OTU3685	k__Fungi						
OTU3686	k__Fungi						
OTU3687	k__Fungi	p__Ascomycota	c__Lecanoromycetes	o__Pertusariales	f__Pertusariaceae	g__Pertusaria	s__obruta
OTU3688	k__Fungi	p__Ascomycota	c__Lecanoromycetes				
OTU3689	k__Fungi						
OTU3690	k__Fungi	p__Ascomycota					
OTU3691	k__Fungi						
OTU3692	k__Fungi						
OTU3693	k__Fungi						
OTU3694	k__Fungi						
OTU3695	k__Fungi						
OTU3696	k__Fungi						
OTU3697	k__Fungi						
OTU3698	k__Fungi						
OTU3699	k__Fungi	p__Ascomycota	c__Lecanoromycetes				
OTU3700	k__Fungi						
OTU3701	k__Fungi						
OTU3702	k__Fungi	p__Chytridiomycota	c__Chytridiomycota_cls_Incertae_sedis	o__Chytridiomycota_ord_Incertae_sedis	f__Chytridiomycota_fam_Incertae_sedis	g__Chytridiomycota_gen_Incertae_sedis	
OTU3703	k__Fungi	p__Chytridiomycota					
OTU3704	k__Fungi						
OTU3705	k__Fungi						
OTU3706	k__Fungi	p__Ascomycota	c__Lecanoromycetes				
OTU3707	k__Fungi	p__Chytridiomycota	c__Chytridiomycota_cls_Incertae_sedis	o__Chytridiomycota_ord_Incertae_sedis	f__Chytridiomycota_fam_Incertae_sedis	g__Chytridiomycota_gen_Incertae_sedis	
OTU3708	k__Fungi	p__Ascomycota	c__Lecanoromycetes				
OTU3709	k__Fungi						
OTU3710	k__Fungi						
OTU3711	k__Fungi						
OTU3712	k__Fungi						
OTU3713	k__Fungi						
OTU3714	k__Fungi						
OTU3715	k__Fungi						
OTU3716	k__Fungi	p__Ascomycota	c__Lecanoromycetes				
OTU3717	k__Fungi						
OTU3718	k__Fungi						
OTU3719	k__Fungi						
OTU3720	k__Fungi						
OTU3721	k__Fungi	p__Chytridiomycota	c__Chytridiomycota_cls_Incertae_sedis	o__Chytridiomycota_ord_Incertae_sedis	f__Chytridiomycota_fam_Incertae_sedis	g__Chytridiomycota_gen_Incertae_sedis	
OTU3722	k__Fungi						
OTU3723	k__Fungi						
OTU3724	k__Fungi						
OTU3725	k__Fungi	p__Ascomycota					
OTU3726	k__Fungi						
OTU3727	k__Fungi						
OTU3728	k__Fungi	p__Chytridiomycota					
OTU3729	k__Fungi	p__Chytridiomycota	c__Chytridiomycota_cls_Incertae_sedis	o__Chytridiomycota_ord_Incertae_sedis	f__Chytridiomycota_fam_Incertae_sedis	g__Chytridiomycota_gen_Incertae_sedis	
OTU3730	k__Fungi						
OTU3731	k__Fungi						
OTU3732	k__Fungi						
OTU3733	k__Fungi						
OTU3734	k__Fungi						
OTU3735	k__Fungi	p__Ascomycota	c__Lecanoromycetes	o__Pertusariales	f__Pertusariaceae	g__Pertusaria	s__obruta
OTU3736	k__Fungi	p__Ascomycota					
OTU3737	k__Fungi	p__Ascomycota	c__Lecanoromycetes	o__Graphidales	f__Gomphillaceae	g__Gomphillus	s__calycioides
OTU3738	k__Fungi	p__Ascomycota					
OTU3739	k__Fungi						
OTU3740	k__Fungi	p__Ascomycota	c__Lecanoromycetes				
OTU3741	k__Fungi	p__Ascomycota					
OTU3742	k__Fungi						
OTU3743	k__Fungi						
OTU3744	k__Fungi						
OTU3745	k__Fungi						
OTU3746	k__Fungi						
OTU3747	k__Fungi	p__Ascomycota	c__Lecanoromycetes				
OTU3748	k__Fungi						
OTU3749	k__Fungi						
OTU3750	k__Fungi	p__Ascomycota	c__Lecanoromycetes				
OTU3751	k__Fungi						
OTU3752	k__Fungi	p__Chytridiomycota					
OTU3753	k__Fungi						
OTU3754	k__Fungi						
OTU3755	k__Fungi						
OTU3756	k__Fungi	p__Ascomycota	c__Lecanoromycetes				
OTU3757	k__Fungi	p__Ascomycota	c__Lecanoromycetes				
OTU3758	k__Fungi						
OTU3759	k__Fungi	p__Ascomycota					
OTU3760	k__Fungi	p__Ascomycota					
OTU3761	k__Fungi	p__Chytridiomycota					
OTU3762	k__Fungi						
OTU3763	k__Fungi						
OTU3764	k__Fungi	p__Ascomycota					
OTU3765	k__Fungi	p__Ascomycota	c__Lecanoromycetes	o__Pertusariales	f__Pertusariaceae	g__Pertusaria	s__obruta
OTU3766	k__Fungi						
OTU3767	k__Fungi	p__Ascomycota	c__Dothideomycetes	o__Pleosporales	f__Didymellaceae		
OTU3768	k__Fungi						
OTU3769	k__Fungi						
OTU3770	k__Fungi	p__Ascomycota	c__Lecanoromycetes				
OTU3771	k__Fungi	p__Ascomycota	c__Lecanoromycetes	o__Graphidales	f__Gomphillaceae	g__Gomphillus	s__calycioides
OTU3772	k__Fungi	p__Chytridiomycota					
OTU3773	k__Fungi						
OTU3774	k__Fungi						
OTU3775	k__Fungi	p__Ascomycota					
OTU3776	k__Fungi	p__Chytridiomycota					
OTU3777	k__Fungi	p__Ascomycota	c__Lecanoromycetes	o__Pertusariales	f__Pertusariaceae	g__Pertusaria	s__obruta
OTU3778	k__Fungi						
OTU3779	k__Fungi	p__Ascomycota	c__Lecanoromycetes	o__Pertusariales	f__Pertusariaceae	g__Pertusaria	s__obruta
OTU3780	k__Fungi	p__Ascomycota	c__Lecanoromycetes				
OTU3781	k__Fungi						
OTU3782	k__Fungi	p__Ascomycota	c__Lecanoromycetes				
OTU3783	k__Fungi	p__Ascomycota					
OTU3784	k__Fungi	p__Ascomycota	c__Lecanoromycetes				
OTU3785	k__Fungi						
OTU3786	k__Fungi						
OTU3787	k__Fungi	p__Ascomycota	c__Lecanoromycetes				
OTU3788	k__Fungi	p__Ascomycota					
OTU3789	k__Fungi	p__Ascomycota					
OTU3790	k__Fungi	p__Ascomycota	c__Lecanoromycetes				
OTU3791	k__Fungi	p__Ascomycota	c__Lecanoromycetes				
OTU3792	k__Fungi	p__Chytridiomycota	c__Chytridiomycota_cls_Incertae_sedis	o__Chytridiomycota_ord_Incertae_sedis	f__Chytridiomycota_fam_Incertae_sedis	g__Chytridiomycota_gen_Incertae_sedis	
OTU3793	k__Fungi						
OTU3794	k__Fungi						
OTU3795	k__Fungi	p__Ascomycota	c__Lecanoromycetes				
OTU3796	k__Fungi	p__Ascomycota					
OTU3797	k__Fungi						
OTU3798	k__Fungi	p__Ascomycota	c__Lecanoromycetes	o__Pertusariales	f__Pertusariaceae	g__Pertusaria	s__obruta
OTU3799	k__Fungi						
OTU3800	k__Fungi	p__Ascomycota	c__Lecanoromycetes				
OTU3801	k__Fungi						
OTU3802	k__Fungi	p__Ascomycota					
OTU3803	k__Fungi						
OTU3804	k__Fungi	p__Ascomycota					
OTU3805	k__Fungi	p__Ascomycota	c__Lecanoromycetes				
OTU3806	k__Fungi						
OTU3807	k__Fungi	p__Ascomycota	c__Lecanoromycetes				
OTU3808	k__Fungi	p__Ascomycota	c__Lecanoromycetes				
OTU3809	k__Fungi	p__Mucoromycota	c__Mucoromycetes	o__Mucorales	f__Mucoraceae	g__Mucor	s__circinelloides
OTU3810	k__Fungi						
OTU3811	k__Fungi	p__Chytridiomycota	c__Chytridiomycota_cls_Incertae_sedis	o__Chytridiomycota_ord_Incertae_sedis	f__Chytridiomycota_fam_Incertae_sedis	g__Chytridiomycota_gen_Incertae_sedis	
OTU3812	k__Fungi						
OTU3813	k__Fungi						
OTU3814	k__Fungi						
OTU3815	k__Fungi						
OTU3816	k__Fungi	p__Chytridiomycota					
OTU3817	k__Fungi						
OTU3818	k__Fungi						
OTU3819	k__Fungi	p__Ascomycota					
OTU3820	k__Fungi	p__Ascomycota	c__Lecanoromycetes				
OTU3821	k__Fungi						
OTU3822	k__Fungi	p__Ascomycota					
OTU3823	k__Fungi	p__Chytridiomycota					
OTU3824	k__Fungi	p__Ascomycota					
OTU3825	k__Fungi						
OTU3826	k__Fungi						
OTU3827	k__Fungi						
OTU3828	k__Fungi	p__Ascomycota					
OTU3829	k__Fungi						
OTU3830	k__Fungi						
OTU3831	k__Fungi	p__Ascomycota					
OTU3832	k__Fungi						
OTU3833	k__Fungi	p__Ascomycota					
OTU3834	k__Fungi	p__Ascomycota					
OTU3835	k__Fungi						
OTU3836	k__Fungi						
OTU3837	k__Fungi	p__Ascomycota					
OTU3838	k__Fungi	p__Ascomycota	c__Lecanoromycetes				
OTU3839	k__Fungi						
OTU3840	k__Fungi						
OTU3841	k__Fungi						
OTU3842	k__Fungi						
OTU3843	k__Fungi						
OTU3844	k__Fungi						
OTU3845	k__Fungi						
OTU3846	k__Fungi						
OTU3847	k__Fungi						
OTU3848	k__Fungi						
OTU3849	k__Fungi	p__Chytridiomycota	c__Chytridiomycota_cls_Incertae_sedis	o__Chytridiomycota_ord_Incertae_sedis	f__Chytridiomycota_fam_Incertae_sedis	g__Chytridiomycota_gen_Incertae_sedis	
OTU3850	k__Fungi	p__Ascomycota	c__Lecanoromycetes				
OTU3851	k__Fungi	p__Ascomycota					
OTU3852	k__Fungi	p__Ascomycota	c__Lecanoromycetes				
OTU3853	k__Fungi	p__Ascomycota	c__Lecanoromycetes				
OTU3854	k__Fungi						
OTU3855	k__Fungi						
OTU3856	k__Fungi	p__Ascomycota	c__Dothideomycetes	o__Pleosporales	f__Pleosporaceae		
OTU3857	k__Fungi	p__Ascomycota					
OTU3858	k__Fungi						
OTU3859	k__Fungi	p__Ascomycota	c__Lecanoromycetes				
OTU3860	k__Fungi	p__Ascomycota	c__Lecanoromycetes				
OTU3861	k__Fungi						
OTU3862	k__Fungi						
OTU3863	k__Fungi	p__Ascomycota	c__Lecanoromycetes				
OTU3864	k__Fungi	p__Ascomycota					
OTU3865	k__Fungi						
OTU3866	k__Fungi						
OTU3867	k__Fungi						
OTU3868	k__Fungi	p__Ascomycota	c__Lecanoromycetes				
OTU3869	k__Fungi	p__Ascomycota	c__Lecanoromycetes	o__Pertusariales	f__Pertusariaceae	g__Pertusaria	s__obruta
OTU3870	k__Fungi						
OTU3871	k__Fungi	p__Chytridiomycota	c__Chytridiomycota_cls_Incertae_sedis	o__Chytridiomycota_ord_Incertae_sedis	f__Chytridiomycota_fam_Incertae_sedis	g__Chytridiomycota_gen_Incertae_sedis	
OTU3872	k__Fungi	p__Ascomycota	c__Lecanoromycetes	o__Pertusariales	f__Pertusariaceae	g__Pertusaria	s__obruta
OTU3873	k__Fungi	p__Chytridiomycota					
OTU3874	k__Fungi	p__Ascomycota	c__Lecanoromycetes				
OTU3875	k__Fungi						
OTU3876	k__Fungi	p__Ascomycota	c__Lecanoromycetes	o__Pertusariales	f__Pertusariaceae	g__Pertusaria	s__obruta
OTU3877	k__Fungi						
OTU3878	k__Fungi	p__Ascomycota	c__Lecanoromycetes				
OTU3879	k__Fungi	p__Chytridiomycota					
OTU3880	k__Fungi	p__Ascomycota	c__Lecanoromycetes				
OTU3881	k__Fungi						
OTU3882	k__Fungi						
OTU3883	k__Fungi	p__Ascomycota					
OTU3884	k__Fungi	p__Ascomycota	c__Lecanoromycetes	o__Pertusariales	f__Pertusariaceae	g__Pertusaria	s__obruta
OTU3885	k__Fungi	p__Ascomycota					
OTU3886	k__Fungi						
OTU3887	k__Fungi	p__Chytridiomycota					
OTU3888	k__Fungi						
OTU3889	k__Fungi	p__Basidiomycota	c__Wallemiomycetes	o__Wallemiales	f__Wallemiaceae	g__Wallemia	s__sebi
OTU3890	k__Fungi						
OTU3891	k__Fungi	p__Chytridiomycota					
OTU3892	k__Fungi						
OTU3893	k__Fungi	p__Chytridiomycota					
OTU3894	k__Fungi	p__Ascomycota					
OTU3895	k__Fungi	p__Ascomycota					
OTU3896	k__Fungi	p__Ascomycota	c__Lecanoromycetes				
OTU3897	k__Fungi	p__Ascomycota	c__Lecanoromycetes				
OTU3898	k__Fungi	p__Ascomycota					
OTU3899	k__Fungi						
OTU3900	k__Fungi						
OTU3901	k__Fungi	p__Ascomycota					
OTU3902	k__Fungi						
OTU3903	k__Fungi						
OTU3904	k__Fungi	p__Ascomycota					
OTU3905	k__Fungi	p__Ascomycota					
OTU3906	k__Fungi	p__Ascomycota					
OTU3907	k__Fungi	p__Ascomycota					
OTU3908	k__Fungi	p__Ascomycota					
OTU3909	k__Fungi	p__Ascomycota					
OTU3910	k__Fungi	p__Ascomycota	c__Lecanoromycetes				
OTU3911	k__Fungi	p__Chytridiomycota					
OTU3912	k__Fungi						
OTU3913	k__Fungi	p__Chytridiomycota	c__Chytridiomycota_cls_Incertae_sedis	o__Chytridiomycota_ord_Incertae_sedis	f__Chytridiomycota_fam_Incertae_sedis	g__Chytridiomycota_gen_Incertae_sedis	
OTU3914	k__Fungi	p__Ascomycota	c__Lecanoromycetes				
OTU3915	k__Fungi	p__Ascomycota	c__Lecanoromycetes				
OTU3916	k__Fungi	p__Ascomycota	c__Lecanoromycetes	o__Graphidales	f__Gomphillaceae	g__Gomphillus	s__calycioides
OTU3917	k__Fungi						
OTU3918	k__Fungi	p__Ascomycota	c__Lecanoromycetes				
OTU3919	k__Fungi	p__Chytridiomycota					
OTU3920	k__Fungi						
OTU3921	k__Fungi						
OTU3922	k__Fungi						
OTU3923	k__Fungi						
OTU3924	k__Fungi						
OTU3925	k__Fungi	p__Ascomycota	c__Lecanoromycetes				
OTU3926	k__Fungi	p__Ascomycota	c__Lecanoromycetes	o__Pertusariales	f__Pertusariaceae	g__Pertusaria	s__obruta
OTU3927	k__Fungi	p__Ascomycota					
OTU3928	k__Fungi	p__Ascomycota	c__Lecanoromycetes	o__Pertusariales	f__Pertusariaceae	g__Pertusaria	s__obruta
OTU3929	k__Fungi	p__Ascomycota					
OTU3930	k__Fungi						
OTU3931	k__Fungi						
OTU3932	k__Fungi						
OTU3933	k__Fungi	p__Chytridiomycota					
OTU3934	k__Fungi	p__Ascomycota	c__Lecanoromycetes				
OTU3935	k__Fungi	p__Ascomycota					
OTU3936	k__Fungi						
OTU3937	k__Fungi	p__Chytridiomycota					
OTU3938	k__Fungi	p__Chytridiomycota					
OTU3939	k__Fungi						
OTU3940	k__Fungi						
OTU3941	k__Fungi						
OTU3942	k__Fungi	p__Ascomycota	c__Lecanoromycetes				
OTU3943	k__Fungi						
OTU3944	k__Fungi	p__Ascomycota	c__Lecanoromycetes				
OTU3945	k__Fungi	p__Ascomycota					
OTU3946	k__Fungi	p__Ascomycota	c__Lecanoromycetes				
OTU3947	k__Fungi						
OTU3948	k__Fungi	p__Ascomycota					
OTU3949	k__Fungi						
OTU3950	k__Fungi	p__Ascomycota					
OTU3951	k__Fungi						
OTU3952	k__Fungi	p__Ascomycota	c__Lecanoromycetes	o__Pertusariales	f__Pertusariaceae	g__Pertusaria	s__obruta
OTU3953	k__Fungi						
OTU3954	k__Fungi	p__Ascomycota					
OTU3955	k__Fungi	p__Ascomycota					
OTU3956	k__Fungi	p__Ascomycota					
OTU3957	k__Fungi						
OTU3958	k__Fungi	p__Ascomycota					
OTU3959	k__Fungi						
OTU3960	k__Fungi	p__Ascomycota					
OTU3961	k__Fungi	p__Ascomycota	c__Lecanoromycetes				
OTU3962	k__Fungi						
OTU3963	k__Fungi						
OTU3964	k__Fungi	p__Chytridiomycota	c__Chytridiomycota_cls_Incertae_sedis	o__Chytridiomycota_ord_Incertae_sedis	f__Chytridiomycota_fam_Incertae_sedis	g__Chytridiomycota_gen_Incertae_sedis	
OTU3965	k__Fungi						
OTU3966	k__Fungi						
OTU3967	k__Fungi	p__Ascomycota					
OTU3968	k__Fungi						
OTU3969	k__Fungi						
OTU3970	k__Fungi						
OTU3971	k__Fungi	p__Ascomycota					
OTU3972	k__Fungi	p__Ascomycota	c__Lecanoromycetes				
OTU3973	k__Fungi	p__Chytridiomycota					
OTU3974	k__Fungi	p__Chytridiomycota	c__Chytridiomycota_cls_Incertae_sedis	o__Chytridiomycota_ord_Incertae_sedis	f__Chytridiomycota_fam_Incertae_sedis	g__Chytridiomycota_gen_Incertae_sedis	
OTU3975	k__Fungi	p__Chytridiomycota	c__Chytridiomycota_cls_Incertae_sedis	o__Chytridiomycota_ord_Incertae_sedis	f__Chytridiomycota_fam_Incertae_sedis	g__Chytridiomycota_gen_Incertae_sedis	
OTU3976	k__Fungi						
OTU3977	k__Fungi	p__Ascomycota	c__Lecanoromycetes				
OTU3978	k__Fungi						
OTU3979	k__Fungi	p__Ascomycota	c__Lecanoromycetes				
OTU3980	k__Fungi						
OTU3981	k__Fungi	p__Ascomycota	c__Lecanoromycetes				
OTU3982	k__Fungi						
OTU3983	k__Fungi						
OTU3984	k__Fungi	p__Ascomycota					
OTU3985	k__Fungi						
OTU3986	k__Fungi						
OTU3987	k__Fungi						
OTU3988	k__Fungi	p__Ascomycota	c__Lecanoromycetes	o__Pertusariales	f__Pertusariaceae	g__Pertusaria	s__obruta
OTU3989	k__Fungi	p__Chytridiomycota	c__Chytridiomycota_cls_Incertae_sedis	o__Chytridiomycota_ord_Incertae_sedis	f__Chytridiomycota_fam_Incertae_sedis	g__Chytridiomycota_gen_Incertae_sedis	
OTU3990	k__Fungi	p__Chytridiomycota	c__Chytridiomycota_cls_Incertae_sedis	o__Chytridiomycota_ord_Incertae_sedis	f__Chytridiomycota_fam_Incertae_sedis	g__Chytridiomycota_gen_Incertae_sedis	
OTU3991	k__Fungi	p__Ascomycota	c__Lecanoromycetes	o__Pertusariales	f__Pertusariaceae	g__Pertusaria	s__obruta
OTU3992	k__Fungi						
OTU3993	k__Fungi	p__Ascomycota	c__Lecanoromycetes				
OTU3994	k__Fungi	p__Chytridiomycota					
OTU3995	k__Fungi						
OTU3996	k__Fungi	p__Ascomycota					
OTU3997	k__Fungi						
OTU3998	k__Fungi						
OTU3999	k__Fungi						
OTU4000	k__Fungi	p__Ascomycota					
OTU4001	k__Fungi	p__Chytridiomycota					
OTU4002	k__Fungi	p__Ascomycota					
OTU4003	k__Fungi	p__Ascomycota					
OTU4004	k__Fungi						
OTU4005	k__Fungi						
OTU4006	k__Fungi	p__Ascomycota	c__Lecanoromycetes	o__Pertusariales	f__Pertusariaceae	g__Pertusaria	s__obruta
OTU4007	k__Fungi	p__Ascomycota	c__Lecanoromycetes				
OTU4008	k__Fungi	p__Chytridiomycota	c__Chytridiomycota_cls_Incertae_sedis	o__Chytridiomycota_ord_Incertae_sedis	f__Chytridiomycota_fam_Incertae_sedis	g__Chytridiomycota_gen_Incertae_sedis	
OTU4009	k__Fungi	p__Ascomycota					
OTU4010	k__Fungi	p__Ascomycota					
OTU4011	k__Fungi						
OTU4012	k__Fungi						
OTU4013	k__Fungi	p__Ascomycota	c__Lecanoromycetes	o__Pertusariales	f__Pertusariaceae	g__Pertusaria	s__obruta
OTU4014	k__Fungi						
OTU4015	k__Fungi						
OTU4016	k__Fungi						
OTU4017	k__Fungi						
OTU4018	k__Fungi						
OTU4019	k__Fungi						
OTU4020	k__Fungi						
OTU4021	k__Fungi						
OTU4022	k__Fungi	p__Ascomycota					
OTU4023	k__Fungi						
OTU4024	k__Fungi	p__Ascomycota					
OTU4025	k__Fungi						
OTU4026	k__Fungi	p__Ascomycota					
OTU4027	k__Fungi	p__Ascomycota	c__Lecanoromycetes	o__Pertusariales	f__Pertusariaceae	g__Pertusaria	s__obruta
OTU4028	k__Fungi	p__Ascomycota					
OTU4029	k__Fungi	p__Ascomycota					
OTU4030	k__Fungi						
OTU4031	k__Fungi	p__Ascomycota					
OTU4032	k__Fungi						
OTU4033	k__Fungi						
OTU4034	k__Fungi	p__Ascomycota	c__Lecanoromycetes	o__Pertusariales	f__Pertusariaceae	g__Pertusaria	s__obruta
OTU4035	k__Fungi						
OTU4036	k__Fungi						
OTU4037	k__Fungi						
OTU4038	k__Fungi						
OTU4039	k__Fungi	p__Ascomycota	c__Lecanoromycetes				
OTU4040	k__Fungi	p__Ascomycota	c__Lecanoromycetes				
OTU4041	k__Fungi	p__Ascomycota	c__Lecanoromycetes				
OTU4042	k__Fungi	p__Ascomycota	c__Lecanoromycetes				
OTU4043	k__Fungi						
OTU4044	k__Fungi						
OTU4045	k__Fungi	p__Ascomycota	c__Lecanoromycetes				
OTU4046	k__Fungi	p__Ascomycota					
OTU4047	k__Fungi						
OTU4048	k__Fungi	p__Ascomycota					
OTU4049	k__Fungi						
OTU4050	k__Fungi						
OTU4051	k__Fungi						
OTU4052	k__Fungi						
OTU4053	k__Fungi						
OTU4054	k__Fungi						
OTU4055	k__Fungi						
OTU4056	k__Fungi	p__Ascomycota	c__Lecanoromycetes	o__Pertusariales	f__Pertusariaceae	g__Pertusaria	s__obruta
OTU4057	k__Fungi	p__Chytridiomycota	c__Chytridiomycota_cls_Incertae_sedis	o__Chytridiomycota_ord_Incertae_sedis	f__Chytridiomycota_fam_Incertae_sedis	g__Chytridiomycota_gen_Incertae_sedis	
OTU4058	k__Fungi						
OTU4059	k__Fungi						
OTU4060	k__Fungi	p__Ascomycota	c__Lecanoromycetes				
OTU4061	k__Fungi	p__Ascomycota					
OTU4062	k__Fungi						
OTU4063	k__Fungi						
OTU4064	k__Fungi						
OTU4065	k__Fungi						
OTU4066	k__Fungi						
OTU4067	k__Fungi	p__Chytridiomycota					
OTU4068	k__Fungi	p__Ascomycota					
OTU4069	k__Fungi	p__Ascomycota					
OTU4070	k__Fungi						
OTU4071	k__Fungi	p__Chytridiomycota					
OTU4072	k__Fungi						
OTU4073	k__Fungi						
OTU4074	k__Fungi	p__Ascomycota					
OTU4075	k__Fungi	p__Ascomycota	c__Lecanoromycetes				
OTU4076	k__Fungi	p__Ascomycota	c__Lecanoromycetes				
OTU4077	k__Fungi	p__Ascomycota	c__Lecanoromycetes				
OTU4078	k__Fungi						
OTU4079	k__Fungi	p__Chytridiomycota					
OTU4080	k__Fungi						
OTU4081	k__Fungi	p__Ascomycota	c__Saccharomycetes	o__Saccharomycetales	f__Metschnikowiaceae	g__Metschnikowia	
OTU4082	k__Fungi						
OTU4083	k__Fungi						
OTU4084	k__Fungi	p__Ascomycota					
OTU4085	k__Fungi	p__Ascomycota	c__Lecanoromycetes				
OTU4086	k__Fungi						
OTU4087	k__Fungi						
OTU4088	k__Fungi	p__Ascomycota					
OTU4089	k__Fungi	p__Ascomycota					
OTU4090	k__Fungi						
OTU4091	k__Fungi	p__Chytridiomycota					
OTU4092	k__Fungi	p__Chytridiomycota					
OTU4093	k__Fungi	p__Ascomycota					
OTU4094	k__Fungi	p__Ascomycota					
OTU4095	k__Fungi	p__Ascomycota	c__Lecanoromycetes	o__Pertusariales	f__Pertusariaceae	g__Pertusaria	s__obruta
OTU4096	k__Fungi	p__Ascomycota	c__Lecanoromycetes				
OTU4097	k__Fungi						
OTU4098	k__Fungi						
OTU4099	k__Fungi	p__Ascomycota	c__Lecanoromycetes				
OTU4100	k__Fungi	p__Ascomycota	c__Lecanoromycetes				
OTU4101	k__Fungi						
OTU4102	k__Fungi						
OTU4103	k__Fungi	p__Chytridiomycota					
OTU4104	k__Fungi						
OTU4105	k__Fungi	p__Ascomycota					
OTU4106	k__Fungi						
OTU4107	k__Fungi	p__Ascomycota					
OTU4108	k__Fungi	p__Ascomycota					
OTU4109	k__Fungi						
OTU4110	k__Fungi						
OTU4111	k__Fungi						
OTU4112	k__Fungi						
OTU4113	k__Fungi	p__Ascomycota					
OTU4114	k__Fungi						
OTU4115	k__Fungi						
OTU4116	k__Fungi	p__Chytridiomycota					
OTU4117	k__Fungi	p__Ascomycota	c__Lecanoromycetes				
OTU4118	k__Fungi						
OTU4119	k__Fungi						
OTU4120	k__Fungi	p__Ascomycota	c__Lecanoromycetes				
OTU4121	k__Fungi	p__Ascomycota					
OTU4122	k__Fungi						
OTU4123	k__Fungi	p__Ascomycota					
OTU4124	k__Fungi						
OTU4125	k__Fungi	p__Chytridiomycota					
OTU4126	k__Fungi	p__Ascomycota	c__Dothideomycetes	o__Pleosporales	f__Pleosporaceae	g__Pyrenophora	s__biseptata
OTU4127	k__Fungi	p__Ascomycota	c__Lecanoromycetes				
OTU4128	k__Fungi	p__Chytridiomycota	c__Chytridiomycota_cls_Incertae_sedis	o__Chytridiomycota_ord_Incertae_sedis	f__Chytridiomycota_fam_Incertae_sedis	g__Chytridiomycota_gen_Incertae_sedis	
OTU4129	k__Fungi	p__Chytridiomycota					
OTU4130	k__Fungi						
OTU4131	k__Fungi						
OTU4132	k__Fungi	p__Chytridiomycota	c__Chytridiomycota_cls_Incertae_sedis	o__Chytridiomycota_ord_Incertae_sedis	f__Chytridiomycota_fam_Incertae_sedis	g__Chytridiomycota_gen_Incertae_sedis	
OTU4133	k__Fungi	p__Chytridiomycota	c__Chytridiomycota_cls_Incertae_sedis	o__Chytridiomycota_ord_Incertae_sedis	f__Chytridiomycota_fam_Incertae_sedis	g__Chytridiomycota_gen_Incertae_sedis	
OTU4134	k__Fungi	p__Ascomycota	c__Lecanoromycetes	o__Pertusariales	f__Pertusariaceae	g__Pertusaria	s__obruta
OTU4135	k__Fungi	p__Ascomycota	c__Lecanoromycetes				
OTU4136	k__Fungi						
OTU4137	k__Fungi						
OTU4138	k__Fungi	p__Ascomycota					
OTU4139	k__Fungi	p__Ascomycota	c__Lecanoromycetes	o__Pertusariales	f__Pertusariaceae	g__Pertusaria	s__obruta
OTU4140	k__Fungi						
OTU4141	k__Fungi						
OTU4142	k__Fungi	p__Ascomycota	c__Lecanoromycetes				
OTU4143	k__Fungi						
OTU4144	k__Fungi						
OTU4145	k__Fungi						
OTU4146	k__Fungi	p__Ascomycota	c__Lecanoromycetes				
OTU4147	k__Fungi						
OTU4148	k__Fungi	p__Ascomycota					
OTU4149	k__Fungi						
OTU4150	k__Fungi	p__Ascomycota					
OTU4151	k__Fungi						
OTU4152	k__Fungi						
OTU4153	k__Fungi	p__Ascomycota					
OTU4154	k__Fungi						
OTU4155	k__Fungi						
OTU4156	k__Fungi						
OTU4157	k__Fungi						
OTU4158	k__Fungi	p__Ascomycota	c__Lecanoromycetes				
OTU4159	k__Fungi						
OTU4160	k__Fungi						
OTU4161	k__Fungi	p__Ascomycota	c__Lecanoromycetes				
OTU4162	k__Fungi						
OTU4163	k__Fungi						
OTU4164	k__Fungi	p__Chytridiomycota					
OTU4165	k__Fungi						
OTU4166	k__Fungi						
OTU4167	k__Fungi	p__Ascomycota	c__Lecanoromycetes				
OTU4168	k__Fungi	p__Chytridiomycota					
OTU4169	k__Fungi						
OTU4170	k__Fungi	p__Ascomycota	c__Lecanoromycetes				
OTU4171	k__Fungi						
OTU4172	k__Fungi	p__Ascomycota					
OTU4173	k__Fungi						
OTU4174	k__Fungi	p__Ascomycota					
OTU4175	k__Fungi						
OTU4176	k__Fungi						
OTU4177	k__Fungi	p__Ascomycota	c__Lecanoromycetes				
OTU4178	k__Fungi						
OTU4179	k__Fungi						
OTU4180	k__Fungi	p__Ascomycota					
OTU4181	k__Fungi	p__Chytridiomycota					
OTU4182	k__Fungi	p__Ascomycota	c__Lecanoromycetes				
OTU4183	k__Fungi	p__Ascomycota	c__Lecanoromycetes				
OTU4184	k__Fungi	p__Ascomycota	c__Lecanoromycetes				
OTU4185	k__Fungi						
OTU4186	k__Fungi						
OTU4187	k__Fungi						
OTU4188	k__Fungi	p__Chytridiomycota					
OTU4189	k__Fungi	p__Ascomycota	c__Lecanoromycetes				
OTU4190	k__Fungi						
OTU4191	k__Fungi	p__Ascomycota					
OTU4192	k__Fungi						
OTU4193	k__Fungi						
OTU4194	k__Fungi	p__Ascomycota					
OTU4195	k__Fungi						
OTU4196	k__Fungi						
OTU4197	k__Fungi						
OTU4198	k__Fungi	p__Ascomycota	c__Lecanoromycetes				
OTU4199	k__Fungi						
OTU4200	k__Fungi	p__Chytridiomycota					
OTU4201	k__Fungi						
OTU4202	k__Fungi	p__Ascomycota					
OTU4203	k__Fungi	p__Ascomycota	c__Lecanoromycetes				
OTU4204	k__Fungi	p__Ascomycota					
OTU4205	k__Fungi						
OTU4206	k__Fungi	p__Ascomycota					
OTU4207	k__Fungi						
OTU4208	k__Fungi						
OTU4209	k__Fungi	p__Ascomycota	c__Lecanoromycetes				
OTU4210	k__Fungi	p__Ascomycota	c__Lecanoromycetes				
OTU4211	k__Fungi						
OTU4212	k__Fungi						
OTU4213	k__Fungi						
OTU4214	k__Fungi	p__Ascomycota	c__Lecanoromycetes				
OTU4215	k__Fungi	p__Ascomycota					
OTU4216	k__Fungi	p__Ascomycota	c__Lecanoromycetes				
OTU4217	k__Fungi	p__Ascomycota	c__Lecanoromycetes				
OTU4218	k__Fungi						
OTU4219	k__Fungi						
OTU4220	k__Fungi						
OTU4221	k__Fungi	p__Ascomycota					
OTU4222	k__Fungi	p__Ascomycota					
OTU4223	k__Fungi						
OTU4224	k__Fungi	p__Ascomycota					
OTU4225	k__Fungi	p__Ascomycota	c__Lecanoromycetes	o__Pertusariales	f__Pertusariaceae	g__Pertusaria	s__obruta
OTU4226	k__Fungi	p__Ascomycota	c__Lecanoromycetes				
OTU4227	k__Fungi						
OTU4228	k__Fungi	p__Chytridiomycota					
OTU4229	k__Fungi						
OTU4230	k__Fungi						
OTU4231	k__Fungi						
OTU4232	k__Fungi						
OTU4233	k__Fungi	p__Ascomycota					
OTU4234	k__Fungi						
OTU4235	k__Fungi						
OTU4236	k__Fungi	p__Ascomycota	c__Lecanoromycetes				
OTU4237	k__Fungi						
OTU4238	k__Fungi						
OTU4239	k__Fungi						
OTU4240	k__Fungi						
OTU4241	k__Fungi	p__Ascomycota					
OTU4242	k__Fungi	p__Ascomycota	c__Lecanoromycetes				
OTU4243	k__Fungi	p__Ascomycota	c__Lecanoromycetes				
OTU4244	k__Fungi						
OTU4245	k__Fungi	p__Ascomycota					
OTU4246	k__Fungi						
OTU4247	k__Fungi						
OTU4248	k__Fungi						
OTU4249	k__Fungi	p__Ascomycota	c__Lecanoromycetes				
OTU4250	k__Fungi						
OTU4251	k__Fungi						
OTU4252	k__Fungi	p__Ascomycota					
OTU4253	k__Fungi	p__Ascomycota	c__Lecanoromycetes				
OTU4254	k__Fungi	p__Ascomycota					
OTU4255	k__Fungi						
OTU4256	k__Fungi	p__Ascomycota					
OTU4257	k__Fungi						
OTU4258	k__Fungi						
OTU4259	k__Fungi						
OTU4260	k__Fungi						
OTU4261	k__Fungi	p__Ascomycota					
OTU4262	k__Fungi	p__Ascomycota					
OTU4263	k__Fungi						
OTU4264	k__Fungi						
OTU4265	k__Fungi	p__Ascomycota					
OTU4266	k__Fungi						
OTU4267	k__Fungi	p__Ascomycota					
OTU4268	k__Fungi	p__Ascomycota	c__Lecanoromycetes				
OTU4269	k__Fungi	p__Ascomycota	c__Lecanoromycetes				
OTU4270	k__Fungi						
OTU4271	k__Fungi	p__Ascomycota	c__Lecanoromycetes				
OTU4272	k__Fungi						
OTU4273	k__Fungi	p__Ascomycota					
OTU4274	k__Fungi	p__Ascomycota					
OTU4275	k__Fungi	p__Ascomycota	c__Lecanoromycetes				
OTU4276	k__Fungi	p__Ascomycota	c__Lecanoromycetes				
OTU4277	k__Fungi						
OTU4278	k__Fungi	p__Ascomycota					
OTU4279	k__Fungi	p__Chytridiomycota	c__Chytridiomycota_cls_Incertae_sedis	o__Chytridiomycota_ord_Incertae_sedis	f__Chytridiomycota_fam_Incertae_sedis	g__Chytridiomycota_gen_Incertae_sedis	
OTU4280	k__Fungi	p__Chytridiomycota					
OTU4281	k__Fungi						
OTU4282	k__Fungi						
OTU4283	k__Fungi	p__Ascomycota	c__Lecanoromycetes				
OTU4284	k__Fungi						
OTU4285	k__Fungi	p__Ascomycota	c__Lecanoromycetes				
OTU4286	k__Fungi						
OTU4287	k__Fungi						
OTU4288	k__Fungi	p__Chytridiomycota					
OTU4289	k__Fungi	p__Ascomycota	c__Lecanoromycetes				
OTU4290	k__Fungi	p__Ascomycota					
OTU4291	k__Fungi	p__Ascomycota					
OTU4292	k__Fungi	p__Ascomycota	c__Lecanoromycetes	o__Pertusariales	f__Pertusariaceae	g__Pertusaria	s__obruta
OTU4293	k__Fungi	p__Ascomycota					
OTU4294	k__Fungi	p__Ascomycota	c__Lecanoromycetes				
OTU4295	k__Fungi	p__Chytridiomycota					
OTU4296	k__Fungi	p__Ascomycota					
OTU4297	k__Fungi	p__Chytridiomycota					
OTU4298	k__Fungi						
OTU4299	k__Fungi						
OTU4300	k__Fungi						
OTU4301	k__Fungi	p__Ascomycota	c__Lecanoromycetes				
OTU4302	k__Fungi	p__Ascomycota					
OTU4303	k__Fungi						
OTU4304	k__Fungi	p__Ascomycota	c__Lecanoromycetes				
OTU4305	k__Fungi	p__Ascomycota	c__Lecanoromycetes	o__Pertusariales	f__Pertusariaceae	g__Pertusaria	s__obruta
OTU4306	k__Fungi						
OTU4307	k__Fungi	p__Ascomycota	c__Lecanoromycetes				
OTU4308	k__Fungi	p__Ascomycota					
OTU4309	k__Fungi	p__Ascomycota	c__Lecanoromycetes				
OTU4310	k__Fungi	p__Ascomycota					
OTU4311	k__Fungi	p__Chytridiomycota					
OTU4312	k__Fungi	p__Chytridiomycota					
OTU4313	k__Fungi						
OTU4314	k__Fungi						
OTU4315	k__Fungi						
OTU4316	k__Fungi						
OTU4317	k__Fungi						
OTU4318	k__Fungi						
OTU4319	k__Fungi						
OTU4320	k__Fungi	p__Ascomycota					
OTU4321	k__Fungi	p__Ascomycota					
OTU4322	k__Fungi	p__Ascomycota					
OTU4323	k__Fungi	p__Ascomycota					
OTU4324	k__Fungi	p__Ascomycota					
OTU4325	k__Fungi						
OTU4326	k__Fungi	p__Ascomycota	c__Lecanoromycetes				
OTU4327	k__Fungi						
OTU4328	k__Fungi	p__Ascomycota					
OTU4329	k__Fungi	p__Chytridiomycota					
OTU4330	k__Fungi						
OTU4331	k__Fungi						
OTU4332	k__Fungi						
OTU4333	k__Fungi						
OTU4334	k__Fungi						
OTU4335	k__Fungi						
OTU4336	k__Fungi						
OTU4337	k__Fungi	p__Ascomycota					
OTU4338	k__Fungi	p__Ascomycota	c__Lecanoromycetes				
OTU4339	k__Fungi	p__Ascomycota	c__Lecanoromycetes				
OTU4340	k__Fungi						
OTU4341	k__Fungi	p__Ascomycota					
OTU4342	k__Fungi	p__Chytridiomycota	c__Chytridiomycota_cls_Incertae_sedis	o__Chytridiomycota_ord_Incertae_sedis	f__Chytridiomycota_fam_Incertae_sedis	g__Chytridiomycota_gen_Incertae_sedis	
OTU4343	k__Fungi						
OTU4344	k__Fungi						
OTU4345	k__Fungi						
OTU4346	k__Fungi	p__Ascomycota					
OTU4347	k__Fungi						
OTU4348	k__Fungi						
OTU4349	k__Fungi	p__Ascomycota					
OTU4350	k__Fungi	p__Ascomycota					
OTU4351	k__Fungi						
OTU4352	k__Fungi	p__Ascomycota					
OTU4353	k__Fungi						
OTU4354	k__Fungi						
OTU4355	k__Fungi						
OTU4356	k__Fungi	p__Ascomycota					
OTU4357	k__Fungi	p__Ascomycota	c__Lecanoromycetes				
OTU4358	k__Fungi	p__Ascomycota					
OTU4359	k__Fungi	p__Chytridiomycota					
OTU4360	k__Fungi						
OTU4361	k__Fungi						
OTU4362	k__Fungi						
OTU4363	k__Fungi						
OTU4364	k__Fungi						
OTU4365	k__Fungi	p__Chytridiomycota	c__Chytridiomycota_cls_Incertae_sedis	o__Chytridiomycota_ord_Incertae_sedis	f__Chytridiomycota_fam_Incertae_sedis	g__Chytridiomycota_gen_Incertae_sedis	
OTU4366	k__Fungi						
OTU4367	k__Fungi	p__Ascomycota					
OTU4368	k__Fungi						
OTU4369	k__Fungi						
OTU4370	k__Fungi	p__Chytridiomycota	c__Chytridiomycota_cls_Incertae_sedis	o__Chytridiomycota_ord_Incertae_sedis	f__Chytridiomycota_fam_Incertae_sedis	g__Chytridiomycota_gen_Incertae_sedis	
OTU4371	k__Fungi	p__Ascomycota					
OTU4372	k__Fungi	p__Ascomycota					
OTU4373	k__Fungi						
OTU4374	k__Fungi						
OTU4375	k__Fungi						
OTU4376	k__Fungi						
OTU4377	k__Fungi						
OTU4378	k__Fungi						
OTU4379	k__Fungi	p__Ascomycota					
OTU4380	k__Fungi						
OTU4381	k__Fungi						
OTU4382	k__Fungi	p__Ascomycota					
OTU4383	k__Fungi						
OTU4384	k__Fungi	p__Ascomycota					
OTU4385	k__Fungi	p__Ascomycota					
OTU4386	k__Fungi	p__Chytridiomycota					
OTU4387	k__Fungi						
OTU4388	k__Fungi						
OTU4389	k__Fungi						
OTU4390	k__Fungi	p__Ascomycota	c__Lecanoromycetes				
OTU4391	k__Fungi	p__Ascomycota					
OTU4392	k__Fungi						
OTU4393	k__Fungi						
OTU4394	k__Fungi	p__Ascomycota	c__Lecanoromycetes	o__Pertusariales	f__Pertusariaceae	g__Pertusaria	s__obruta
OTU4395	k__Fungi						
OTU4396	k__Fungi	p__Ascomycota					
OTU4397	k__Fungi						
OTU4398	k__Fungi						
OTU4399	k__Fungi						
OTU4400	k__Fungi						
OTU4401	k__Fungi						
OTU4402	k__Fungi	p__Chytridiomycota	c__Chytridiomycota_cls_Incertae_sedis	o__Chytridiomycota_ord_Incertae_sedis			
OTU4403	k__Fungi						
OTU4404	k__Fungi						
OTU4405	k__Fungi	p__Ascomycota	c__Lecanoromycetes	o__Graphidales	f__Gomphillaceae	g__Gomphillus	s__calycioides
OTU4406	k__Fungi	p__Chytridiomycota	c__Chytridiomycota_cls_Incertae_sedis	o__Chytridiomycota_ord_Incertae_sedis	f__Chytridiomycota_fam_Incertae_sedis	g__Chytridiomycota_gen_Incertae_sedis	
OTU4407	k__Fungi	p__Ascomycota					
OTU4408	k__Fungi						
OTU4409	k__Fungi						
OTU4410	k__Fungi	p__Ascomycota	c__Lecanoromycetes				
OTU4411	k__Fungi						
OTU4412	k__Fungi						
OTU4413	k__Fungi	p__Ascomycota					
OTU4414	k__Fungi						
OTU4415	k__Fungi	p__Chytridiomycota					
OTU4416	k__Fungi						
OTU4417	k__Fungi						
OTU4418	k__Fungi						
OTU4419	k__Fungi	p__Ascomycota					
OTU4420	k__Fungi	p__Ascomycota					
OTU4421	k__Fungi	p__Ascomycota					
OTU4422	k__Fungi	p__Ascomycota					
OTU4423	k__Fungi	p__Chytridiomycota					
OTU4424	k__Fungi						
OTU4425	k__Fungi						
OTU4426	k__Fungi						
OTU4427	k__Fungi						
OTU4428	k__Fungi	p__Ascomycota	c__Lecanoromycetes				
OTU4429	k__Fungi						
OTU4430	k__Fungi	p__Ascomycota	c__Lecanoromycetes				
OTU4431	k__Fungi	p__Chytridiomycota	c__Chytridiomycota_cls_Incertae_sedis	o__Chytridiomycota_ord_Incertae_sedis	f__Chytridiomycota_fam_Incertae_sedis	g__Chytridiomycota_gen_Incertae_sedis	
OTU4432	k__Fungi	p__Ascomycota	c__Lecanoromycetes				
OTU4433	k__Fungi						
OTU4434	k__Fungi	p__Ascomycota					
OTU4435	k__Fungi	p__Ascomycota					
OTU4436	k__Fungi	p__Ascomycota					
OTU4437	k__Fungi						
OTU4438	k__Fungi						
OTU4439	k__Fungi						
OTU4440	k__Fungi	p__Ascomycota	c__Lecanoromycetes				
OTU4441	k__Fungi						
OTU4442	k__Fungi	p__Ascomycota	c__Lecanoromycetes	o__Pertusariales	f__Pertusariaceae	g__Pertusaria	s__obruta
OTU4443	k__Fungi	p__Ascomycota					
OTU4444	k__Fungi						
OTU4445	k__Fungi						
OTU4446	k__Fungi						
OTU4447	k__Fungi						
OTU4448	k__Fungi	p__Ascomycota	c__Lecanoromycetes				
OTU4449	k__Fungi						
OTU4450	k__Fungi						
OTU4451	k__Fungi	p__Ascomycota					
OTU4452	k__Fungi	p__Ascomycota	c__Lecanoromycetes				
OTU4453	k__Fungi	p__Ascomycota					
OTU4454	k__Fungi	p__Ascomycota	c__Lecanoromycetes				
OTU4455	k__Fungi						
OTU4456	k__Fungi	p__Ascomycota	c__Lecanoromycetes				
OTU4457	k__Fungi	p__Chytridiomycota	c__Chytridiomycota_cls_Incertae_sedis	o__Chytridiomycota_ord_Incertae_sedis	f__Chytridiomycota_fam_Incertae_sedis	g__Chytridiomycota_gen_Incertae_sedis	
OTU4458	k__Fungi						
OTU4459	k__Fungi	p__Ascomycota	c__Lecanoromycetes				
OTU4460	k__Fungi	p__Ascomycota					
OTU4461	k__Fungi	p__Ascomycota					
OTU4462	k__Fungi						
OTU4463	k__Fungi	p__Ascomycota					
OTU4464	k__Fungi	p__Basidiomycota	c__Agaricomycetes	o__Russulales			
OTU4465	k__Fungi						
OTU4466	k__Fungi	p__Ascomycota					
OTU4467	k__Fungi						
OTU4468	k__Fungi						
OTU4469	k__Fungi						
OTU4470	k__Fungi						
OTU4471	k__Fungi						
OTU4472	k__Fungi						
OTU4473	k__Fungi	p__Ascomycota					
OTU4474	k__Fungi	p__Chytridiomycota					
OTU4475	k__Fungi	p__Ascomycota	c__Lecanoromycetes				
OTU4476	k__Fungi						
OTU4477	k__Fungi						
OTU4478	k__Fungi	p__Ascomycota	c__Lecanoromycetes				
OTU4479	k__Fungi	p__Ascomycota					
OTU4480	k__Fungi						
OTU4481	k__Fungi						
OTU4482	k__Fungi	p__Ascomycota					
OTU4483	k__Fungi	p__Ascomycota	c__Lecanoromycetes				
OTU4484	k__Fungi						
OTU4485	k__Fungi						
OTU4486	k__Fungi	p__Ascomycota	c__Lecanoromycetes				
OTU4487	k__Fungi						
OTU4488	k__Fungi						
OTU4489	k__Fungi	p__Ascomycota	c__Lecanoromycetes				
OTU4490	k__Fungi						
OTU4491	k__Fungi	p__Ascomycota	c__Lecanoromycetes				
OTU4492	k__Fungi	p__Ascomycota	c__Lecanoromycetes	o__Pertusariales	f__Pertusariaceae	g__Pertusaria	s__obruta
OTU4493	k__Fungi	p__Ascomycota					
OTU4494	k__Fungi						
OTU4495	k__Fungi	p__Chytridiomycota					
OTU4496	k__Fungi	p__Ascomycota	c__Lecanoromycetes	o__Graphidales	f__Gomphillaceae	g__Gomphillus	
OTU4497	k__Fungi	p__Ascomycota					
OTU4498	k__Fungi						
OTU4499	k__Fungi						
OTU4500	k__Fungi	p__Ascomycota					
OTU4501	k__Fungi	p__Fungi_phy_Incertae_sedis	c__Fungi_cls_Incertae_sedis	o__Fungi_ord_Incertae_sedis	f__Fungi_fam_Incertae_sedis	g__Fungi_gen_Incertae_sedis	
OTU4502	k__Fungi						
OTU4503	k__Fungi						
OTU4504	k__Fungi						
OTU4505	k__Fungi	p__Ascomycota					
OTU4506	k__Fungi						
OTU4507	k__Fungi	p__Ascomycota					
OTU4508	k__Fungi	p__Ascomycota					
OTU4509	k__Fungi						
OTU4510	k__Fungi						
OTU4511	k__Fungi						
OTU4512	k__Fungi	p__Ascomycota	c__Lecanoromycetes				
OTU4513	k__Fungi	p__Ascomycota					
OTU4514	k__Fungi	p__Ascomycota					
OTU4515	k__Fungi	p__Ascomycota	c__Lecanoromycetes				
OTU4516	k__Fungi						
OTU4517	k__Fungi						
OTU4518	k__Fungi	p__Chytridiomycota	c__Chytridiomycota_cls_Incertae_sedis	o__Chytridiomycota_ord_Incertae_sedis	f__Chytridiomycota_fam_Incertae_sedis	g__Chytridiomycota_gen_Incertae_sedis	
OTU4519	k__Fungi	p__Ascomycota	c__Lecanoromycetes				
OTU4520	k__Fungi						
OTU4521	k__Fungi						
OTU4522	k__Fungi						
OTU4523	k__Fungi						
OTU4524	k__Fungi						
OTU4525	k__Fungi	p__Ascomycota					
OTU4526	k__Fungi	p__Ascomycota					
OTU4527	k__Fungi						
OTU4528	k__Fungi						
OTU4529	k__Fungi	p__Ascomycota	c__Sordariomycetes	o__Pleurotheciales	f__Pleurotheciaceae	g__Helgardiomyces	s__anguioides
OTU4530	k__Fungi	p__Ascomycota					
OTU4531	k__Fungi	p__Ascomycota					
OTU4532	k__Fungi	p__Ascomycota	c__Lecanoromycetes				
OTU4533	k__Fungi	p__Ascomycota					
OTU4534	k__Fungi	p__Ascomycota	c__Lecanoromycetes				
OTU4535	k__Fungi						
OTU4536	k__Fungi						
OTU4537	k__Fungi	p__Ascomycota	c__Lecanoromycetes				
OTU4538	k__Fungi						
OTU4539	k__Fungi						
OTU4540	k__Fungi	p__Ascomycota	c__Lecanoromycetes	o__Pertusariales	f__Pertusariaceae	g__Pertusaria	s__obruta
OTU4541	k__Fungi	p__Ascomycota					
OTU4542	k__Fungi						
OTU4543	k__Fungi						
OTU4544	k__Fungi						
OTU4545	k__Fungi	p__Ascomycota	c__Lecanoromycetes				
OTU4546	k__Fungi						
OTU4547	k__Fungi	p__Ascomycota	c__Saccharomycetes	o__Saccharomycetales	f__Metschnikowiaceae	g__Metschnikowia	
OTU4548	k__Fungi	p__Ascomycota					
OTU4549	k__Fungi						
OTU4550	k__Fungi	p__Ascomycota					
OTU4551	k__Fungi						
OTU4552	k__Fungi	p__Chytridiomycota					
OTU4553	k__Fungi						
OTU4554	k__Fungi						
OTU4555	k__Fungi						
OTU4556	k__Fungi	p__Ascomycota					
OTU4557	k__Fungi	p__Ascomycota					
OTU4558	k__Fungi	p__Ascomycota	c__Lecanoromycetes	o__Pertusariales	f__Pertusariaceae	g__Pertusaria	s__obruta
OTU4559	k__Fungi	p__Chytridiomycota	c__Chytridiomycota_cls_Incertae_sedis	o__Chytridiomycota_ord_Incertae_sedis	f__Chytridiomycota_fam_Incertae_sedis	g__Chytridiomycota_gen_Incertae_sedis	
OTU4560	k__Fungi	p__Ascomycota	c__Lecanoromycetes	o__Pertusariales	f__Pertusariaceae	g__Pertusaria	s__obruta
OTU4561	k__Fungi						
OTU4562	k__Fungi						
OTU4563	k__Fungi	p__Ascomycota	c__Lecanoromycetes				
OTU4564	k__Fungi	p__Chytridiomycota	c__Chytridiomycota_cls_Incertae_sedis	o__Chytridiomycota_ord_Incertae_sedis	f__Chytridiomycota_fam_Incertae_sedis	g__Chytridiomycota_gen_Incertae_sedis	
OTU4565	k__Fungi	p__Ascomycota	c__Lecanoromycetes				
OTU4566	k__Fungi	p__Ascomycota					
OTU4567	k__Fungi	p__Chytridiomycota					
OTU4568	k__Fungi						
OTU4569	k__Fungi						
OTU4570	k__Fungi						
OTU4571	k__Fungi	p__Ascomycota	c__Lecanoromycetes				
OTU4572	k__Fungi	p__Ascomycota					
OTU4573	k__Fungi	p__Chytridiomycota					
OTU4574	k__Fungi						
OTU4575	k__Fungi						
OTU4576	k__Fungi						
OTU4577	k__Fungi	p__Ascomycota					
OTU4578	k__Fungi	p__Ascomycota					
OTU4579	k__Fungi						
OTU4580	k__Fungi	p__Ascomycota					
OTU4581	k__Fungi						
OTU4582	k__Fungi						
OTU4583	k__Fungi	p__Chytridiomycota					
OTU4584	k__Fungi						
OTU4585	k__Fungi						
OTU4586	k__Fungi	p__Ascomycota	c__Lecanoromycetes				
OTU4587	k__Fungi						
OTU4588	k__Fungi	p__Ascomycota	c__Lecanoromycetes				
OTU4589	k__Fungi						
OTU4590	k__Fungi						
OTU4591	k__Fungi	p__Ascomycota	c__Lecanoromycetes				
OTU4592	k__Fungi						
OTU4593	k__Fungi						
OTU4594	k__Fungi	p__Ascomycota	c__Lecanoromycetes	o__Pertusariales	f__Pertusariaceae	g__Pertusaria	s__obruta
OTU4595	k__Fungi	p__Ascomycota					
OTU4596	k__Fungi	p__Ascomycota					
OTU4597	k__Fungi	p__Ascomycota	c__Lecanoromycetes				
OTU4598	k__Fungi						
OTU4599	k__Fungi	p__Ascomycota					
OTU4600	k__Fungi	p__Ascomycota	c__Lecanoromycetes				
OTU4601	k__Fungi						
OTU4602	k__Fungi	p__Chytridiomycota					
OTU4603	k__Fungi	p__Ascomycota					
OTU4604	k__Fungi	p__Ascomycota	c__Lecanoromycetes				
OTU4605	k__Fungi						
OTU4606	k__Fungi						
OTU4607	k__Fungi	p__Ascomycota					
OTU4608	k__Fungi	p__Ascomycota	c__Lecanoromycetes				
OTU4609	k__Fungi						
OTU4610	k__Fungi						
OTU4611	k__Fungi						
OTU4612	k__Fungi						
OTU4613	k__Fungi	p__Ascomycota					
OTU4614	k__Fungi	p__Ascomycota	c__Lecanoromycetes	o__Pertusariales	f__Pertusariaceae	g__Pertusaria	s__obruta
OTU4615	k__Fungi	p__Ascomycota	c__Lecanoromycetes				
OTU4616	k__Fungi						
OTU4617	k__Fungi						
OTU4618	k__Fungi						
OTU4619	k__Fungi						
OTU4620	k__Fungi						
OTU4621	k__Fungi	p__Ascomycota					
OTU4622	k__Fungi						
OTU4623	k__Fungi	p__Ascomycota					
OTU4624	k__Fungi						
OTU4625	k__Fungi						
OTU4626	k__Fungi						
OTU4627	k__Fungi						
OTU4628	k__Fungi	p__Ascomycota					
OTU4629	k__Fungi						
OTU4630	k__Fungi						
OTU4631	k__Fungi	p__Ascomycota	c__Lecanoromycetes				
OTU4632	k__Fungi	p__Ascomycota					
OTU4633	k__Fungi						
OTU4634	k__Fungi						
OTU4635	k__Fungi	p__Chytridiomycota					
OTU4636	k__Fungi						
OTU4637	k__Fungi						
OTU4638	k__Fungi	p__Ascomycota					
OTU4639	k__Fungi	p__Ascomycota					
OTU4640	k__Fungi	p__Ascomycota					
OTU4641	k__Fungi						
OTU4642	k__Fungi	p__Chytridiomycota					
OTU4643	k__Fungi						
OTU4644	k__Fungi	p__Ascomycota	c__Lecanoromycetes				
OTU4645	k__Fungi	p__Ascomycota	c__Lecanoromycetes				
OTU4646	k__Fungi	p__Ascomycota	c__Lecanoromycetes				
OTU4647	k__Fungi	p__Ascomycota	c__Lecanoromycetes				
OTU4648	k__Fungi						
OTU4649	k__Fungi	p__Ascomycota					
OTU4650	k__Fungi						
OTU4651	k__Fungi	p__Ascomycota	c__Lecanoromycetes				
OTU4652	k__Fungi	p__Ascomycota					
OTU4653	k__Fungi	p__Ascomycota	c__Lecanoromycetes				
OTU4654	k__Fungi	p__Ascomycota	c__Lecanoromycetes				
OTU4655	k__Fungi	p__Chytridiomycota					
OTU4656	k__Fungi	p__Ascomycota	c__Lecanoromycetes				
OTU4657	k__Fungi	p__Ascomycota	c__Lecanoromycetes				
OTU4658	k__Fungi						
OTU4659	k__Fungi						
OTU4660	k__Fungi	p__Chytridiomycota					
OTU4661	k__Fungi	p__Ascomycota					
OTU4662	k__Fungi	p__Ascomycota	c__Lecanoromycetes	o__Pertusariales	f__Pertusariaceae	g__Pertusaria	s__obruta
OTU4663	k__Fungi	p__Ascomycota	c__Lecanoromycetes				
OTU4664	k__Fungi	p__Ascomycota					
OTU4665	k__Fungi						
OTU4666	k__Fungi	p__Chytridiomycota	c__Chytridiomycota_cls_Incertae_sedis	o__Chytridiomycota_ord_Incertae_sedis	f__Chytridiomycota_fam_Incertae_sedis	g__Chytridiomycota_gen_Incertae_sedis	
OTU4667	k__Fungi						
OTU4668	k__Fungi	p__Ascomycota					
OTU4669	k__Fungi	p__Ascomycota	c__Lecanoromycetes				
OTU4670	k__Fungi						
OTU4671	k__Fungi	p__Chytridiomycota					
OTU4672	k__Fungi						
OTU4673	k__Fungi	p__Chytridiomycota					
OTU4674	k__Fungi						
OTU4675	k__Fungi						
OTU4676	k__Fungi	p__Ascomycota	c__Lecanoromycetes				
OTU4677	k__Fungi						
OTU4678	k__Fungi	p__Ascomycota					
OTU4679	k__Fungi						
OTU4680	k__Fungi	p__Chytridiomycota					
OTU4681	k__Fungi						
OTU4682	k__Fungi	p__Ascomycota					
OTU4683	k__Fungi						
OTU4684	k__Fungi						
OTU4685	k__Fungi	p__Chytridiomycota	c__Chytridiomycota_cls_Incertae_sedis	o__Chytridiomycota_ord_Incertae_sedis	f__Chytridiomycota_fam_Incertae_sedis	g__Chytridiomycota_gen_Incertae_sedis	
OTU4686	k__Fungi	p__Chytridiomycota					
OTU4687	k__Fungi	p__Chytridiomycota					
OTU4688	k__Fungi	p__Ascomycota					
OTU4689	k__Fungi						
OTU4690	k__Fungi						
OTU4691	k__Fungi						
OTU4692	k__Fungi						
OTU4693	k__Fungi						
OTU4694	k__Fungi						
OTU4695	k__Fungi	p__Ascomycota					
OTU4696	k__Fungi						
OTU4697	k__Fungi	p__Chytridiomycota	c__Chytridiomycota_cls_Incertae_sedis	o__Chytridiomycota_ord_Incertae_sedis	f__Chytridiomycota_fam_Incertae_sedis	g__Chytridiomycota_gen_Incertae_sedis	
OTU4698	k__Fungi						
OTU4699	k__Fungi						
OTU4700	k__Fungi	p__Ascomycota					
OTU4701	k__Fungi						
OTU4702	k__Fungi						
OTU4703	k__Fungi						
OTU4704	k__Fungi	p__Ascomycota					
OTU4705	k__Fungi	p__Ascomycota	c__Lecanoromycetes				
OTU4706	k__Fungi						
OTU4707	k__Fungi	p__Ascomycota	c__Sordariomycetes	o__Glomerellales	f__Glomerellaceae	g__Colletotrichum	s__shivasii
OTU4708	k__Fungi	p__Ascomycota					
OTU4709	k__Fungi	p__Ascomycota					
OTU4710	k__Fungi	p__Ascomycota					
OTU4711	k__Fungi						
OTU4712	k__Fungi	p__Ascomycota	c__Lecanoromycetes	o__Pertusariales	f__Pertusariaceae	g__Pertusaria	s__obruta
OTU4713	k__Fungi	p__Chytridiomycota					
OTU4714	k__Fungi						
OTU4715	k__Fungi						
OTU4716	k__Fungi	p__Ascomycota					
OTU4717	k__Fungi	p__Ascomycota					
OTU4718	k__Fungi						
OTU4719	k__Fungi	p__Ascomycota	c__Saccharomycetes	o__Saccharomycetales	f__Saccharomycetales_fam_Incertae_sedis	g__Candida	s__albicans
OTU4720	k__Fungi	p__Ascomycota	c__Lecanoromycetes	o__Pertusariales	f__Pertusariaceae	g__Pertusaria	s__obruta
OTU4721	k__Fungi	p__Ascomycota	c__Lecanoromycetes				
OTU4722	k__Fungi	p__Ascomycota	c__Lecanoromycetes				
OTU4723	k__Fungi						
OTU4724	k__Fungi						
OTU4725	k__Fungi	p__Ascomycota	c__Lecanoromycetes				
OTU4726	k__Fungi						
OTU4727	k__Fungi	p__Chytridiomycota	c__Chytridiomycota_cls_Incertae_sedis	o__Chytridiomycota_ord_Incertae_sedis	f__Chytridiomycota_fam_Incertae_sedis	g__Chytridiomycota_gen_Incertae_sedis	
OTU4728	k__Fungi						
OTU4729	k__Fungi	p__Ascomycota	c__Lecanoromycetes				
OTU4730	k__Fungi						
OTU4731	k__Fungi	p__Ascomycota	c__Lecanoromycetes				
OTU4732	k__Fungi	p__Ascomycota					
OTU4733	k__Fungi						
OTU4734	k__Fungi	p__Chytridiomycota	c__Chytridiomycota_cls_Incertae_sedis	o__Chytridiomycota_ord_Incertae_sedis	f__Chytridiomycota_fam_Incertae_sedis	g__Chytridiomycota_gen_Incertae_sedis	
OTU4735	k__Fungi	p__Chytridiomycota					
OTU4736	k__Fungi	p__Chytridiomycota	c__Chytridiomycota_cls_Incertae_sedis	o__Chytridiomycota_ord_Incertae_sedis	f__Chytridiomycota_fam_Incertae_sedis	g__Chytridiomycota_gen_Incertae_sedis	
OTU4737	k__Fungi						
OTU4738	k__Fungi						
OTU4739	k__Fungi	p__Ascomycota					
OTU4740	k__Fungi	p__Ascomycota	c__Lecanoromycetes	o__Caliciales	f__Physciaceae	g__Kurokawia	s__palmulata
OTU4741	k__Fungi	p__Ascomycota					
OTU4742	k__Fungi	p__Ascomycota	c__Lecanoromycetes				
OTU4743	k__Fungi	p__Ascomycota	c__Lecanoromycetes				
OTU4744	k__Fungi						
OTU4745	k__Fungi	p__Chytridiomycota					
OTU4746	k__Fungi						
OTU4747	k__Fungi	p__Ascomycota	c__Dothideomycetes	o__Pleosporales	f__Pleosporaceae	g__Alternaria	
OTU4748	k__Fungi	p__Chytridiomycota					
OTU4749	k__Fungi	p__Ascomycota					
OTU4750	k__Fungi	p__Ascomycota	c__Lecanoromycetes				
OTU4751	k__Fungi						
OTU4752	k__Fungi						
OTU4753	k__Fungi	p__Ascomycota					
OTU4754	k__Fungi	p__Chytridiomycota					
OTU4755	k__Fungi	p__Chytridiomycota					
OTU4756	k__Fungi	p__Ascomycota	c__Lecanoromycetes				
OTU4757	k__Fungi						
OTU4758	k__Fungi						
OTU4759	k__Fungi						
OTU4760	k__Fungi	p__Ascomycota	c__Lecanoromycetes				
OTU4761	k__Fungi	p__Ascomycota	c__Lecanoromycetes				
OTU4762	k__Fungi	p__Basidiomycota	c__Agaricomycetes	o__Polyporales	f__Irpicaceae	g__Irpex	s__lacteus
OTU4763	k__Fungi	p__Ascomycota					
OTU4764	k__Fungi						
OTU4765	k__Fungi	p__Ascomycota					
OTU4766	k__Fungi	p__Chytridiomycota					
OTU4767	k__Fungi						
OTU4768	k__Fungi						
OTU4769	k__Fungi	p__Ascomycota	c__Lecanoromycetes				
OTU4770	k__Fungi						
OTU4771	k__Fungi						
OTU4772	k__Fungi	p__Chytridiomycota					
OTU4773	k__Fungi						
OTU4774	k__Fungi	p__Ascomycota					
OTU4775	k__Fungi						
OTU4776	k__Fungi						
OTU4777	k__Fungi	p__Ascomycota					
OTU4778	k__Fungi						
OTU4779	k__Fungi	p__Ascomycota	c__Lecanoromycetes	o__Pertusariales	f__Pertusariaceae	g__Pertusaria	s__obruta
OTU4780	k__Fungi						
OTU4781	k__Fungi	p__Ascomycota	c__Lecanoromycetes				
OTU4782	k__Fungi						
OTU4783	k__Fungi						
OTU4784	k__Fungi	p__Ascomycota					
OTU4785	k__Fungi						
OTU4786	k__Fungi						
OTU4787	k__Fungi						
OTU4788	k__Fungi	p__Fungi_phy_Incertae_sedis	c__Fungi_cls_Incertae_sedis	o__Fungi_ord_Incertae_sedis	f__Fungi_fam_Incertae_sedis	g__Fungi_gen_Incertae_sedis	
OTU4789	k__Fungi	p__Ascomycota	c__Lecanoromycetes				
OTU4790	k__Fungi						
OTU4791	k__Fungi						
OTU4792	k__Fungi	p__Ascomycota	c__Lecanoromycetes				
OTU4793	k__Fungi						
OTU4794	k__Fungi	p__Chytridiomycota					
OTU4795	k__Fungi	p__Chytridiomycota					
OTU4796	k__Fungi	p__Chytridiomycota					
OTU4797	k__Fungi						
OTU4798	k__Fungi	p__Ascomycota	c__Lecanoromycetes				
OTU4799	k__Fungi						
OTU4800	k__Fungi						
OTU4801	k__Fungi	p__Chytridiomycota					
OTU4802	k__Fungi						
OTU4803	k__Fungi						
OTU4804	k__Fungi	p__Ascomycota	c__Lecanoromycetes				
OTU4805	k__Fungi	p__Ascomycota	c__Lecanoromycetes				
OTU4806	k__Fungi						
OTU4807	k__Fungi	p__Ascomycota	c__Lecanoromycetes				
OTU4808	k__Fungi						
OTU4809	k__Fungi						
OTU4810	k__Fungi	p__Ascomycota	c__Lecanoromycetes				
OTU4811	k__Fungi	p__Ascomycota					
OTU4812	k__Fungi						
OTU4813	k__Fungi	p__Ascomycota					
OTU4814	k__Fungi	p__Ascomycota					
OTU4815	k__Fungi						
OTU4816	k__Fungi						
OTU4817	k__Fungi	p__Ascomycota	c__Lecanoromycetes	o__Pertusariales	f__Pertusariaceae	g__Pertusaria	s__obruta
OTU4818	k__Fungi	p__Chytridiomycota	c__Chytridiomycota_cls_Incertae_sedis	o__Chytridiomycota_ord_Incertae_sedis	f__Chytridiomycota_fam_Incertae_sedis	g__Chytridiomycota_gen_Incertae_sedis	
OTU4819	k__Fungi	p__Ascomycota					
OTU4820	k__Fungi						
OTU4821	k__Fungi	p__Chytridiomycota	c__Chytridiomycota_cls_Incertae_sedis	o__Chytridiomycota_ord_Incertae_sedis	f__Chytridiomycota_fam_Incertae_sedis	g__Chytridiomycota_gen_Incertae_sedis	
OTU4822	k__Fungi	p__Ascomycota	c__Lecanoromycetes	o__Pertusariales	f__Pertusariaceae	g__Pertusaria	s__obruta
OTU4823	k__Fungi	p__Ascomycota					
OTU4824	k__Fungi	p__Chytridiomycota					
OTU4825	k__Fungi						
OTU4826	k__Fungi	p__Ascomycota					
OTU4827	k__Fungi						
OTU4828	k__Fungi						
OTU4829	k__Fungi						
OTU4830	k__Fungi	p__Ascomycota	c__Lecanoromycetes				
OTU4831	k__Fungi	p__Chytridiomycota					
OTU4832	k__Fungi						
OTU4833	k__Fungi	p__Chytridiomycota	c__Chytridiomycota_cls_Incertae_sedis	o__Chytridiomycota_ord_Incertae_sedis	f__Chytridiomycota_fam_Incertae_sedis	g__Chytridiomycota_gen_Incertae_sedis	
OTU4834	k__Fungi	p__Ascomycota					
OTU4835	k__Fungi						
OTU4836	k__Fungi						
OTU4837	k__Fungi	p__Ascomycota	c__Lecanoromycetes	o__Pertusariales	f__Pertusariaceae	g__Pertusaria	s__obruta
OTU4838	k__Fungi	p__Ascomycota					
OTU4839	k__Fungi	p__Ascomycota					
OTU4840	k__Fungi						
OTU4841	k__Fungi						
OTU4842	k__Fungi						
OTU4843	k__Fungi						
OTU4844	k__Fungi	p__Ascomycota					
OTU4845	k__Fungi	p__Chytridiomycota					
OTU4846	k__Fungi						
OTU4847	k__Fungi						
OTU4848	k__Fungi						
OTU4849	k__Fungi						
OTU4850	k__Fungi						
OTU4851	k__Fungi	p__Ascomycota					
OTU4852	k__Fungi						
OTU4853	k__Fungi						
OTU4854	k__Fungi						
OTU4855	k__Fungi						
OTU4856	k__Fungi	p__Ascomycota					
OTU4857	k__Fungi	p__Ascomycota	c__Lecanoromycetes				
OTU4858	k__Fungi						
OTU4859	k__Fungi	p__Chytridiomycota	c__Chytridiomycota_cls_Incertae_sedis	o__Chytridiomycota_ord_Incertae_sedis	f__Chytridiomycota_fam_Incertae_sedis	g__Chytridiomycota_gen_Incertae_sedis	
OTU4860	k__Fungi						
OTU4861	k__Fungi						
OTU4862	k__Fungi						
OTU4863	k__Fungi	p__Ascomycota	c__Dothideomycetes	o__Pleosporales	f__Pleosporaceae	g__Alternaria	s__rosae
OTU4864	k__Fungi						
OTU4865	k__Fungi	p__Ascomycota	c__Dothideomycetes	o__Pleosporales	f__Pleosporaceae	g__Alternaria	s__infectoria
OTU4866	k__Fungi	p__Basidiomycota	c__Agaricomycetes	o__Corticiales	f__Corticiaceae	g__Limonomyces	s__roseipellis
OTU4867	k__Fungi	p__Ascomycota					
OTU4868	k__Fungi						
OTU4869	k__Fungi	p__Ascomycota					
OTU4870	k__Fungi	p__Chytridiomycota					
OTU4871	k__Fungi	p__Ascomycota					
OTU4872	k__Fungi						
OTU4873	k__Fungi						
OTU4874	k__Fungi						
OTU4875	k__Fungi	p__Ascomycota					
OTU4876	k__Fungi	p__Ascomycota	c__Lecanoromycetes				
OTU4877	k__Fungi	p__Ascomycota					
OTU4878	k__Fungi						
OTU4879	k__Fungi	p__Ascomycota	c__Lecanoromycetes				
OTU4880	k__Fungi						
OTU4881	k__Fungi						
OTU4882	k__Fungi						
OTU4883	k__Fungi						
OTU4884	k__Fungi						
OTU4885	k__Fungi	p__Ascomycota	c__Lecanoromycetes				
OTU4886	k__Fungi						
OTU4887	k__Fungi						
OTU4888	k__Fungi	p__Chytridiomycota					
OTU4889	k__Fungi						
OTU4890	k__Fungi	p__Ascomycota	c__Lecanoromycetes	o__Pertusariales	f__Pertusariaceae	g__Pertusaria	s__obruta
OTU4891	k__Fungi						
OTU4892	k__Fungi	p__Ascomycota	c__Lecanoromycetes				
OTU4893	k__Fungi						
OTU4894	k__Fungi	p__Chytridiomycota	c__Chytridiomycota_cls_Incertae_sedis	o__Chytridiomycota_ord_Incertae_sedis	f__Chytridiomycota_fam_Incertae_sedis	g__Chytridiomycota_gen_Incertae_sedis	
OTU4895	k__Fungi						
OTU4896	k__Fungi						
OTU4897	k__Fungi						
OTU4898	k__Fungi	p__Ascomycota	c__Lecanoromycetes				
OTU4899	k__Fungi						
OTU4900	k__Fungi						
OTU4901	k__Fungi	p__Ascomycota					
OTU4902	k__Fungi						
OTU4903	k__Fungi						
OTU4904	k__Fungi	p__Ascomycota	c__Lecanoromycetes	o__Pertusariales	f__Pertusariaceae	g__Pertusaria	s__obruta
OTU4905	k__Fungi						
OTU4906	k__Fungi						
OTU4907	k__Fungi	p__Ascomycota					
OTU4908	k__Fungi						
OTU4909	k__Fungi	p__Chytridiomycota					
OTU4910	k__Fungi	p__Ascomycota					
OTU4911	k__Fungi	p__Ascomycota					
OTU4912	k__Fungi						
OTU4913	k__Fungi						
OTU4914	k__Fungi						
OTU4915	k__Fungi	p__Ascomycota	c__Lecanoromycetes				
OTU4916	k__Fungi	p__Ascomycota					
OTU4917	k__Fungi	p__Ascomycota	c__Lecanoromycetes				
OTU4918	k__Fungi						
OTU4919	k__Fungi	p__Ascomycota	c__Lecanoromycetes				
OTU4920	k__Fungi						
OTU4921	k__Fungi	p__Chytridiomycota					
OTU4922	k__Fungi						
OTU4923	k__Fungi						
OTU4924	k__Fungi	p__Ascomycota	c__Lecanoromycetes				
OTU4925	k__Fungi						
OTU4926	k__Fungi						
OTU4927	k__Fungi	p__Ascomycota					
OTU4928	k__Fungi	p__Ascomycota	c__Lecanoromycetes				
OTU4929	k__Fungi	p__Ascomycota					
OTU4930	k__Fungi						
OTU4931	k__Fungi	p__Chytridiomycota					
OTU4932	k__Fungi						
OTU4933	k__Fungi	p__Chytridiomycota					
OTU4934	k__Fungi	p__Ascomycota					
OTU4935	k__Fungi						
OTU4936	k__Fungi						
OTU4937	k__Fungi	p__Ascomycota	c__Lecanoromycetes				
OTU4938	k__Fungi						
OTU4939	k__Fungi						
OTU4940	k__Fungi	p__Chytridiomycota	c__Chytridiomycota_cls_Incertae_sedis	o__Chytridiomycota_ord_Incertae_sedis	f__Chytridiomycota_fam_Incertae_sedis	g__Chytridiomycota_gen_Incertae_sedis	
OTU4941	k__Fungi	p__Ascomycota					
OTU4942	k__Fungi	p__Ascomycota					
OTU4943	k__Fungi	p__Ascomycota	c__Lecanoromycetes				
OTU4944	k__Fungi						
OTU4945	k__Fungi						
OTU4946	k__Fungi	p__Ascomycota	c__Lecanoromycetes				
OTU4947	k__Fungi						
OTU4948	k__Fungi	p__Ascomycota					
OTU4949	k__Fungi	p__Ascomycota	c__Lecanoromycetes				
OTU4950	k__Fungi	p__Chytridiomycota					
OTU4951	k__Fungi						
OTU4952	k__Fungi	p__Ascomycota					
OTU4953	k__Fungi						
OTU4954	k__Fungi						
OTU4955	k__Fungi	p__Ascomycota	c__Lecanoromycetes				
OTU4956	k__Fungi	p__Chytridiomycota	c__Chytridiomycota_cls_Incertae_sedis	o__Chytridiomycota_ord_Incertae_sedis	f__Chytridiomycota_fam_Incertae_sedis	g__Chytridiomycota_gen_Incertae_sedis	
OTU4957	k__Fungi						
OTU4958	k__Fungi	p__Ascomycota					
OTU4959	k__Fungi	p__Chytridiomycota					
OTU4960	k__Fungi	p__Ascomycota	c__Lecanoromycetes				
OTU4961	k__Fungi	p__Chytridiomycota	c__Chytridiomycota_cls_Incertae_sedis	o__Chytridiomycota_ord_Incertae_sedis	f__Chytridiomycota_fam_Incertae_sedis	g__Chytridiomycota_gen_Incertae_sedis	
OTU4962	k__Fungi	p__Ascomycota					
OTU4963	k__Fungi						
OTU4964	k__Fungi						
OTU4965	k__Fungi	p__Ascomycota					
OTU4966	k__Fungi						
OTU4967	k__Fungi	p__Ascomycota					
OTU4968	k__Fungi	p__Chytridiomycota	c__Chytridiomycota_cls_Incertae_sedis	o__Chytridiomycota_ord_Incertae_sedis	f__Chytridiomycota_fam_Incertae_sedis	g__Chytridiomycota_gen_Incertae_sedis	
OTU4969	k__Fungi	p__Chytridiomycota					
OTU4970	k__Fungi	p__Ascomycota					
OTU4971	k__Fungi	p__Ascomycota	c__Lecanoromycetes				
OTU4972	k__Fungi	p__Chytridiomycota					
OTU4973	k__Fungi						
OTU4974	k__Fungi	p__Ascomycota	c__Lecanoromycetes				
OTU4975	k__Fungi						
OTU4976	k__Fungi	p__Ascomycota					
OTU4977	k__Fungi						
OTU4978	k__Fungi						
OTU4979	k__Fungi	p__Ascomycota	c__Lecanoromycetes				
OTU4980	k__Fungi						
OTU4981	k__Fungi	p__Ascomycota					
OTU4982	k__Fungi	p__Chytridiomycota					
OTU4983	k__Fungi						
OTU4984	k__Fungi	p__Chytridiomycota					
OTU4985	k__Fungi	p__Ascomycota	c__Lecanoromycetes	o__Pertusariales	f__Pertusariaceae	g__Pertusaria	s__obruta
OTU4986	k__Fungi						
OTU4987	k__Fungi						
OTU4988	k__Fungi	p__Ascomycota					
OTU4989	k__Fungi	p__Chytridiomycota	c__Chytridiomycota_cls_Incertae_sedis	o__Chytridiomycota_ord_Incertae_sedis	f__Chytridiomycota_fam_Incertae_sedis	g__Chytridiomycota_gen_Incertae_sedis	
OTU4990	k__Fungi	p__Ascomycota	c__Lecanoromycetes				
OTU4991	k__Fungi						
OTU4992	k__Fungi						
OTU4993	k__Fungi						
OTU4994	k__Fungi	p__Ascomycota	c__Lecanoromycetes	o__Pertusariales	f__Pertusariaceae	g__Pertusaria	s__obruta
OTU4995	k__Fungi	p__Ascomycota	c__Sordariomycetes	o__Xylariales	f__Microdochiaceae	g__Microdochium	s__seminicola
OTU4996	k__Fungi	p__Ascomycota					
OTU4997	k__Fungi	p__Ascomycota	c__Lecanoromycetes				
OTU4998	k__Fungi	p__Ascomycota					
OTU4999	k__Fungi	p__Ascomycota	c__Lecanoromycetes				
OTU5000	k__Fungi	p__Ascomycota					
OTU5001	k__Fungi						
OTU5002	k__Fungi	p__Ascomycota	c__Lecanoromycetes	o__Pertusariales	f__Pertusariaceae	g__Pertusaria	s__obruta
OTU5003	k__Fungi	p__Ascomycota	c__Lecanoromycetes	o__Pertusariales	f__Pertusariaceae	g__Pertusaria	s__obruta
OTU5004	k__Fungi	p__Ascomycota	c__Lecanoromycetes				
OTU5005	k__Fungi	p__Ascomycota					
OTU5006	k__Fungi						
OTU5007	k__Fungi	p__Ascomycota	c__Lecanoromycetes				
OTU5008	k__Fungi	p__Ascomycota	c__Lecanoromycetes				
OTU5009	k__Fungi	p__Ascomycota	c__Lecanoromycetes				
OTU5010	k__Fungi						
OTU5011	k__Fungi						
OTU5012	k__Fungi	p__Ascomycota	c__Lecanoromycetes				
OTU5013	k__Fungi	p__Ascomycota	c__Lecanoromycetes				
OTU5014	k__Fungi						
OTU5015	k__Fungi						
OTU5016	k__Fungi						
OTU5017	k__Fungi						
OTU5018	k__Fungi	p__Ascomycota	c__Lecanoromycetes				
OTU5019	k__Fungi	p__Ascomycota	c__Lecanoromycetes				
OTU5020	k__Fungi						
OTU5021	k__Fungi						
OTU5022	k__Fungi						
OTU5023	k__Fungi	p__Ascomycota	c__Lecanoromycetes				
OTU5024	k__Fungi						
OTU5025	k__Fungi	p__Ascomycota	c__Lecanoromycetes				
OTU5026	k__Fungi	p__Chytridiomycota					
OTU5027	k__Fungi						
OTU5028	k__Fungi						
OTU5029	k__Fungi						
OTU5030	k__Fungi						
OTU5031	k__Fungi	p__Ascomycota					
OTU5032	k__Fungi	p__Ascomycota					
OTU5033	k__Fungi						
OTU5034	k__Fungi						
OTU5035	k__Fungi						
OTU5036	k__Fungi	p__Ascomycota					
OTU5037	k__Fungi	p__Ascomycota	c__Lecanoromycetes				
OTU5038	k__Fungi						
OTU5039	k__Fungi	p__Ascomycota					
OTU5040	k__Fungi						
OTU5041	k__Fungi						
OTU5042	k__Fungi						
OTU5043	k__Fungi	p__Ascomycota					
OTU5044	k__Fungi	p__Ascomycota					
OTU5045	k__Fungi						
OTU5046	k__Fungi						
OTU5047	k__Fungi						
OTU5048	k__Fungi	p__Ascomycota					
OTU5049	k__Fungi	p__Ascomycota	c__Lecanoromycetes				
OTU5050	k__Fungi	p__Ascomycota	c__Lecanoromycetes	o__Graphidales	f__Gomphillaceae	g__Gomphillus	s__calycioides
OTU5051	k__Fungi	p__Ascomycota					
OTU5052	k__Fungi	p__Ascomycota	c__Lecanoromycetes				
OTU5053	k__Fungi						
OTU5054	k__Fungi						
OTU5055	k__Fungi	p__Ascomycota					
OTU5056	k__Fungi						
OTU5057	k__Fungi	p__Chytridiomycota					
OTU5058	k__Fungi	p__Ascomycota					
OTU5059	k__Fungi						
OTU5060	k__Fungi	p__Chytridiomycota	c__Chytridiomycota_cls_Incertae_sedis	o__Chytridiomycota_ord_Incertae_sedis	f__Chytridiomycota_fam_Incertae_sedis	g__Chytridiomycota_gen_Incertae_sedis	
OTU5061	k__Fungi	p__Ascomycota					
OTU5062	k__Fungi	p__Ascomycota	c__Lecanoromycetes	o__Pertusariales	f__Pertusariaceae	g__Pertusaria	s__obruta
OTU5063	k__Fungi						
OTU5064	k__Fungi						
OTU5065	k__Fungi	p__Ascomycota					
OTU5066	k__Fungi						
OTU5067	k__Fungi	p__Chytridiomycota					
OTU5068	k__Fungi						
OTU5069	k__Fungi	p__Ascomycota	c__Lecanoromycetes				
OTU5070	k__Fungi						
OTU5071	k__Fungi	p__Ascomycota	c__Lecanoromycetes	o__Pertusariales	f__Pertusariaceae	g__Pertusaria	s__obruta
OTU5072	k__Fungi	p__Ascomycota	c__Lecanoromycetes				
OTU5073	k__Fungi	p__Chytridiomycota					
OTU5074	k__Fungi	p__Ascomycota					
OTU5075	k__Fungi	p__Ascomycota					
OTU5076	k__Fungi						
OTU5077	k__Fungi						
OTU5078	k__Fungi	p__Ascomycota					
OTU5079	k__Fungi	p__Ascomycota	c__Lecanoromycetes				
OTU5080	k__Fungi						
OTU5081	k__Fungi						
OTU5082	k__Fungi	p__Ascomycota	c__Lecanoromycetes				
OTU5083	k__Fungi	p__Ascomycota	c__Lecanoromycetes				
OTU5084	k__Fungi	p__Ascomycota					
OTU5085	k__Fungi	p__Ascomycota	c__Lecanoromycetes				
OTU5086	k__Fungi						
OTU5087	k__Fungi	p__Chytridiomycota	c__Chytridiomycota_cls_Incertae_sedis	o__Chytridiomycota_ord_Incertae_sedis	f__Chytridiomycota_fam_Incertae_sedis	g__Chytridiomycota_gen_Incertae_sedis	
OTU5088	k__Fungi	p__Ascomycota					
OTU5089	k__Fungi						
OTU5090	k__Fungi	p__Ascomycota	c__Lecanoromycetes				
OTU5091	k__Fungi	p__Ascomycota					
OTU5092	k__Fungi	p__Chytridiomycota					
OTU5093	k__Fungi	p__Ascomycota					
OTU5094	k__Fungi						
OTU5095	k__Fungi	p__Ascomycota	c__Lecanoromycetes				
OTU5096	k__Fungi						
OTU5097	k__Fungi	p__Chytridiomycota					
OTU5098	k__Fungi						
OTU5099	k__Fungi						
OTU5100	k__Fungi	p__Ascomycota					
OTU5101	k__Fungi	p__Ascomycota					
OTU5102	k__Fungi	p__Ascomycota					
OTU5103	k__Fungi	p__Ascomycota	c__Lecanoromycetes				
OTU5104	k__Fungi	p__Chytridiomycota					
OTU5105	k__Fungi						
OTU5106	k__Fungi	p__Ascomycota					
OTU5107	k__Fungi						
OTU5108	k__Fungi						
OTU5109	k__Fungi						
OTU5110	k__Fungi						
OTU5111	k__Fungi	p__Chytridiomycota					
OTU5112	k__Fungi						
OTU5113	k__Fungi	p__Ascomycota					
OTU5114	k__Fungi	p__Chytridiomycota					
OTU5115	k__Fungi						
OTU5116	k__Fungi						
OTU5117	k__Fungi	p__Ascomycota	c__Lecanoromycetes	o__Pertusariales	f__Pertusariaceae	g__Pertusaria	s__obruta
OTU5118	k__Fungi						
OTU5119	k__Fungi	p__Ascomycota					
OTU5120	k__Fungi						
OTU5121	k__Fungi	p__Chytridiomycota	c__Chytridiomycota_cls_Incertae_sedis	o__Chytridiomycota_ord_Incertae_sedis	f__Chytridiomycota_fam_Incertae_sedis	g__Chytridiomycota_gen_Incertae_sedis	
OTU5122	k__Fungi						
OTU5123	k__Fungi	p__Chytridiomycota					
OTU5124	k__Fungi						
OTU5125	k__Fungi	p__Ascomycota	c__Lecanoromycetes	o__Graphidales	f__Gomphillaceae	g__Gomphillus	s__calycioides
OTU5126	k__Fungi						
OTU5127	k__Fungi	p__Ascomycota	c__Lecanoromycetes	o__Pertusariales	f__Pertusariaceae	g__Pertusaria	s__obruta
OTU5128	k__Fungi						
OTU5129	k__Fungi						
OTU5130	k__Fungi						
OTU5131	k__Fungi	p__Chytridiomycota	c__Chytridiomycota_cls_Incertae_sedis	o__Chytridiomycota_ord_Incertae_sedis	f__Chytridiomycota_fam_Incertae_sedis	g__Chytridiomycota_gen_Incertae_sedis	
OTU5132	k__Fungi						
OTU5133	k__Fungi						
OTU5134	k__Fungi	p__Chytridiomycota	c__Chytridiomycota_cls_Incertae_sedis	o__Chytridiomycota_ord_Incertae_sedis	f__Chytridiomycota_fam_Incertae_sedis	g__Chytridiomycota_gen_Incertae_sedis	
OTU5135	k__Fungi						
OTU5136	k__Fungi	p__Ascomycota	c__Lecanoromycetes	o__Graphidales	f__Gomphillaceae	g__Gomphillus	s__calycioides
OTU5137	k__Fungi						
OTU5138	k__Fungi	p__Ascomycota	c__Lecanoromycetes				
OTU5139	k__Fungi	p__Ascomycota					
OTU5140	k__Fungi						
OTU5141	k__Fungi	p__Chytridiomycota	c__Chytridiomycota_cls_Incertae_sedis	o__Chytridiomycota_ord_Incertae_sedis	f__Chytridiomycota_fam_Incertae_sedis	g__Chytridiomycota_gen_Incertae_sedis	
OTU5142	k__Fungi						
OTU5143	k__Fungi	p__Ascomycota					
OTU5144	k__Fungi	p__Ascomycota	c__Lecanoromycetes				
OTU5145	k__Fungi						
OTU5146	k__Fungi	p__Chytridiomycota	c__Chytridiomycota_cls_Incertae_sedis	o__Chytridiomycota_ord_Incertae_sedis	f__Chytridiomycota_fam_Incertae_sedis	g__Chytridiomycota_gen_Incertae_sedis	
OTU5147	k__Fungi	p__Ascomycota	c__Saccharomycetes	o__Saccharomycetales			
OTU5148	k__Fungi						
OTU5149	k__Fungi						
OTU5150	k__Fungi						
OTU5151	k__Fungi	p__Ascomycota	c__Lecanoromycetes	o__Graphidales	f__Gomphillaceae	g__Gomphillus	s__calycioides
OTU5152	k__Fungi	p__Chytridiomycota	c__Chytridiomycota_cls_Incertae_sedis	o__Chytridiomycota_ord_Incertae_sedis	f__Chytridiomycota_fam_Incertae_sedis	g__Chytridiomycota_gen_Incertae_sedis	
OTU5153	k__Fungi						
OTU5154	k__Fungi	p__Ascomycota					
OTU5155	k__Fungi						
OTU5156	k__Fungi	p__Ascomycota					
OTU5157	k__Fungi	p__Ascomycota	c__Lecanoromycetes				
OTU5158	k__Fungi	p__Ascomycota	c__Lecanoromycetes				
OTU5159	k__Fungi	p__Chytridiomycota					
OTU5160	k__Fungi						
OTU5161	k__Fungi	p__Ascomycota					
OTU5162	k__Fungi						
OTU5163	k__Fungi	p__Chytridiomycota					
OTU5164	k__Fungi	p__Ascomycota					
OTU5165	k__Fungi	p__Ascomycota	c__Lecanoromycetes	o__Pertusariales	f__Pertusariaceae	g__Pertusaria	s__obruta
OTU5166	k__Fungi	p__Ascomycota					
OTU5167	k__Fungi	p__Chytridiomycota					
OTU5168	k__Fungi	p__Ascomycota	c__Lecanoromycetes				
OTU5169	k__Fungi						
OTU5170	k__Fungi	p__Ascomycota	c__Lecanoromycetes				
OTU5171	k__Fungi						
OTU5172	k__Fungi						
OTU5173	k__Fungi	p__Ascomycota	c__Lecanoromycetes	o__Graphidales	f__Gomphillaceae	g__Gomphillus	s__calycioides
OTU5174	k__Fungi	p__Ascomycota	c__Lecanoromycetes				
OTU5175	k__Fungi	p__Ascomycota	c__Lecanoromycetes				
OTU5176	k__Fungi						
OTU5177	k__Fungi	p__Ascomycota					
OTU5178	k__Fungi	p__Ascomycota	c__Lecanoromycetes	o__Pertusariales	f__Pertusariaceae	g__Pertusaria	s__obruta
OTU5179	k__Fungi	p__Fungi_phy_Incertae_sedis	c__Fungi_cls_Incertae_sedis	o__Fungi_ord_Incertae_sedis	f__Fungi_fam_Incertae_sedis	g__Fungi_gen_Incertae_sedis	
OTU5180	k__Fungi						
OTU5181	k__Fungi						
OTU5182	k__Fungi	p__Ascomycota					
OTU5183	k__Fungi						
OTU5184	k__Fungi						
OTU5185	k__Fungi	p__Ascomycota	c__Lecanoromycetes	o__Pertusariales	f__Pertusariaceae	g__Pertusaria	s__obruta
OTU5186	k__Fungi						
OTU5187	k__Fungi	p__Ascomycota	c__Lecanoromycetes				
OTU5188	k__Fungi						
OTU5189	k__Fungi	p__Ascomycota					
OTU5190	k__Fungi						
OTU5191	k__Fungi						
OTU5192	k__Fungi	p__Ascomycota					
OTU5193	k__Fungi	p__Ascomycota	c__Lecanoromycetes	o__Pertusariales	f__Pertusariaceae	g__Pertusaria	s__obruta
OTU5194	k__Fungi	p__Ascomycota	c__Lecanoromycetes				
OTU5195	k__Fungi						
OTU5196	k__Fungi						
OTU5197	k__Fungi	p__Chytridiomycota					
OTU5198	k__Fungi						
OTU5199	k__Fungi						
OTU5200	k__Fungi	p__Mucoromycota	c__Mucoromycetes	o__Mucorales	f__Mucoraceae	g__Mucor	s__circinelloides
OTU5201	k__Fungi	p__Ascomycota	c__Lecanoromycetes				
OTU5202	k__Fungi						
OTU5203	k__Fungi						
OTU5204	k__Fungi						
OTU5205	k__Fungi	p__Ascomycota	c__Lecanoromycetes				
OTU5206	k__Fungi	p__Ascomycota	c__Lecanoromycetes	o__Pertusariales	f__Pertusariaceae	g__Pertusaria	s__obruta
OTU5207	k__Fungi	p__Ascomycota	c__Lecanoromycetes				
OTU5208	k__Fungi						
OTU5209	k__Fungi	p__Ascomycota					
OTU5210	k__Fungi						
OTU5211	k__Fungi	p__Ascomycota	c__Lecanoromycetes				
OTU5212	k__Fungi	p__Ascomycota	c__Lecanoromycetes				
OTU5213	k__Fungi						
OTU5214	k__Fungi						
OTU5215	k__Fungi						
OTU5216	k__Fungi						
OTU5217	k__Fungi	p__Ascomycota					
OTU5218	k__Fungi	p__Ascomycota	c__Lecanoromycetes	o__Pertusariales	f__Pertusariaceae	g__Pertusaria	s__obruta
OTU5219	k__Fungi						
OTU5220	k__Fungi						
OTU5221	k__Fungi	p__Ascomycota					
OTU5222	k__Fungi	p__Ascomycota					
OTU5223	k__Fungi	p__Ascomycota					
OTU5224	k__Fungi						
OTU5225	k__Fungi						
OTU5226	k__Fungi	p__Ascomycota	c__Lecanoromycetes				
OTU5227	k__Fungi	p__Ascomycota					
OTU5228	k__Fungi						
OTU5229	k__Fungi						
OTU5230	k__Fungi	p__Ascomycota	c__Lecanoromycetes				
OTU5231	k__Fungi	p__Chytridiomycota	c__Chytridiomycota_cls_Incertae_sedis	o__Chytridiomycota_ord_Incertae_sedis	f__Chytridiomycota_fam_Incertae_sedis	g__Chytridiomycota_gen_Incertae_sedis	
OTU5232	k__Fungi						
OTU5233	k__Fungi	p__Ascomycota	c__Lecanoromycetes				
OTU5234	k__Fungi	p__Ascomycota					
OTU5235	k__Fungi	p__Chytridiomycota	c__Chytridiomycota_cls_Incertae_sedis	o__Chytridiomycota_ord_Incertae_sedis	f__Chytridiomycota_fam_Incertae_sedis	g__Chytridiomycota_gen_Incertae_sedis	
OTU5236	k__Fungi						
OTU5237	k__Fungi	p__Ascomycota	c__Lecanoromycetes				
OTU5238	k__Fungi	p__Ascomycota	c__Lecanoromycetes				
OTU5239	k__Fungi						
OTU5240	k__Fungi	p__Chytridiomycota					
OTU5241	k__Fungi	p__Ascomycota					
OTU5242	k__Fungi	p__Ascomycota					
OTU5243	k__Fungi	p__Ascomycota					
OTU5244	k__Fungi						
OTU5245	k__Fungi	p__Ascomycota	c__Lecanoromycetes				
OTU5246	k__Fungi	p__Ascomycota					
OTU5247	k__Fungi	p__Fungi_phy_Incertae_sedis	c__Fungi_cls_Incertae_sedis	o__Fungi_ord_Incertae_sedis	f__Fungi_fam_Incertae_sedis	g__Fungi_gen_Incertae_sedis	
OTU5248	k__Fungi						
OTU5249	k__Fungi	p__Ascomycota					
OTU5250	k__Fungi						
OTU5251	k__Fungi						
OTU5252	k__Fungi	p__Ascomycota					
OTU5253	k__Fungi						
OTU5254	k__Fungi						
OTU5255	k__Fungi	p__Ascomycota					
OTU5256	k__Fungi						
OTU5257	k__Fungi	p__Ascomycota					
OTU5258	k__Fungi						
OTU5259	k__Fungi	p__Chytridiomycota					
OTU5260	k__Fungi						
OTU5261	k__Fungi	p__Ascomycota					
OTU5262	k__Fungi	p__Ascomycota	c__Dothideomycetes	o__Cladosporiales	f__Cladosporiaceae	g__Cladosporium	s__herbarum
OTU5263	k__Fungi	p__Ascomycota					
OTU5264	k__Fungi						
OTU5265	k__Fungi						
OTU5266	k__Fungi						
OTU5267	k__Fungi	p__Ascomycota					
OTU5268	k__Fungi						
OTU5269	k__Fungi	p__Chytridiomycota	c__Chytridiomycota_cls_Incertae_sedis	o__Chytridiomycota_ord_Incertae_sedis	f__Chytridiomycota_fam_Incertae_sedis	g__Chytridiomycota_gen_Incertae_sedis	
OTU5270	k__Fungi	p__Ascomycota	c__Lecanoromycetes				
OTU5271	k__Fungi	p__Ascomycota					
OTU5272	k__Fungi						
OTU5273	k__Fungi						
OTU5274	k__Fungi						
OTU5275	k__Fungi	p__Ascomycota					
OTU5276	k__Fungi						
OTU5277	k__Fungi						
OTU5278	k__Fungi	p__Chytridiomycota	c__Chytridiomycota_cls_Incertae_sedis	o__Chytridiomycota_ord_Incertae_sedis	f__Chytridiomycota_fam_Incertae_sedis	g__Chytridiomycota_gen_Incertae_sedis	
OTU5279	k__Fungi						
OTU5280	k__Fungi						
OTU5281	k__Fungi						
OTU5282	k__Fungi						
OTU5283	k__Fungi						
OTU5284	k__Fungi	p__Ascomycota	c__Dothideomycetes	o__Pleosporales	f__Pleosporaceae	g__Pyrenophora	s__biseptata
OTU5285	k__Fungi						
OTU5286	k__Fungi						
OTU5287	k__Fungi	p__Ascomycota	c__Lecanoromycetes				
OTU5288	k__Fungi						
OTU5289	k__Fungi	p__Ascomycota	c__Lecanoromycetes				
OTU5290	k__Fungi	p__Ascomycota	c__Lecanoromycetes				
OTU5291	k__Fungi	p__Chytridiomycota	c__Chytridiomycota_cls_Incertae_sedis	o__Chytridiomycota_ord_Incertae_sedis	f__Chytridiomycota_fam_Incertae_sedis	g__Chytridiomycota_gen_Incertae_sedis	
OTU5292	k__Fungi	p__Chytridiomycota	c__Chytridiomycota_cls_Incertae_sedis	o__Chytridiomycota_ord_Incertae_sedis	f__Chytridiomycota_fam_Incertae_sedis	g__Chytridiomycota_gen_Incertae_sedis	
OTU5293	k__Fungi						
OTU5294	k__Fungi						
OTU5295	k__Fungi						
OTU5296	k__Fungi						
OTU5297	k__Fungi						
OTU5298	k__Fungi	p__Ascomycota	c__Lecanoromycetes				
OTU5299	k__Fungi	p__Ascomycota	c__Lecanoromycetes	o__Pertusariales	f__Pertusariaceae	g__Pertusaria	s__obruta
OTU5300	k__Fungi	p__Chytridiomycota					
OTU5301	k__Fungi	p__Chytridiomycota					
OTU5302	k__Fungi						
OTU5303	k__Fungi	p__Chytridiomycota					
OTU5304	k__Fungi						
OTU5305	k__Fungi	p__Ascomycota					
OTU5306	k__Fungi						
OTU5307	k__Fungi						
OTU5308	k__Fungi	p__Ascomycota					
OTU5309	k__Fungi	p__Ascomycota	c__Lecanoromycetes				
OTU5310	k__Fungi	p__Ascomycota					
OTU5311	k__Fungi						
OTU5312	k__Fungi						
OTU5313	k__Fungi						
OTU5314	k__Fungi	p__Chytridiomycota					
OTU5315	k__Fungi	p__Ascomycota	c__Saccharomycetes	o__Saccharomycetales	f__Debaryomycetaceae	g__Debaryomyces	s__hansenii
OTU5316	k__Fungi						
OTU5317	k__Fungi						
OTU5318	k__Fungi						
OTU5319	k__Fungi						
OTU5320	k__Fungi	p__Ascomycota					
OTU5321	k__Fungi	p__Chytridiomycota					
OTU5322	k__Fungi						
OTU5323	k__Fungi	p__Chytridiomycota					
OTU5324	k__Fungi	p__Ascomycota					
OTU5325	k__Fungi	p__Ascomycota					
OTU5326	k__Fungi	p__Ascomycota					
OTU5327	k__Fungi						
OTU5328	k__Fungi	p__Ascomycota					
OTU5329	k__Fungi						
OTU5330	k__Fungi	p__Ascomycota					
OTU5331	k__Fungi	p__Ascomycota	c__Lecanoromycetes				
OTU5332	k__Fungi						
OTU5333	k__Fungi	p__Ascomycota					
OTU5334	k__Fungi						
OTU5335	k__Fungi	p__Ascomycota	c__Lecanoromycetes				
OTU5336	k__Fungi	p__Ascomycota					
OTU5337	k__Fungi						
OTU5338	k__Fungi	p__Ascomycota	c__Lecanoromycetes				
OTU5339	k__Fungi	p__Ascomycota	c__Lecanoromycetes				
OTU5340	k__Fungi	p__Ascomycota					
OTU5341	k__Fungi	p__Ascomycota					
OTU5342	k__Fungi						
OTU5343	k__Fungi						
OTU5344	k__Fungi	p__Ascomycota	c__Lecanoromycetes				
OTU5345	k__Fungi	p__Ascomycota					
OTU5346	k__Fungi						
OTU5347	k__Fungi						
OTU5348	k__Fungi						
OTU5349	k__Fungi	p__Ascomycota	c__Lecanoromycetes	o__Pertusariales	f__Pertusariaceae	g__Pertusaria	s__obruta
OTU5350	k__Fungi						
OTU5351	k__Fungi						
OTU5352	k__Fungi	p__Ascomycota					
OTU5353	k__Fungi	p__Ascomycota	c__Lecanoromycetes	o__Pertusariales	f__Pertusariaceae	g__Pertusaria	s__obruta
OTU5354	k__Fungi	p__Ascomycota	c__Lecanoromycetes				
OTU5355	k__Fungi						
OTU5356	k__Fungi	p__Ascomycota					
OTU5357	k__Fungi						
OTU5358	k__Fungi	p__Ascomycota	c__Lecanoromycetes				
OTU5359	k__Fungi	p__Chytridiomycota					
OTU5360	k__Fungi	p__Ascomycota					
OTU5361	k__Fungi						
OTU5362	k__Fungi	p__Ascomycota					
OTU5363	k__Fungi						
OTU5364	k__Fungi						
OTU5365	k__Fungi						
OTU5366	k__Fungi	p__Ascomycota					
OTU5367	k__Fungi						
OTU5368	k__Fungi						
OTU5369	k__Fungi	p__Ascomycota					
OTU5370	k__Fungi						
OTU5371	k__Fungi						
OTU5372	k__Fungi	p__Ascomycota					
OTU5373	k__Fungi						
OTU5374	k__Fungi						
OTU5375	k__Fungi						
OTU5376	k__Fungi						
OTU5377	k__Fungi						
OTU5378	k__Fungi	p__Ascomycota	c__Lecanoromycetes				
OTU5379	k__Fungi						
OTU5380	k__Fungi						
OTU5381	k__Fungi						
OTU5382	k__Fungi						
OTU5383	k__Fungi						
OTU5384	k__Fungi	p__Ascomycota	c__Lecanoromycetes				
OTU5385	k__Fungi	p__Ascomycota	c__Lecanoromycetes				
OTU5386	k__Fungi						
OTU5387	k__Fungi	p__Fungi_phy_Incertae_sedis	c__Fungi_cls_Incertae_sedis	o__Fungi_ord_Incertae_sedis	f__Fungi_fam_Incertae_sedis	g__Fungi_gen_Incertae_sedis	
OTU5388	k__Fungi						
OTU5389	k__Fungi	p__Ascomycota	c__Lecanoromycetes	o__Pertusariales	f__Pertusariaceae	g__Pertusaria	s__obruta
OTU5390	k__Fungi	p__Ascomycota	c__Lecanoromycetes	o__Graphidales	f__Gomphillaceae	g__Gomphillus	s__calycioides
OTU5391	k__Fungi						
OTU5392	k__Fungi						
OTU5393	k__Fungi						
OTU5394	k__Fungi						
OTU5395	k__Fungi						
OTU5396	k__Fungi	p__Ascomycota					
OTU5397	k__Fungi	p__Ascomycota	c__Lecanoromycetes				
OTU5398	k__Fungi						
OTU5399	k__Fungi						
OTU5400	k__Fungi	p__Ascomycota	c__Lecanoromycetes				
OTU5401	k__Fungi	p__Ascomycota	c__Lecanoromycetes				
OTU5402	k__Fungi	p__Ascomycota	c__Lecanoromycetes				
OTU5403	k__Fungi	p__Ascomycota					
OTU5404	k__Fungi						
OTU5405	k__Fungi	p__Ascomycota	c__Lecanoromycetes				
OTU5406	k__Fungi						
OTU5407	k__Fungi						
OTU5408	k__Fungi	p__Ascomycota					
OTU5409	k__Fungi						
OTU5410	k__Fungi						
OTU5411	k__Fungi	p__Ascomycota	c__Lecanoromycetes				
OTU5412	k__Fungi	p__Chytridiomycota					
OTU5413	k__Fungi						
OTU5414	k__Fungi	p__Chytridiomycota					
OTU5415	k__Fungi	p__Ascomycota					
OTU5416	k__Fungi	p__Ascomycota					
OTU5417	k__Fungi	p__Ascomycota	c__Lecanoromycetes				
OTU5418	k__Fungi	p__Chytridiomycota					
OTU5419	k__Fungi	p__Ascomycota					
OTU5420	k__Fungi	p__Ascomycota					
OTU5421	k__Fungi						
OTU5422	k__Fungi						
OTU5423	k__Fungi	p__Chytridiomycota	c__Chytridiomycota_cls_Incertae_sedis	o__Chytridiomycota_ord_Incertae_sedis	f__Chytridiomycota_fam_Incertae_sedis	g__Chytridiomycota_gen_Incertae_sedis	
OTU5424	k__Fungi	p__Ascomycota					
OTU5425	k__Fungi						
OTU5426	k__Fungi	p__Ascomycota					
OTU5427	k__Fungi	p__Chytridiomycota					
OTU5428	k__Fungi						
OTU5429	k__Fungi	p__Chytridiomycota	c__Chytridiomycota_cls_Incertae_sedis	o__Chytridiomycota_ord_Incertae_sedis	f__Chytridiomycota_fam_Incertae_sedis	g__Chytridiomycota_gen_Incertae_sedis	
OTU5430	k__Fungi						
OTU5431	k__Fungi	p__Ascomycota	c__Lecanoromycetes				
OTU5432	k__Fungi	p__Chytridiomycota					
OTU5433	k__Fungi	p__Chytridiomycota	c__Chytridiomycota_cls_Incertae_sedis	o__Chytridiomycota_ord_Incertae_sedis	f__Chytridiomycota_fam_Incertae_sedis	g__Chytridiomycota_gen_Incertae_sedis	
OTU5434	k__Fungi						
OTU5435	k__Fungi						
OTU5436	k__Fungi						
OTU5437	k__Fungi						
OTU5438	k__Fungi	p__Ascomycota	c__Saccharomycetes	o__Saccharomycetales	f__Metschnikowiaceae	g__Metschnikowia	
OTU5439	k__Fungi	p__Ascomycota					
OTU5440	k__Fungi						
OTU5441	k__Fungi						
OTU5442	k__Fungi	p__Ascomycota					
OTU5443	k__Fungi	p__Ascomycota					
OTU5444	k__Fungi	p__Ascomycota					
OTU5445	k__Fungi	p__Ascomycota					
OTU5446	k__Fungi						
OTU5447	k__Fungi	p__Ascomycota	c__Lecanoromycetes				
OTU5448	k__Fungi						
OTU5449	k__Fungi						
OTU5450	k__Fungi						
OTU5451	k__Fungi						
OTU5452	k__Fungi						
OTU5453	k__Fungi	p__Chytridiomycota	c__Chytridiomycota_cls_Incertae_sedis	o__Chytridiomycota_ord_Incertae_sedis	f__Chytridiomycota_fam_Incertae_sedis	g__Chytridiomycota_gen_Incertae_sedis	
OTU5454	k__Fungi						
OTU5455	k__Fungi						
OTU5456	k__Fungi						
OTU5457	k__Fungi						
OTU5458	k__Fungi	p__Ascomycota					
OTU5459	k__Fungi						
OTU5460	k__Fungi	p__Ascomycota					
OTU5461	k__Fungi						
OTU5462	k__Fungi						
OTU5463	k__Fungi	p__Ascomycota	c__Lecanoromycetes				
OTU5464	k__Fungi	p__Ascomycota	c__Lecanoromycetes				
OTU5465	k__Fungi	p__Ascomycota					
OTU5466	k__Fungi						
OTU5467	k__Fungi	p__Ascomycota					
OTU5468	k__Fungi	p__Ascomycota					
OTU5469	k__Fungi	p__Ascomycota	c__Lecanoromycetes				
OTU5470	k__Fungi						
OTU5471	k__Fungi						
OTU5472	k__Fungi						
OTU5473	k__Fungi	p__Ascomycota	c__Lecanoromycetes				
OTU5474	k__Fungi	p__Ascomycota	c__Lecanoromycetes				
OTU5475	k__Fungi						
OTU5476	k__Fungi						
OTU5477	k__Fungi	p__Ascomycota	c__Lecanoromycetes				
OTU5478	k__Fungi	p__Ascomycota					
OTU5479	k__Fungi						
OTU5480	k__Fungi						
OTU5481	k__Fungi						
OTU5482	k__Fungi	p__Chytridiomycota	c__Chytridiomycota_cls_Incertae_sedis	o__Chytridiomycota_ord_Incertae_sedis			
OTU5483	k__Fungi						
OTU5484	k__Fungi	p__Chytridiomycota					
OTU5485	k__Fungi						
OTU5486	k__Fungi	p__Chytridiomycota					
OTU5487	k__Fungi	p__Basidiomycota	c__Tremellomycetes	o__Filobasidiales	f__Filobasidiaceae	g__Naganishia	s__diffluens
OTU5488	k__Fungi						
OTU5489	k__Fungi	p__Ascomycota					
OTU5490	k__Fungi	p__Chytridiomycota					
OTU5491	k__Fungi	p__Ascomycota	c__Lecanoromycetes				
OTU5492	k__Fungi	p__Ascomycota	c__Lecanoromycetes				
OTU5493	k__Fungi	p__Ascomycota	c__Lecanoromycetes	o__Pertusariales	f__Pertusariaceae	g__Pertusaria	s__obruta
OTU5494	k__Fungi						
OTU5495	k__Fungi	p__Ascomycota					
OTU5496	k__Fungi	p__Chytridiomycota					
OTU5497	k__Fungi						
OTU5498	k__Fungi						
OTU5499	k__Fungi						
OTU5500	k__Fungi						
OTU5501	k__Fungi						
OTU5502	k__Fungi						
OTU5503	k__Fungi	p__Ascomycota					
OTU5504	k__Fungi						
OTU5505	k__Fungi						
OTU5506	k__Fungi	p__Ascomycota	c__Lecanoromycetes				
OTU5507	k__Fungi	p__Chytridiomycota	c__Chytridiomycota_cls_Incertae_sedis	o__Chytridiomycota_ord_Incertae_sedis	f__Chytridiomycota_fam_Incertae_sedis	g__Chytridiomycota_gen_Incertae_sedis	
OTU5508	k__Fungi	p__Ascomycota					
OTU5509	k__Fungi	p__Chytridiomycota					
OTU5510	k__Fungi	p__Chytridiomycota					
OTU5511	k__Fungi	p__Ascomycota					
OTU5512	k__Fungi	p__Ascomycota					
OTU5513	k__Fungi	p__Chytridiomycota					
OTU5514	k__Fungi	p__Ascomycota					
OTU5515	k__Fungi						
OTU5516	k__Fungi						
OTU5517	k__Fungi						
OTU5518	k__Fungi						
OTU5519	k__Fungi						
OTU5520	k__Fungi	p__Ascomycota	c__Lecanoromycetes				
OTU5521	k__Fungi	p__Ascomycota	c__Lecanoromycetes	o__Pertusariales	f__Pertusariaceae	g__Pertusaria	s__obruta
OTU5522	k__Fungi						
OTU5523	k__Fungi						
OTU5524	k__Fungi	p__Ascomycota					
OTU5525	k__Fungi						
OTU5526	k__Fungi	p__Ascomycota					
OTU5527	k__Fungi						
OTU5528	k__Fungi						
OTU5529	k__Fungi						
OTU5530	k__Fungi	p__Ascomycota					
OTU5531	k__Fungi	p__Ascomycota	c__Lecanoromycetes				
OTU5532	k__Fungi						
OTU5533	k__Fungi						
OTU5534	k__Fungi	p__Ascomycota					
OTU5535	k__Fungi						
OTU5536	k__Fungi						
OTU5537	k__Fungi	p__Ascomycota	c__Lecanoromycetes	o__Pertusariales	f__Pertusariaceae	g__Pertusaria	s__obruta
OTU5538	k__Fungi						
OTU5539	k__Fungi	p__Chytridiomycota					
OTU5540	k__Fungi	p__Chytridiomycota					
OTU5541	k__Fungi	p__Ascomycota	c__Saccharomycetes	o__Saccharomycetales			
OTU5542	k__Fungi						
OTU5543	k__Fungi						
OTU5544	k__Fungi						
OTU5545	k__Fungi						
OTU5546	k__Fungi	p__Ascomycota	c__Lecanoromycetes				
OTU5547	k__Fungi	p__Ascomycota	c__Lecanoromycetes	o__Pertusariales	f__Pertusariaceae	g__Pertusaria	s__obruta
OTU5548	k__Fungi	p__Ascomycota	c__Lecanoromycetes				
OTU5549	k__Fungi						
OTU5550	k__Fungi						
OTU5551	k__Fungi	p__Ascomycota	c__Lecanoromycetes				
OTU5552	k__Fungi	p__Chytridiomycota					
OTU5553	k__Fungi	p__Ascomycota					
OTU5554	k__Fungi	p__Ascomycota	c__Lecanoromycetes				
OTU5555	k__Fungi	p__Ascomycota					
OTU5556	k__Fungi	p__Ascomycota					
OTU5557	k__Fungi	p__Ascomycota					
OTU5558	k__Fungi						
OTU5559	k__Fungi	p__Ascomycota	c__Lecanoromycetes				
OTU5560	k__Fungi						
OTU5561	k__Fungi						
OTU5562	k__Fungi						
OTU5563	k__Fungi	p__Ascomycota	c__Lecanoromycetes	o__Pertusariales	f__Pertusariaceae	g__Pertusaria	s__obruta
OTU5564	k__Fungi	p__Ascomycota					
OTU5565	k__Fungi	p__Ascomycota					
OTU5566	k__Fungi	p__Ascomycota	c__Lecanoromycetes	o__Graphidales	f__Gomphillaceae	g__Gomphillus	s__calycioides
OTU5567	k__Fungi						
OTU5568	k__Fungi						
OTU5569	k__Fungi	p__Chytridiomycota	c__Chytridiomycota_cls_Incertae_sedis	o__Chytridiomycota_ord_Incertae_sedis	f__Chytridiomycota_fam_Incertae_sedis	g__Chytridiomycota_gen_Incertae_sedis	
OTU5570	k__Fungi						
OTU5571	k__Fungi						
OTU5572	k__Fungi	p__Ascomycota					
OTU5573	k__Fungi	p__Chytridiomycota					
OTU5574	k__Fungi	p__Ascomycota	c__Lecanoromycetes				
OTU5575	k__Fungi						
OTU5576	k__Fungi						
OTU5577	k__Fungi						
OTU5578	k__Fungi	p__Ascomycota	c__Lecanoromycetes				
OTU5579	k__Fungi						
OTU5580	k__Fungi						
OTU5581	k__Fungi	p__Ascomycota	c__Lecanoromycetes				
OTU5582	k__Fungi						
OTU5583	k__Fungi	p__Ascomycota					
OTU5584	k__Fungi						
OTU5585	k__Fungi	p__Ascomycota	c__Lecanoromycetes				
OTU5586	k__Fungi	p__Ascomycota	c__Dothideomycetes	o__Pleosporales	f__Phaeosphaeriaceae	g__Phaeosphaeria	s__podocarpi
OTU5587	k__Fungi						
OTU5588	k__Fungi						
OTU5589	k__Fungi						
OTU5590	k__Fungi						
OTU5591	k__Fungi	p__Chytridiomycota					
OTU5592	k__Fungi						
OTU5593	k__Fungi	p__Ascomycota					
OTU5594	k__Fungi	p__Chytridiomycota	c__Chytridiomycota_cls_Incertae_sedis	o__Chytridiomycota_ord_Incertae_sedis	f__Chytridiomycota_fam_Incertae_sedis	g__Chytridiomycota_gen_Incertae_sedis	
OTU5595	k__Fungi	p__Chytridiomycota	c__Chytridiomycota_cls_Incertae_sedis	o__Chytridiomycota_ord_Incertae_sedis	f__Chytridiomycota_fam_Incertae_sedis	g__Chytridiomycota_gen_Incertae_sedis	
OTU5596	k__Fungi						
OTU5597	k__Fungi						
OTU5598	k__Fungi						
OTU5599	k__Fungi						
OTU5600	k__Fungi	p__Ascomycota					
OTU5601	k__Fungi						
OTU5602	k__Fungi	p__Ascomycota	c__Lecanoromycetes				
OTU5603	k__Fungi	p__Ascomycota					
OTU5604	k__Fungi						
OTU5605	k__Fungi						
OTU5606	k__Fungi						
OTU5607	k__Fungi						
OTU5608	k__Fungi						
OTU5609	k__Fungi						
OTU5610	k__Fungi						
OTU5611	k__Fungi						
OTU5612	k__Fungi						
OTU5613	k__Fungi						
OTU5614	k__Fungi	p__Ascomycota	c__Lecanoromycetes				
OTU5615	k__Fungi	p__Chytridiomycota					
OTU5616	k__Fungi	p__Ascomycota	c__Lecanoromycetes	o__Pertusariales	f__Pertusariaceae	g__Pertusaria	s__obruta
OTU5617	k__Fungi						
OTU5618	k__Fungi						
OTU5619	k__Fungi						
OTU5620	k__Fungi						
OTU5621	k__Fungi						
OTU5622	k__Fungi						
OTU5623	k__Fungi	p__Ascomycota					
OTU5624	k__Fungi						
OTU5625	k__Fungi	p__Chytridiomycota					
OTU5626	k__Fungi	p__Chytridiomycota	c__Chytridiomycota_cls_Incertae_sedis	o__Chytridiomycota_ord_Incertae_sedis	f__Chytridiomycota_fam_Incertae_sedis	g__Chytridiomycota_gen_Incertae_sedis	
OTU5627	k__Fungi						
OTU5628	k__Fungi						
OTU5629	k__Fungi						
OTU5630	k__Fungi						
OTU5631	k__Fungi	p__Chytridiomycota					
OTU5632	k__Fungi	p__Chytridiomycota					
OTU5633	k__Fungi	p__Ascomycota	c__Lecanoromycetes				
OTU5634	k__Fungi						
OTU5635	k__Fungi						
OTU5636	k__Fungi	p__Ascomycota					
OTU5637	k__Fungi						
OTU5638	k__Fungi	p__Ascomycota	c__Lecanoromycetes				
OTU5639	k__Fungi	p__Ascomycota					
OTU5640	k__Fungi	p__Ascomycota	c__Dothideomycetes	o__Cladosporiales	f__Cladosporiaceae	g__Cladosporium	s__cladosporioides
OTU5641	k__Fungi	p__Chytridiomycota	c__Chytridiomycota_cls_Incertae_sedis	o__Chytridiomycota_ord_Incertae_sedis	f__Chytridiomycota_fam_Incertae_sedis	g__Chytridiomycota_gen_Incertae_sedis	
OTU5642	k__Fungi	p__Ascomycota					
OTU5643	k__Fungi						
OTU5644	k__Fungi	p__Ascomycota	c__Lecanoromycetes	o__Pertusariales	f__Pertusariaceae	g__Pertusaria	s__obruta
OTU5645	k__Fungi	p__Ascomycota	c__Lecanoromycetes	o__Pertusariales	f__Pertusariaceae	g__Pertusaria	s__obruta
OTU5646	k__Fungi						
OTU5647	k__Fungi	p__Chytridiomycota	c__Chytridiomycota_cls_Incertae_sedis	o__Chytridiomycota_ord_Incertae_sedis	f__Chytridiomycota_fam_Incertae_sedis	g__Chytridiomycota_gen_Incertae_sedis	
OTU5648	k__Fungi	p__Ascomycota					
OTU5649	k__Fungi	p__Ascomycota	c__Lecanoromycetes				
OTU5650	k__Fungi	p__Ascomycota	c__Lecanoromycetes				
OTU5651	k__Fungi						
OTU5652	k__Fungi	p__Ascomycota	c__Lecanoromycetes				
OTU5653	k__Fungi	p__Ascomycota	c__Lecanoromycetes				
OTU5654	k__Fungi	p__Ascomycota	c__Lecanoromycetes				
OTU5655	k__Fungi	p__Chytridiomycota					
OTU5656	k__Fungi						
OTU5657	k__Fungi	p__Ascomycota					
OTU5658	k__Fungi						
OTU5659	k__Fungi						
OTU5660	k__Fungi	p__Ascomycota					
OTU5661	k__Fungi						
OTU5662	k__Fungi	p__Ascomycota					
OTU5663	k__Fungi						
OTU5664	k__Fungi	p__Ascomycota	c__Lecanoromycetes				
OTU5665	k__Fungi	p__Ascomycota					
OTU5666	k__Fungi						
OTU5667	k__Fungi	p__Ascomycota					
OTU5668	k__Fungi						
OTU5669	k__Fungi	p__Chytridiomycota					
OTU5670	k__Fungi	p__Chytridiomycota					
OTU5671	k__Fungi	p__Chytridiomycota					
OTU5672	k__Fungi	p__Chytridiomycota					
OTU5673	k__Fungi	p__Chytridiomycota					
OTU5674	k__Fungi	p__Chytridiomycota					
OTU5675	k__Fungi	p__Chytridiomycota					
OTU5676	k__Fungi						
OTU5677	k__Fungi						
OTU5678	k__Fungi	p__Chytridiomycota					
OTU5679	k__Fungi						
OTU5680	k__Fungi						
OTU5681	k__Fungi						
OTU5682	k__Fungi						
OTU5683	k__Fungi						
OTU5684	k__Fungi						
OTU5685	k__Fungi						
OTU5686	k__Fungi	p__Ascomycota					
OTU5687	k__Fungi	p__Chytridiomycota					
OTU5688	k__Fungi	p__Ascomycota					
OTU5689	k__Fungi	p__Ascomycota	c__Lecanoromycetes				
OTU5690	k__Fungi	p__Ascomycota					
OTU5691	k__Fungi						
OTU5692	k__Fungi						
OTU5693	k__Fungi						
OTU5694	k__Fungi						
OTU5695	k__Fungi						
OTU5696	k__Fungi						
OTU5697	k__Fungi						
OTU5698	k__Fungi	p__Chytridiomycota	c__Chytridiomycota_cls_Incertae_sedis	o__Chytridiomycota_ord_Incertae_sedis	f__Chytridiomycota_fam_Incertae_sedis	g__Chytridiomycota_gen_Incertae_sedis	
OTU5699	k__Fungi						
OTU5700	k__Fungi	p__Ascomycota					
OTU5701	k__Fungi						
OTU5702	k__Fungi	p__Ascomycota	c__Lecanoromycetes	o__Pertusariales	f__Pertusariaceae	g__Pertusaria	s__obruta
OTU5703	k__Fungi	p__Ascomycota					
OTU5704	k__Fungi	p__Ascomycota	c__Lecanoromycetes				
OTU5705	k__Fungi						
OTU5706	k__Fungi	p__Ascomycota	c__Lecanoromycetes				
OTU5707	k__Fungi	p__Basidiomycota	c__Agaricomycetes	o__Agaricales	f__Lycoperdaceae	g__Lycoperdon	s__pratense
OTU5708	k__Fungi	p__Ascomycota					
OTU5709	k__Fungi						
OTU5710	k__Fungi	p__Ascomycota					
OTU5711	k__Fungi	p__Chytridiomycota					
OTU5712	k__Fungi						
OTU5713	k__Fungi	p__Chytridiomycota					
OTU5714	k__Fungi						
OTU5715	k__Fungi	p__Ascomycota					
OTU5716	k__Fungi						
OTU5717	k__Fungi						
OTU5718	k__Fungi						
OTU5719	k__Fungi	p__Ascomycota	c__Lecanoromycetes	o__Pertusariales	f__Pertusariaceae	g__Pertusaria	s__obruta
OTU5720	k__Fungi	p__Ascomycota	c__Lecanoromycetes				
OTU5721	k__Fungi	p__Ascomycota	c__Lecanoromycetes				
OTU5722	k__Fungi						
OTU5723	k__Fungi						
OTU5724	k__Fungi	p__Ascomycota					
OTU5725	k__Fungi						
OTU5726	k__Fungi	p__Ascomycota	c__Lecanoromycetes				
OTU5727	k__Fungi	p__Ascomycota	c__Lecanoromycetes				
OTU5728	k__Fungi	p__Chytridiomycota					
OTU5729	k__Fungi						
OTU5730	k__Fungi						
OTU5731	k__Fungi						
OTU5732	k__Fungi	p__Ascomycota					
OTU5733	k__Fungi						
OTU5734	k__Fungi						
OTU5735	k__Fungi	p__Ascomycota					
OTU5736	k__Fungi	p__Ascomycota	c__Lecanoromycetes				
OTU5737	k__Fungi						
OTU5738	k__Fungi						
OTU5739	k__Fungi	p__Ascomycota					
OTU5740	k__Fungi						
OTU5741	k__Fungi						
OTU5742	k__Fungi	p__Ascomycota	c__Lecanoromycetes				
OTU5743	k__Fungi	p__Ascomycota	c__Lecanoromycetes				
OTU5744	k__Fungi	p__Ascomycota	c__Lecanoromycetes				
OTU5745	k__Fungi	p__Ascomycota	c__Lecanoromycetes	o__Pertusariales	f__Pertusariaceae	g__Pertusaria	s__obruta
OTU5746	k__Fungi	p__Ascomycota	c__Lecanoromycetes	o__Pertusariales	f__Pertusariaceae	g__Pertusaria	s__obruta
OTU5747	k__Fungi						
OTU5748	k__Fungi	p__Ascomycota					
OTU5749	k__Fungi						
OTU5750	k__Fungi	p__Chytridiomycota					
OTU5751	k__Fungi	p__Ascomycota					
OTU5752	k__Fungi						
OTU5753	k__Fungi						
OTU5754	k__Fungi	p__Chytridiomycota	c__Chytridiomycota_cls_Incertae_sedis	o__Chytridiomycota_ord_Incertae_sedis	f__Chytridiomycota_fam_Incertae_sedis	g__Chytridiomycota_gen_Incertae_sedis	
OTU5755	k__Fungi	p__Chytridiomycota					
OTU5756	k__Fungi						
OTU5757	k__Fungi	p__Chytridiomycota					
OTU5758	k__Fungi	p__Ascomycota	c__Lecanoromycetes	o__Pertusariales	f__Pertusariaceae	g__Pertusaria	s__obruta
OTU5759	k__Fungi						
OTU5760	k__Fungi						
OTU5761	k__Fungi						
OTU5762	k__Fungi						
OTU5763	k__Fungi	p__Ascomycota	c__Lecanoromycetes				
OTU5764	k__Fungi						
OTU5765	k__Fungi						
OTU5766	k__Fungi						
OTU5767	k__Fungi	p__Chytridiomycota	c__Chytridiomycota_cls_Incertae_sedis	o__Chytridiomycota_ord_Incertae_sedis	f__Chytridiomycota_fam_Incertae_sedis	g__Chytridiomycota_gen_Incertae_sedis	
OTU5768	k__Fungi						
OTU5769	k__Fungi	p__Chytridiomycota	c__Chytridiomycota_cls_Incertae_sedis	o__Chytridiomycota_ord_Incertae_sedis	f__Chytridiomycota_fam_Incertae_sedis	g__Chytridiomycota_gen_Incertae_sedis	
OTU5770	k__Fungi	p__Ascomycota	c__Lecanoromycetes	o__Pertusariales	f__Pertusariaceae	g__Pertusaria	s__obruta
OTU5771	k__Fungi	p__Ascomycota	c__Lecanoromycetes				
OTU5772	k__Fungi	p__Ascomycota	c__Lecanoromycetes				
OTU5773	k__Fungi						
OTU5774	k__Fungi	p__Ascomycota	c__Lecanoromycetes				
OTU5775	k__Fungi	p__Ascomycota					
OTU5776	k__Fungi	p__Ascomycota	c__Lecanoromycetes				
OTU5777	k__Fungi	p__Ascomycota					
OTU5778	k__Fungi	p__Ascomycota					
OTU5779	k__Fungi						
OTU5780	k__Fungi	p__Ascomycota	c__Lecanoromycetes				
OTU5781	k__Fungi						
OTU5782	k__Fungi						
OTU5783	k__Fungi						
OTU5784	k__Fungi	p__Ascomycota	c__Lecanoromycetes				
OTU5785	k__Fungi						
OTU5786	k__Fungi						
OTU5787	k__Fungi						
OTU5788	k__Fungi	p__Ascomycota	c__Lecanoromycetes				
OTU5789	k__Fungi						
OTU5790	k__Fungi						
OTU5791	k__Fungi	p__Ascomycota	c__Lecanoromycetes				
OTU5792	k__Fungi	p__Ascomycota					
OTU5793	k__Fungi	p__Ascomycota					
OTU5794	k__Fungi						
OTU5795	k__Fungi	p__Ascomycota	c__Lecanoromycetes				
OTU5796	k__Fungi						
OTU5797	k__Fungi	p__Ascomycota					
OTU5798	k__Fungi						
OTU5799	k__Fungi	p__Chytridiomycota					
OTU5800	k__Fungi	p__Chytridiomycota					
OTU5801	k__Fungi						
OTU5802	k__Fungi						
OTU5803	k__Fungi	p__Chytridiomycota	c__Chytridiomycota_cls_Incertae_sedis	o__Chytridiomycota_ord_Incertae_sedis	f__Chytridiomycota_fam_Incertae_sedis	g__Chytridiomycota_gen_Incertae_sedis	
OTU5804	k__Fungi	p__Chytridiomycota	c__Chytridiomycota_cls_Incertae_sedis	o__Chytridiomycota_ord_Incertae_sedis	f__Chytridiomycota_fam_Incertae_sedis	g__Chytridiomycota_gen_Incertae_sedis	
OTU5805	k__Fungi	p__Ascomycota					
OTU5806	k__Fungi						
OTU5807	k__Fungi						
OTU5808	k__Fungi						
OTU5809	k__Fungi	p__Ascomycota	c__Lecanoromycetes				
OTU5810	k__Fungi						
OTU5811	k__Fungi	p__Chytridiomycota					
OTU5812	k__Fungi	p__Chytridiomycota					
OTU5813	k__Fungi	p__Ascomycota					
OTU5814	k__Fungi						
OTU5815	k__Fungi						
OTU5816	k__Fungi						
OTU5817	k__Fungi						
OTU5818	k__Fungi	p__Ascomycota					
OTU5819	k__Fungi						
OTU5820	k__Fungi						
OTU5821	k__Fungi	p__Ascomycota	c__Lecanoromycetes				
OTU5822	k__Fungi	p__Chytridiomycota					
OTU5823	k__Fungi						
OTU5824	k__Fungi						
OTU5825	k__Fungi						
OTU5826	k__Fungi	p__Ascomycota					
OTU5827	k__Fungi	p__Ascomycota	c__Lecanoromycetes				
OTU5828	k__Fungi						
OTU5829	k__Fungi						
OTU5830	k__Fungi	p__Ascomycota	c__Lecanoromycetes	o__Pertusariales	f__Pertusariaceae	g__Pertusaria	s__obruta
OTU5831	k__Fungi	p__Ascomycota	c__Lecanoromycetes				
OTU5832	k__Fungi						
OTU5833	k__Fungi						
OTU5834	k__Fungi						
OTU5835	k__Fungi	p__Ascomycota					
OTU5836	k__Fungi						
OTU5837	k__Fungi						
OTU5838	k__Fungi	p__Ascomycota	c__Lecanoromycetes	o__Caliciales	f__Physciaceae	g__Kurokawia	s__palmulata
OTU5839	k__Fungi	p__Ascomycota	c__Lecanoromycetes				
OTU5840	k__Fungi	p__Ascomycota					
OTU5841	k__Fungi	p__Ascomycota					
OTU5842	k__Fungi						
OTU5843	k__Fungi						
OTU5844	k__Fungi	p__Ascomycota					
OTU5845	k__Fungi						
OTU5846	k__Fungi						
OTU5847	k__Fungi	p__Ascomycota	c__Lecanoromycetes				
OTU5848	k__Fungi	p__Ascomycota					
OTU5849	k__Fungi	p__Ascomycota					
OTU5850	k__Fungi						
OTU5851	k__Fungi	p__Ascomycota	c__Lecanoromycetes	o__Pertusariales	f__Pertusariaceae	g__Pertusaria	s__obruta
OTU5852	k__Fungi	p__Ascomycota					
OTU5853	k__Fungi						
OTU5854	k__Fungi	p__Ascomycota	c__Lecanoromycetes				
OTU5855	k__Fungi						
OTU5856	k__Fungi	p__Ascomycota	c__Lecanoromycetes				
OTU5857	k__Fungi	p__Ascomycota					
OTU5858	k__Fungi	p__Ascomycota	c__Lecanoromycetes	o__Pertusariales	f__Pertusariaceae	g__Pertusaria	s__obruta
OTU5859	k__Fungi						
OTU5860	k__Fungi						
OTU5861	k__Fungi	p__Ascomycota					
OTU5862	k__Fungi	p__Ascomycota					
OTU5863	k__Fungi	p__Ascomycota					
OTU5864	k__Fungi	p__Ascomycota	c__Lecanoromycetes				
OTU5865	k__Fungi	p__Chytridiomycota					
OTU5866	k__Fungi	p__Ascomycota					
OTU5867	k__Fungi						
OTU5868	k__Fungi	p__Ascomycota					
OTU5869	k__Fungi						
OTU5870	k__Fungi	p__Ascomycota					
OTU5871	k__Fungi	p__Ascomycota	c__Lecanoromycetes				
OTU5872	k__Fungi	p__Ascomycota	c__Lecanoromycetes				
OTU5873	k__Fungi	p__Chytridiomycota					
OTU5874	k__Fungi	p__Basidiomycota	c__Malasseziomycetes	o__Malasseziales	f__Malasseziaceae	g__Malassezia	s__arunalokei
OTU5875	k__Fungi						
OTU5876	k__Fungi						
OTU5877	k__Fungi						
OTU5878	k__Fungi	p__Ascomycota					
OTU5879	k__Fungi						
OTU5880	k__Fungi	p__Ascomycota					
OTU5881	k__Fungi	p__Ascomycota	c__Lecanoromycetes	o__Pertusariales	f__Pertusariaceae	g__Pertusaria	s__obruta
OTU5882	k__Fungi	p__Ascomycota	c__Lecanoromycetes				
OTU5883	k__Fungi						
OTU5884	k__Fungi						
OTU5885	k__Fungi	p__Ascomycota					
OTU5886	k__Fungi	p__Chytridiomycota	c__Chytridiomycota_cls_Incertae_sedis	o__Chytridiomycota_ord_Incertae_sedis	f__Chytridiomycota_fam_Incertae_sedis	g__Chytridiomycota_gen_Incertae_sedis	
OTU5887	k__Fungi	p__Ascomycota					
OTU5888	k__Fungi	p__Chytridiomycota	c__Chytridiomycota_cls_Incertae_sedis	o__Chytridiomycota_ord_Incertae_sedis	f__Chytridiomycota_fam_Incertae_sedis	g__Chytridiomycota_gen_Incertae_sedis	
OTU5889	k__Fungi						
OTU5890	k__Fungi						
OTU5891	k__Fungi	p__Chytridiomycota					
OTU5892	k__Fungi						
OTU5893	k__Fungi	p__Chytridiomycota	c__Chytridiomycota_cls_Incertae_sedis	o__Chytridiomycota_ord_Incertae_sedis	f__Chytridiomycota_fam_Incertae_sedis	g__Chytridiomycota_gen_Incertae_sedis	
OTU5894	k__Fungi						
OTU5895	k__Fungi	p__Chytridiomycota					
OTU5896	k__Fungi						
OTU5897	k__Fungi	p__Ascomycota					
OTU5898	k__Fungi						
OTU5899	k__Fungi						
OTU5900	k__Fungi	p__Ascomycota					
OTU5901	k__Fungi	p__Ascomycota					
OTU5902	k__Fungi	p__Ascomycota					
OTU5903	k__Fungi	p__Chytridiomycota					
OTU5904	k__Fungi						
OTU5905	k__Fungi						
OTU5906	k__Fungi						
OTU5907	k__Fungi	p__Basidiomycota	c__Malasseziomycetes	o__Malasseziales	f__Malasseziaceae	g__Malassezia	s__restricta
OTU5908	k__Fungi						
OTU5909	k__Fungi						
OTU5910	k__Fungi						
OTU5911	k__Fungi	p__Ascomycota					
OTU5912	k__Fungi						
OTU5913	k__Fungi						
OTU5914	k__Fungi	p__Ascomycota	c__Lecanoromycetes	o__Pertusariales	f__Pertusariaceae	g__Pertusaria	s__obruta
OTU5915	k__Fungi						
OTU5916	k__Fungi						
OTU5917	k__Fungi	p__Ascomycota					
OTU5918	k__Fungi	p__Ascomycota					
OTU5919	k__Fungi						
OTU5920	k__Fungi						
OTU5921	k__Fungi	p__Ascomycota					
OTU5922	k__Fungi						
OTU5923	k__Fungi	p__Ascomycota	c__Lecanoromycetes	o__Graphidales	f__Gomphillaceae	g__Gomphillus	s__calycioides
OTU5924	k__Fungi	p__Ascomycota	c__Lecanoromycetes				
OTU5925	k__Fungi	p__Chytridiomycota					
OTU5926	k__Fungi	p__Chytridiomycota					
OTU5927	k__Fungi						
OTU5928	k__Fungi	p__Ascomycota	c__Lecanoromycetes				
OTU5929	k__Fungi						
OTU5930	k__Fungi						
OTU5931	k__Fungi	p__Ascomycota	c__Lecanoromycetes	o__Pertusariales	f__Pertusariaceae	g__Pertusaria	s__obruta
OTU5932	k__Fungi						
OTU5933	k__Fungi	p__Ascomycota					
OTU5934	k__Fungi	p__Ascomycota					
OTU5935	k__Fungi						
OTU5936	k__Fungi	p__Ascomycota	c__Lecanoromycetes	o__Caliciales	f__Physciaceae	g__Kurokawia	s__palmulata
OTU5937	k__Fungi	p__Ascomycota	c__Lecanoromycetes				
OTU5938	k__Fungi						
OTU5939	k__Fungi	p__Ascomycota					
OTU5940	k__Fungi	p__Ascomycota					
OTU5941	k__Fungi	p__Ascomycota	c__Lecanoromycetes				
OTU5942	k__Fungi	p__Ascomycota	c__Lecanoromycetes	o__Pertusariales	f__Pertusariaceae	g__Pertusaria	s__obruta
OTU5943	k__Fungi						
OTU5944	k__Fungi	p__Ascomycota	c__Lecanoromycetes	o__Pertusariales	f__Pertusariaceae	g__Pertusaria	s__obruta
OTU5945	k__Fungi						
OTU5946	k__Fungi	p__Ascomycota	c__Lecanoromycetes				
OTU5947	k__Fungi						
OTU5948	k__Fungi	p__Chytridiomycota					
OTU5949	k__Fungi	p__Ascomycota	c__Lecanoromycetes				
OTU5950	k__Fungi	p__Ascomycota					
OTU5951	k__Fungi	p__Ascomycota	c__Lecanoromycetes				
OTU5952	k__Fungi	p__Ascomycota					
OTU5953	k__Fungi						
OTU5954	k__Fungi						
OTU5955	k__Fungi	p__Chytridiomycota	c__Chytridiomycota_cls_Incertae_sedis	o__Chytridiomycota_ord_Incertae_sedis	f__Chytridiomycota_fam_Incertae_sedis	g__Chytridiomycota_gen_Incertae_sedis	
OTU5956	k__Fungi	p__Ascomycota					
OTU5957	k__Fungi	p__Chytridiomycota					
OTU5958	k__Fungi	p__Ascomycota					
OTU5959	k__Fungi	p__Chytridiomycota					
OTU5960	k__Fungi						
OTU5961	k__Fungi						
OTU5962	k__Fungi	p__Ascomycota					
OTU5963	k__Fungi	p__Ascomycota					
OTU5964	k__Fungi	p__Chytridiomycota	c__Chytridiomycota_cls_Incertae_sedis	o__Chytridiomycota_ord_Incertae_sedis	f__Chytridiomycota_fam_Incertae_sedis	g__Chytridiomycota_gen_Incertae_sedis	
OTU5965	k__Fungi	p__Ascomycota					
OTU5966	k__Fungi	p__Ascomycota					
OTU5967	k__Fungi	p__Chytridiomycota					
OTU5968	k__Fungi	p__Ascomycota	c__Lecanoromycetes				
OTU5969	k__Fungi	p__Ascomycota	c__Lecanoromycetes				
OTU5970	k__Fungi	p__Ascomycota	c__Lecanoromycetes				
OTU5971	k__Fungi						
OTU5972	k__Fungi						
OTU5973	k__Fungi						
OTU5974	k__Fungi	p__Chytridiomycota					
OTU5975	k__Fungi	p__Ascomycota					
OTU5976	k__Fungi	p__Ascomycota	c__Lecanoromycetes				
OTU5977	k__Fungi	p__Chytridiomycota					
OTU5978	k__Fungi	p__Ascomycota					
OTU5979	k__Fungi						
OTU5980	k__Fungi	p__Ascomycota					
OTU5981	k__Fungi	p__Ascomycota					
OTU5982	k__Fungi	p__Chytridiomycota	c__Chytridiomycota_cls_Incertae_sedis	o__Chytridiomycota_ord_Incertae_sedis	f__Chytridiomycota_fam_Incertae_sedis	g__Chytridiomycota_gen_Incertae_sedis	
OTU5983	k__Fungi	p__Ascomycota					
OTU5984	k__Fungi	p__Chytridiomycota					
OTU5985	k__Fungi	p__Chytridiomycota	c__Chytridiomycota_cls_Incertae_sedis	o__Chytridiomycota_ord_Incertae_sedis	f__Chytridiomycota_fam_Incertae_sedis	g__Chytridiomycota_gen_Incertae_sedis	
OTU5986	k__Fungi	p__Ascomycota	c__Lecanoromycetes				
OTU5987	k__Fungi	p__Chytridiomycota	c__Chytridiomycota_cls_Incertae_sedis	o__Chytridiomycota_ord_Incertae_sedis	f__Chytridiomycota_fam_Incertae_sedis	g__Chytridiomycota_gen_Incertae_sedis	
OTU5988	k__Fungi						
OTU5989	k__Fungi						
OTU5990	k__Fungi						
OTU5991	k__Fungi	p__Ascomycota	c__Lecanoromycetes				
OTU5992	k__Fungi	p__Ascomycota					
OTU5993	k__Fungi	p__Ascomycota	c__Lecanoromycetes				
OTU5994	k__Fungi						
OTU5995	k__Fungi						
OTU5996	k__Fungi	p__Ascomycota	c__Lecanoromycetes				
OTU5997	k__Fungi						
OTU5998	k__Fungi	p__Chytridiomycota					
OTU5999	k__Fungi	p__Chytridiomycota					
OTU6000	k__Fungi						
OTU6001	k__Fungi	p__Ascomycota	c__Lecanoromycetes	o__Pertusariales	f__Pertusariaceae	g__Pertusaria	s__obruta
OTU6002	k__Fungi						
OTU6003	k__Fungi	p__Chytridiomycota					
OTU6004	k__Fungi	p__Ascomycota	c__Lecanoromycetes				
OTU6005	k__Fungi						
OTU6006	k__Fungi	p__Ascomycota	c__Lecanoromycetes				
OTU6007	k__Fungi						
OTU6008	k__Fungi	p__Ascomycota	c__Lecanoromycetes	o__Pertusariales	f__Pertusariaceae	g__Pertusaria	s__obruta
OTU6009	k__Fungi						
OTU6010	k__Fungi	p__Ascomycota					
OTU6011	k__Fungi	p__Ascomycota	c__Lecanoromycetes				
OTU6012	k__Fungi						
OTU6013	k__Fungi						
OTU6014	k__Fungi	p__Ascomycota	c__Lecanoromycetes				
OTU6015	k__Fungi	p__Chytridiomycota					
OTU6016	k__Fungi						
OTU6017	k__Fungi	p__Ascomycota					
OTU6018	k__Fungi	p__Ascomycota	c__Dothideomycetes	o__Pleosporales	f__Pleosporaceae	g__Alternaria	s__eureka
OTU6019	k__Fungi	p__Ascomycota					
OTU6020	k__Fungi	p__Ascomycota	c__Lecanoromycetes				
OTU6021	k__Fungi						
OTU6022	k__Fungi	p__Ascomycota	c__Lecanoromycetes				
OTU6023	k__Fungi						
OTU6024	k__Fungi	p__Ascomycota	c__Lecanoromycetes				
OTU6025	k__Fungi						
OTU6026	k__Fungi	p__Ascomycota	c__Lecanoromycetes				
OTU6027	k__Fungi	p__Chytridiomycota					
OTU6028	k__Fungi						
OTU6029	k__Fungi	p__Ascomycota					
OTU6030	k__Fungi						
OTU6031	k__Fungi	p__Chytridiomycota					
OTU6032	k__Fungi	p__Ascomycota	c__Lecanoromycetes				
OTU6033	k__Fungi						
OTU6034	k__Fungi						
OTU6035	k__Fungi	p__Ascomycota					
OTU6036	k__Fungi						
OTU6037	k__Fungi						
OTU6038	k__Fungi						
OTU6039	k__Fungi	p__Ascomycota					
OTU6040	k__Fungi	p__Ascomycota					
OTU6041	k__Fungi	p__Ascomycota	c__Lecanoromycetes	o__Pertusariales	f__Pertusariaceae	g__Pertusaria	s__obruta
OTU6042	k__Fungi						
OTU6043	k__Fungi						
OTU6044	k__Fungi						
OTU6045	k__Fungi	p__Ascomycota	c__Lecanoromycetes	o__Pertusariales	f__Pertusariaceae	g__Pertusaria	s__obruta
OTU6046	k__Fungi	p__Ascomycota	c__Lecanoromycetes				
OTU6047	k__Fungi						
OTU6048	k__Fungi	p__Chytridiomycota					
OTU6049	k__Fungi	p__Ascomycota	c__Lecanoromycetes	o__Pertusariales	f__Pertusariaceae	g__Pertusaria	s__obruta
OTU6050	k__Fungi	p__Ascomycota	c__Saccharomycetes	o__Saccharomycetales	f__Saccharomycetales_fam_Incertae_sedis	g__Candida	s__albicans
OTU6051	k__Fungi						
OTU6052	k__Fungi						
OTU6053	k__Fungi	p__Ascomycota					
OTU6054	k__Fungi	p__Ascomycota					
OTU6055	k__Fungi						
OTU6056	k__Fungi						
OTU6057	k__Fungi	p__Ascomycota	c__Lecanoromycetes				
OTU6058	k__Fungi	p__Chytridiomycota	c__Chytridiomycota_cls_Incertae_sedis	o__Chytridiomycota_ord_Incertae_sedis	f__Chytridiomycota_fam_Incertae_sedis	g__Chytridiomycota_gen_Incertae_sedis	
OTU6059	k__Fungi						
OTU6060	k__Fungi						
OTU6061	k__Fungi						
OTU6062	k__Fungi						
OTU6063	k__Fungi	p__Chytridiomycota					
OTU6064	k__Fungi	p__Ascomycota	c__Saccharomycetes	o__Saccharomycetales	f__Saccharomycetales_fam_Incertae_sedis	g__Candida	
OTU6065	k__Fungi						
OTU6066	k__Fungi	p__Ascomycota	c__Laboulbeniomycetes	o__Pyxidiophorales	f__Pyxidiophoraceae	g__Pyxidiophora	s__arvernensis
OTU6067	k__Fungi	p__Chytridiomycota					
OTU6068	k__Fungi						
OTU6069	k__Fungi	p__Ascomycota					
OTU6070	k__Fungi	p__Ascomycota					
OTU6071	k__Fungi	p__Ascomycota					
OTU6072	k__Fungi	p__Ascomycota					
OTU6073	k__Fungi						
OTU6074	k__Fungi						
OTU6075	k__Fungi						
OTU6076	k__Fungi	p__Ascomycota					
OTU6077	k__Fungi	p__Ascomycota					
OTU6078	k__Fungi	p__Ascomycota					
OTU6079	k__Fungi	p__Ascomycota					
OTU6080	k__Fungi						
OTU6081	k__Fungi	p__Ascomycota					
OTU6082	k__Fungi	p__Ascomycota					
OTU6083	k__Fungi						
OTU6084	k__Fungi						
OTU6085	k__Fungi	p__Ascomycota	c__Lecanoromycetes				
OTU6086	k__Fungi						
OTU6087	k__Fungi						
OTU6088	k__Fungi	p__Chytridiomycota					
OTU6089	k__Fungi	p__Ascomycota					
OTU6090	k__Fungi						
OTU6091	k__Fungi	p__Chytridiomycota					
OTU6092	k__Fungi	p__Chytridiomycota					
OTU6093	k__Fungi	p__Ascomycota					
OTU6094	k__Fungi						
OTU6095	k__Fungi	p__Ascomycota					
OTU6096	k__Fungi						
OTU6097	k__Fungi						
OTU6098	k__Fungi	p__Ascomycota					
OTU6099	k__Fungi						
OTU6100	k__Fungi						
OTU6101	k__Fungi	p__Ascomycota	c__Lecanoromycetes				
OTU6102	k__Fungi	p__Ascomycota	c__Lecanoromycetes				
OTU6103	k__Fungi	p__Ascomycota	c__Dothideomycetes	o__Pleosporales	f__Leptosphaeriaceae	g__Sphaerellopsis	s__paraphysata
OTU6104	k__Fungi	p__Chytridiomycota					
OTU6105	k__Fungi	p__Ascomycota	c__Lecanoromycetes				
OTU6106	k__Fungi	p__Ascomycota	c__Lecanoromycetes				
OTU6107	k__Fungi						
OTU6108	k__Fungi	p__Ascomycota					
OTU6109	k__Fungi	p__Ascomycota	c__Lecanoromycetes				
OTU6110	k__Fungi						
OTU6111	k__Fungi	p__Ascomycota	c__Lecanoromycetes				
OTU6112	k__Fungi	p__Ascomycota	c__Lecanoromycetes				
OTU6113	k__Fungi	p__Ascomycota	c__Lecanoromycetes				
OTU6114	k__Fungi	p__Ascomycota	c__Lecanoromycetes				
OTU6115	k__Fungi	p__Ascomycota					
OTU6116	k__Fungi	p__Ascomycota	c__Lecanoromycetes				
OTU6117	k__Fungi						
OTU6118	k__Fungi						
OTU6119	k__Fungi						
OTU6120	k__Fungi	p__Ascomycota	c__Lecanoromycetes				
OTU6121	k__Fungi						
OTU6122	k__Fungi						
OTU6123	k__Fungi	p__Ascomycota	c__Lecanoromycetes				
OTU6124	k__Fungi	p__Chytridiomycota					
OTU6125	k__Fungi						
OTU6126	k__Fungi						
OTU6127	k__Fungi						
OTU6128	k__Fungi	p__Ascomycota	c__Dothideomycetes	o__Dothideales	f__Saccotheciaceae		
OTU6129	k__Fungi						
OTU6130	k__Fungi	p__Chytridiomycota					
OTU6131	k__Fungi						
OTU6132	k__Fungi	p__Ascomycota					
OTU6133	k__Fungi						
OTU6134	k__Fungi	p__Ascomycota					
OTU6135	k__Fungi	p__Chytridiomycota					
OTU6136	k__Fungi						
OTU6137	k__Fungi	p__Ascomycota	c__Lecanoromycetes	o__Pertusariales	f__Pertusariaceae	g__Pertusaria	s__obruta
OTU6138	k__Fungi						
OTU6139	k__Fungi	p__Chytridiomycota					
OTU6140	k__Fungi						
OTU6141	k__Fungi						
OTU6142	k__Fungi						
OTU6143	k__Fungi	p__Ascomycota					
OTU6144	k__Fungi	p__Ascomycota	c__Lecanoromycetes	o__Pertusariales	f__Pertusariaceae	g__Pertusaria	s__obruta
OTU6145	k__Fungi						
OTU6146	k__Fungi	p__Ascomycota					
OTU6147	k__Fungi						
OTU6148	k__Fungi						
OTU6149	k__Fungi						
OTU6150	k__Fungi						
OTU6151	k__Fungi	p__Ascomycota					
OTU6152	k__Fungi						
OTU6153	k__Fungi	p__Ascomycota	c__Dothideomycetes	o__Pleosporales	f__Pleosporaceae	g__Stemphylium	s__halophilum
OTU6154	k__Fungi	p__Ascomycota	c__Dothideomycetes	o__Pleosporales	f__Pleosporaceae	g__Alternaria	s__arborescens
OTU6155	k__Fungi	p__Ascomycota					
OTU6156	k__Fungi						
OTU6157	k__Fungi						
OTU6158	k__Fungi						
